[Licensing::Module] Trying to connect to existing licensing client channel...
Built from '6000.2/respin/6000.2.8f1-e4064264ae96' branch; Version is '6000.2.8f1 (c9992ac36c34) revision 13211946'; Using compiler version '194234433'; Build Type 'Release'
[Licensing::IpcConnector] Successfully connected to: "LicenseClient-Alex" at "2025-10-22T13:32:24.2724103Z"
OS: 'Windows 10  (10.0.19045) 64bit Education' Language: 'en' Physical Memory: 14188 MB
BatchMode: 1, IsHumanControllingUs: 0, StartBugReporterOnCrash: 0, Is64bit: 1
Date: 2025-10-22T13:32:24Z

COMMAND LINE ARGUMENTS:
C:\Program Files\Unity\Hub\Editor\6000.2.8f1\Editor\Unity.exe
-adb2
-batchMode
-noUpm
-name
AssetImportWorker1
-projectPath
C:/Projects/IMadeABug/NextGame
-logFile
Logs/AssetImportWorker1.log
-srvPort
51185
-licensingIpc
LicenseClient-Alex
-job-worker-count
7
-background-job-worker-count
8
-gc-helper-count
1
-name
AssetImport
Successfully changed project path to: C:/Projects/IMadeABug/NextGame
C:/Projects/IMadeABug/NextGame
[UnityMemory] Configuration Parameters - Can be set up in boot.config
    "memorysetup-allocator-temp-initial-block-size-main=262144"
    "memorysetup-allocator-temp-initial-block-size-worker=262144"
    "memorysetup-bucket-allocator-granularity=16"
    "memorysetup-bucket-allocator-bucket-count=8"
    "memorysetup-bucket-allocator-block-size=33554432"
    "memorysetup-bucket-allocator-block-count=8"
    "memorysetup-main-allocator-block-size=16777216"
    "memorysetup-thread-allocator-block-size=16777216"
    "memorysetup-gfx-main-allocator-block-size=16777216"
    "memorysetup-gfx-thread-allocator-block-size=16777216"
    "memorysetup-cache-allocator-block-size=4194304"
    "memorysetup-typetree-allocator-block-size=2097152"
    "memorysetup-profiler-bucket-allocator-granularity=16"
    "memorysetup-profiler-bucket-allocator-bucket-count=8"
    "memorysetup-profiler-bucket-allocator-block-size=33554432"
    "memorysetup-profiler-bucket-allocator-block-count=8"
    "memorysetup-profiler-allocator-block-size=16777216"
    "memorysetup-profiler-editor-allocator-block-size=1048576"
    "memorysetup-temp-allocator-size-main=16777216"
    "memorysetup-job-temp-allocator-block-size=2097152"
    "memorysetup-job-temp-allocator-block-size-background=1048576"
    "memorysetup-job-temp-allocator-reduction-small-platforms=262144"
    "memorysetup-temp-allocator-size-background-worker=32768"
    "memorysetup-temp-allocator-size-job-worker=262144"
    "memorysetup-temp-allocator-size-preload-manager=33554432"
    "memorysetup-temp-allocator-size-nav-mesh-worker=65536"
    "memorysetup-temp-allocator-size-audio-worker=65536"
    "memorysetup-temp-allocator-size-cloud-worker=32768"
    "memorysetup-temp-allocator-size-gi-baking-worker=262144"
    "memorysetup-temp-allocator-size-gi-baking-worker=262144"
    "memorysetup-temp-allocator-size-gi-baking-worker=262144"
    "memorysetup-temp-allocator-size-gi-baking-worker=262144"
    "memorysetup-temp-allocator-size-gi-baking-worker=262144"
    "memorysetup-temp-allocator-size-gfx=262144"
Player connection [5020]  Target information:

Player connection [5020]  * "[IP] 192.168.1.112 [Port] 0 [Flags] 2 [Guid] 314958449 [EditorId] 314958449 [Version] 1048832 [Id] WindowsEditor(7,DESKTOP-03TCB66) [Debug] 1 [PackageName] WindowsEditor [ProjectName] Editor" 

Player connection [5020] Host joined multi-casting on [225.0.0.222:54997]...
Player connection [5020] Host joined alternative multi-casting on [225.0.0.222:34997]...
JobSystem: Creating JobQueue using job-worker-count value 7
Input System module state changed to: Initialized.
[Physics::Module] Initialized fallback backend.
[Physics::Module] Id: 0xdecafbad
[Licensing::Client] Code 10 while verifying Licensing Client signature (process Id: 1460, path: "C:/Program Files/Unity Hub/UnityLicensingClient_V1/Unity.Licensing.Client.exe")
[Licensing::Module] LicensingClient has failed validation; ignoring
[Licensing::Client] Handshaking with LicensingClient:
  Version:                 1.17.3+a4e98f1
  Session Id:              f439adc6a4ad414796a38df1d1e7f194
  Correlation Id:          88772166087d9d6a352cee585c3cebb5
  External correlation Id: 4270152600422433676
  Machine Id:              71G6J/UZ86scWB+dwwiFx5AVkFw=
[Licensing::Module] Successfully connected to LicensingClient on channel: "LicenseClient-Alex" (connect: 0.00s, validation: 0.00s, handshake: 0.03s)
[Licensing::IpcConnector] Successfully connected to: "LicenseClient-Alex-notifications" at "2025-10-22T13:32:24.3061594Z"
[Licensing::Module] Licensing Background thread has ended after 0.03s
Library Redirect Path: Library/
[Physics::Module] Selected backend.
[Physics::Module] Name: PhysX
[Physics::Module] Id: 0xf2b8ea05
[Physics::Module] SDK Version: 4.1.2
[Physics::Module] Integration Version: 1.0.0
[Physics::Module] Threading Mode: Multi-Threaded
ETC Legacy compression has been deprecated and will be removed in a future release. You can review compressors in "Project Settings > Editor > Texture Compressors".
[Licensing::Client] Successfully resolved entitlement details
[Licensing::Module] License group:
  Id: 6872212463810-UnityPersXXXX
  Product: Unity Personal
  Type: Assigned
  Expiration: Unlimited
Refreshing native plugins compatible for Editor in 9.97 ms, found 2 plugins.
Preloading 0 native plugins for Editor in 0.00 ms.
Initialize engine version: 6000.2.8f1 (c9992ac36c34)
[Subsystems] Discovering subsystems at path C:/Program Files/Unity/Hub/Editor/6000.2.8f1/Editor/Data/Resources/UnitySubsystems
[Subsystems] Discovering subsystems at path C:/Projects/IMadeABug/NextGame/Assets
GfxDevice: creating device client; kGfxThreadingModeNonThreaded
Direct3D:
    Version:  Direct3D 11.0 [level 11.1]
    Renderer: NVIDIA GeForce RTX 3050 Laptop GPU (ID=0x25a2)
    Vendor:   NVIDIA
    VRAM:     3965 MB
    Driver:   32.0.15.6603
Initialize mono
Mono path[0] = 'C:/Program Files/Unity/Hub/Editor/6000.2.8f1/Editor/Data/Managed'
Mono path[1] = 'C:/Program Files/Unity/Hub/Editor/6000.2.8f1/Editor/Data/MonoBleedingEdge/lib/mono/unityjit-win32'
Mono config path = 'C:/Program Files/Unity/Hub/Editor/6000.2.8f1/Editor/Data/MonoBleedingEdge/etc'
Using monoOptions --debugger-agent=transport=dt_socket,embedding=1,server=y,suspend=n,address=127.0.0.1:56064
Begin MonoManager ReloadAssembly
Registering precompiled unity dll's ...
Register platform support module: C:/Program Files/Unity/Hub/Editor/6000.2.8f1/Editor/Data/PlaybackEngines/WindowsStandaloneSupport/UnityEditor.WindowsStandalone.Extensions.dll
Register platform support module: C:/Program Files/Unity/Hub/Editor/6000.2.8f1/Editor/Data/PlaybackEngines/AndroidPlayer/UnityEditor.Android.Extensions.dll
[Licensing::Client] Successfully resolved entitlement details
Register platform support module: C:/Program Files/Unity/Hub/Editor/6000.2.8f1/Editor/Data/PlaybackEngines/iOSSupport/UnityEditor.iOS.Extensions.dll
Registered in 0.004314 seconds.
- Loaded All Assemblies, in  0.401 seconds
[usbmuxd] Start listen thread
[usbmuxd] Listen thread started
Native extension for iOS target not found
Native extension for Android target not found
Android Extension - Scanning For ADB Devices 239 ms
Native extension for WindowsStandalone target not found
Mono: successfully reloaded assembly
- Finished resetting the current domain, in  0.659 seconds
Domain Reload Profiling: 1058ms
	BeginReloadAssembly (132ms)
		ExecutionOrderSort (0ms)
		DisableScriptedObjects (0ms)
		BackupInstance (0ms)
		ReleaseScriptingObjects (0ms)
		CreateAndSetChildDomain (1ms)
	RebuildCommonClasses (37ms)
	RebuildNativeTypeToScriptingClass (11ms)
	initialDomainReloadingComplete (53ms)
	LoadAllAssembliesAndSetupDomain (166ms)
		LoadAssemblies (130ms)
		RebuildTransferFunctionScriptingTraits (0ms)
		AnalyzeDomain (162ms)
			TypeCache.Refresh (160ms)
				TypeCache.ScanAssembly (148ms)
			BuildScriptInfoCaches (0ms)
			ResolveRequiredComponents (1ms)
	FinalizeReload (659ms)
		ReleaseScriptCaches (0ms)
		RebuildScriptCaches (0ms)
		SetupLoadedEditorAssemblies (617ms)
			LogAssemblyErrors (0ms)
			InitializePlatformSupportModulesInManaged (358ms)
			SetLoadedEditorAssemblies (4ms)
			BeforeProcessingInitializeOnLoad (67ms)
			ProcessInitializeOnLoadAttributes (127ms)
			ProcessInitializeOnLoadMethodAttributes (61ms)
			AfterProcessingInitializeOnLoad (0ms)
			EditorAssembliesLoaded (0ms)
		ExecutionOrderSort2 (0ms)
		AwakeInstancesAfterBackupRestoration (0ms)
========================================================================
Worker process is ready to serve import requests
Import Worker Mode flag is 0x00
Begin MonoManager ReloadAssembly
[Licensing::Client] Successfully resolved entitlement details
Symbol file LoadedFromMemory is not a mono symbol file
- Loaded All Assemblies, in  0.788 seconds
Refreshing native plugins compatible for Editor in 9.86 ms, found 2 plugins.
Native extension for iOS target not found
Native extension for Android target not found
Native extension for WindowsStandalone target not found
Package Manager log level set to [2]
[Package Manager] Failed to launch server process. Reason: Unity was launched with the -noUpm command-line argument
[Package Manager] Unable to send message (not connected to server process).
[Package Manager] Cannot connect to Unity Package Manager local server
Mono: successfully reloaded assembly
- Finished resetting the current domain, in  0.772 seconds
Domain Reload Profiling: 1555ms
	BeginReloadAssembly (193ms)
		ExecutionOrderSort (0ms)
		DisableScriptedObjects (7ms)
		BackupInstance (0ms)
		ReleaseScriptingObjects (0ms)
		CreateAndSetChildDomain (35ms)
	RebuildCommonClasses (46ms)
	RebuildNativeTypeToScriptingClass (12ms)
	initialDomainReloadingComplete (51ms)
	LoadAllAssembliesAndSetupDomain (480ms)
		LoadAssemblies (400ms)
		RebuildTransferFunctionScriptingTraits (0ms)
		AnalyzeDomain (187ms)
			TypeCache.Refresh (148ms)
				TypeCache.ScanAssembly (131ms)
			BuildScriptInfoCaches (31ms)
			ResolveRequiredComponents (6ms)
	FinalizeReload (772ms)
		ReleaseScriptCaches (0ms)
		RebuildScriptCaches (0ms)
		SetupLoadedEditorAssemblies (635ms)
			LogAssemblyErrors (0ms)
			InitializePlatformSupportModulesInManaged (14ms)
			SetLoadedEditorAssemblies (4ms)
			BeforeProcessingInitializeOnLoad (113ms)
			ProcessInitializeOnLoadAttributes (332ms)
			ProcessInitializeOnLoadMethodAttributes (165ms)
			AfterProcessingInitializeOnLoad (6ms)
			EditorAssembliesLoaded (0ms)
		ExecutionOrderSort2 (0ms)
		AwakeInstancesAfterBackupRestoration (6ms)
ETC Legacy compression has been deprecated and will be removed in a future release. You can review compressors in "Project Settings > Editor > Texture Compressors".
Launched and connected shader compiler UnityShaderCompiler.exe after 0.01 seconds
Refreshing native plugins compatible for Editor in 9.39 ms, found 2 plugins.
Preloading 0 native plugins for Editor in 0.00 ms.
Unloading 0 Unused Serialized files (Serialized files now loaded: 0)
Unloading 3386 unused Assets / (1.0 MB). Loaded Objects now: 3833.
Memory consumption went from 81.9 MB to 80.9 MB.
Total: 10.749600 ms (FindLiveObjects: 0.477000 ms CreateObjectMapping: 0.256500 ms MarkObjects: 9.127400 ms  DeleteObjects: 0.886300 ms)

========================================================================
Received Import Request.
  Time since last request: 1836.637181 seconds.
  path: Assets/Scripts/LevelSaver.cs
  artifactKey: Guid(1cf014bc843391e4c9e355497cc36bfa) Importer(2089858483,192608db42251d675da83286b1cce702)
Start importing Assets/Scripts/LevelSaver.cs using Guid(1cf014bc843391e4c9e355497cc36bfa) Importer(2089858483,192608db42251d675da83286b1cce702) (ScriptedImporter) -> (artifact id: 'fd4a48d4085c02837fb828b8fa021029') in 0.0935851 seconds
Number of updated asset objects reloaded before import = 0Number of asset objects unloaded after import = 0

========================================================================
Received Import Request.
  Time since last request: 0.000027 seconds.
  path: Assets/Plugins/iOS/GADUNativeExpressAd.m
  artifactKey: Guid(5c1802f16594546fb9bd558b8ce69994) Importer(2089858483,192608db42251d675da83286b1cce702)
Start importing Assets/Plugins/iOS/GADUNativeExpressAd.m using Guid(5c1802f16594546fb9bd558b8ce69994) Importer(2089858483,192608db42251d675da83286b1cce702) (ScriptedImporter) -> (artifact id: '668066d83e43bbc77a2501e49d7ec302') in 0.0174476 seconds
Number of updated asset objects reloaded before import = 0Number of asset objects unloaded after import = 0

========================================================================
Received Import Request.
  Time since last request: 0.000042 seconds.
  path: Assets/Plugins/Android/play-services-basement-11.0.2.aar
  artifactKey: Guid(d69e1b2743d26aa47a603c0e180a9612) Importer(2089858483,192608db42251d675da83286b1cce702)
Start importing Assets/Plugins/Android/play-services-basement-11.0.2.aar using Guid(d69e1b2743d26aa47a603c0e180a9612) Importer(2089858483,192608db42251d675da83286b1cce702) (ScriptedImporter) -> (artifact id: 'd89ee4221d2f9354db6dd38e1daab26c') in 0.0050747 seconds
Number of updated asset objects reloaded before import = 0Number of asset objects unloaded after import = 0

========================================================================
Received Import Request.
  Time since last request: 0.000027 seconds.
  path: Assets/Fonts/Roboto-Regular SDF.asset
  artifactKey: Guid(3332804ae67014f4c8c0dbc60b909473) Importer(2089858483,192608db42251d675da83286b1cce702)
Start importing Assets/Fonts/Roboto-Regular SDF.asset using Guid(3332804ae67014f4c8c0dbc60b909473) Importer(2089858483,192608db42251d675da83286b1cce702) (ScriptedImporter) -> (artifact id: '46447f5043a37cba7f3b2c29eea9fab2') in 0.0532445 seconds
Number of updated asset objects reloaded before import = 0Number of asset objects unloaded after import = 3

========================================================================
Received Import Request.
  Time since last request: 0.000018 seconds.
  path: Assets/Plugins/Android/support-core-ui-25.2.0.aar
  artifactKey: Guid(9bb13126f055158469c9a81b536b2d02) Importer(2089858483,192608db42251d675da83286b1cce702)
Start importing Assets/Plugins/Android/support-core-ui-25.2.0.aar using Guid(9bb13126f055158469c9a81b536b2d02) Importer(2089858483,192608db42251d675da83286b1cce702) (ScriptedImporter) -> (artifact id: 'c194a2b60ca77ed821e1f8c3f3bac754') in 0.0032355 seconds
Number of updated asset objects reloaded before import = 0Number of asset objects unloaded after import = 0

========================================================================
Received Import Request.
  Time since last request: 0.000039 seconds.
  path: Assets/Plugins/iOS/GADUAdLoader.m
  artifactKey: Guid(17992e52c015949e489d86d3c7577637) Importer(2089858483,192608db42251d675da83286b1cce702)
Start importing Assets/Plugins/iOS/GADUAdLoader.m using Guid(17992e52c015949e489d86d3c7577637) Importer(2089858483,192608db42251d675da83286b1cce702) (ScriptedImporter) -> (artifact id: '83292fb943ea606d4d2ea07b3371b445') in 0.0035834 seconds
Number of updated asset objects reloaded before import = 0Number of asset objects unloaded after import = 0

========================================================================
Received Import Request.
  Time since last request: 0.000036 seconds.
  path: Assets/Plugins/Android/support-v4-25.2.0.aar
  artifactKey: Guid(098a4c828fe13a846987b4003b9285f6) Importer(2089858483,192608db42251d675da83286b1cce702)
Start importing Assets/Plugins/Android/support-v4-25.2.0.aar using Guid(098a4c828fe13a846987b4003b9285f6) Importer(2089858483,192608db42251d675da83286b1cce702) (ScriptedImporter) -> (artifact id: 'bc771ffa907318b5bda46c812bdf4584') in 0.0030798 seconds
Number of updated asset objects reloaded before import = 0Number of asset objects unloaded after import = 0

========================================================================
Received Import Request.
  Time since last request: 0.000031 seconds.
  path: Assets/Scripts/FinishPiece.cs
  artifactKey: Guid(f80b0013bcc97744f8601263c0817a7f) Importer(2089858483,192608db42251d675da83286b1cce702)
Start importing Assets/Scripts/FinishPiece.cs using Guid(f80b0013bcc97744f8601263c0817a7f) Importer(2089858483,192608db42251d675da83286b1cce702) (ScriptedImporter) -> (artifact id: '9c3841fc952f65c1a3829e92945da925') in 0.002682 seconds
Number of updated asset objects reloaded before import = 0Number of asset objects unloaded after import = 0

========================================================================
Received Import Request.
  Time since last request: 0.000032 seconds.
  path: Assets/GoogleMobileAds/Api/CustomNativeTemplateAd.cs
  artifactKey: Guid(6f029b4086c1141ffad2e59dd23f14f4) Importer(2089858483,192608db42251d675da83286b1cce702)
Start importing Assets/GoogleMobileAds/Api/CustomNativeTemplateAd.cs using Guid(6f029b4086c1141ffad2e59dd23f14f4) Importer(2089858483,192608db42251d675da83286b1cce702) (ScriptedImporter) -> (artifact id: 'e154422703d056e01b904b358bf2f505') in 0.0031547 seconds
Number of updated asset objects reloaded before import = 0Number of asset objects unloaded after import = 0

========================================================================
Received Import Request.
  Time since last request: 0.000056 seconds.
  path: Assets/Plugins/iOS/GADUInterstitial.m
  artifactKey: Guid(0aa4938b8799d434386151cff177dc8b) Importer(2089858483,192608db42251d675da83286b1cce702)
Start importing Assets/Plugins/iOS/GADUInterstitial.m using Guid(0aa4938b8799d434386151cff177dc8b) Importer(2089858483,192608db42251d675da83286b1cce702) (ScriptedImporter) -> (artifact id: '35c24706f16e2491fbeef57b17205ff6') in 0.0032292 seconds
Number of updated asset objects reloaded before import = 0Number of asset objects unloaded after import = 0

========================================================================
Received Import Request.
  Time since last request: 0.000038 seconds.
  path: Assets/Scripts/PiecesInfo.cs
  artifactKey: Guid(fcdf6cff2487547419daa55829c0edfe) Importer(2089858483,192608db42251d675da83286b1cce702)
Start importing Assets/Scripts/PiecesInfo.cs using Guid(fcdf6cff2487547419daa55829c0edfe) Importer(2089858483,192608db42251d675da83286b1cce702) (ScriptedImporter) -> (artifact id: 'b9bc7350b926801d18cc57b8a2fce174') in 0.0039763 seconds
Number of updated asset objects reloaded before import = 0Number of asset objects unloaded after import = 0

========================================================================
Received Import Request.
  Time since last request: 0.000045 seconds.
  path: Assets/Plugins/Android/play-services-base-11.0.2.aar
  artifactKey: Guid(fe677c8aafd4567448a739e8b64df396) Importer(2089858483,192608db42251d675da83286b1cce702)
Start importing Assets/Plugins/Android/play-services-base-11.0.2.aar using Guid(fe677c8aafd4567448a739e8b64df396) Importer(2089858483,192608db42251d675da83286b1cce702) (ScriptedImporter) -> (artifact id: 'f5a6cf00b148f281a798685ee19e065f') in 0.0032037 seconds
Number of updated asset objects reloaded before import = 0Number of asset objects unloaded after import = 0

========================================================================
Received Import Request.
  Time since last request: 0.000013 seconds.
  path: Assets/Screenshot_20170711-125254.png
  artifactKey: Guid(4846f5fa3cf969740a475bd13d541411) Importer(2089858483,192608db42251d675da83286b1cce702)
Start importing Assets/Screenshot_20170711-125254.png using Guid(4846f5fa3cf969740a475bd13d541411) Importer(2089858483,192608db42251d675da83286b1cce702) (ScriptedImporter) -> (artifact id: 'ad8eda7882a3e019c3ec3f65f62deeaa') in 0.0433944 seconds
Number of updated asset objects reloaded before import = 0Number of asset objects unloaded after import = 3

========================================================================
Received Import Request.
  Time since last request: 0.000020 seconds.
  path: Assets/Scripts/UIButtons.cs
  artifactKey: Guid(ec5f71157d47d9147a89f355f57318a8) Importer(2089858483,192608db42251d675da83286b1cce702)
Start importing Assets/Scripts/UIButtons.cs using Guid(ec5f71157d47d9147a89f355f57318a8) Importer(2089858483,192608db42251d675da83286b1cce702) (ScriptedImporter) -> (artifact id: '6424e5e9364b204d8942323ede9d21ae') in 0.005187 seconds
Number of updated asset objects reloaded before import = 0Number of asset objects unloaded after import = 0

========================================================================
Received Import Request.
  Time since last request: 0.000023 seconds.
  path: Assets/Plugins/iOS/GADUInterstitial.h
  artifactKey: Guid(323d27647d5df45d9998ae0894903f88) Importer(2089858483,192608db42251d675da83286b1cce702)
Start importing Assets/Plugins/iOS/GADUInterstitial.h using Guid(323d27647d5df45d9998ae0894903f88) Importer(2089858483,192608db42251d675da83286b1cce702) (ScriptedImporter) -> (artifact id: 'cfcd8fae7936e7088205d0ef11fd17d6') in 0.0030807 seconds
Number of updated asset objects reloaded before import = 0Number of asset objects unloaded after import = 0

========================================================================
Received Import Request.
  Time since last request: 0.000020 seconds.
  path: Assets/unity-ui-extensions/README.md
  artifactKey: Guid(2bdc88742dda5014aaba33066f6ab504) Importer(2089858483,192608db42251d675da83286b1cce702)
Start importing Assets/unity-ui-extensions/README.md using Guid(2bdc88742dda5014aaba33066f6ab504) Importer(2089858483,192608db42251d675da83286b1cce702) (ScriptedImporter) -> (artifact id: 'ed31706a4dbc3ee605d7f2b5b6c22c29') in 0.0031323 seconds
Number of updated asset objects reloaded before import = 0Number of asset objects unloaded after import = 1

========================================================================
Received Import Request.
  Time since last request: 0.000012 seconds.
  path: Assets/Plugins/Android/support-media-compat-25.2.0.aar
  artifactKey: Guid(8d3480b185f892e4e9f4eaec0270145c) Importer(2089858483,192608db42251d675da83286b1cce702)
Start importing Assets/Plugins/Android/support-media-compat-25.2.0.aar using Guid(8d3480b185f892e4e9f4eaec0270145c) Importer(2089858483,192608db42251d675da83286b1cce702) (ScriptedImporter) -> (artifact id: '130df3bf4b2caf6af828011acabea4ac') in 0.0031389 seconds
Number of updated asset objects reloaded before import = 0Number of asset objects unloaded after import = 0

========================================================================
Received Import Request.
  Time since last request: 0.000020 seconds.
  path: Assets/Scripts/CameraCalculation.cs
  artifactKey: Guid(ec8ae007fbd611e45b7706e942500a89) Importer(2089858483,192608db42251d675da83286b1cce702)
Start importing Assets/Scripts/CameraCalculation.cs using Guid(ec8ae007fbd611e45b7706e942500a89) Importer(2089858483,192608db42251d675da83286b1cce702) (ScriptedImporter) -> (artifact id: '0bdd4ef25cc4788c06eeb6d699345433') in 0.0030678 seconds
Number of updated asset objects reloaded before import = 0Number of asset objects unloaded after import = 0

========================================================================
Received Import Request.
  Time since last request: 0.000029 seconds.
  path: Assets/Plugins/Android/play-services-ads-lite-11.0.2.aar
  artifactKey: Guid(9aa91122484dd8a4b8b89726180634b0) Importer(2089858483,192608db42251d675da83286b1cce702)
Start importing Assets/Plugins/Android/play-services-ads-lite-11.0.2.aar using Guid(9aa91122484dd8a4b8b89726180634b0) Importer(2089858483,192608db42251d675da83286b1cce702) (ScriptedImporter) -> (artifact id: '19f9a13376de1ac09dac2ebee954cdcd') in 0.0040915 seconds
Number of updated asset objects reloaded before import = 0Number of asset objects unloaded after import = 0

========================================================================
Received Import Request.
  Time since last request: 0.000020 seconds.
  path: Assets/GoogleMobileAds/Api/AdSize.cs
  artifactKey: Guid(c59631c955ded4938a66f755225b7dc5) Importer(2089858483,192608db42251d675da83286b1cce702)
Start importing Assets/GoogleMobileAds/Api/AdSize.cs using Guid(c59631c955ded4938a66f755225b7dc5) Importer(2089858483,192608db42251d675da83286b1cce702) (ScriptedImporter) -> (artifact id: '7834fe5963e07cdca92dce20753e1f31') in 0.0032533 seconds
Number of updated asset objects reloaded before import = 0Number of asset objects unloaded after import = 0

========================================================================
Received Import Request.
  Time since last request: 0.000015 seconds.
  path: Assets/Plugins/iOS/GADUNativeExpressAd.h
  artifactKey: Guid(6432657d87e6d426b8bab8def080b36b) Importer(2089858483,192608db42251d675da83286b1cce702)
Start importing Assets/Plugins/iOS/GADUNativeExpressAd.h using Guid(6432657d87e6d426b8bab8def080b36b) Importer(2089858483,192608db42251d675da83286b1cce702) (ScriptedImporter) -> (artifact id: 'c9580b58c5cc99f2640cbe22aa3f1713') in 0.0031309 seconds
Number of updated asset objects reloaded before import = 0Number of asset objects unloaded after import = 0

========================================================================
Received Import Request.
  Time since last request: 0.000029 seconds.
  path: Assets/Scripts/FadeScenes.cs
  artifactKey: Guid(425864b3a6a700b4ea33c78f840cbb9b) Importer(2089858483,192608db42251d675da83286b1cce702)
Start importing Assets/Scripts/FadeScenes.cs using Guid(425864b3a6a700b4ea33c78f840cbb9b) Importer(2089858483,192608db42251d675da83286b1cce702) (ScriptedImporter) -> (artifact id: 'da1d7cb191088c6abf5e77025ee0ecb9') in 0.0030858 seconds
Number of updated asset objects reloaded before import = 0Number of asset objects unloaded after import = 0

========================================================================
Received Import Request.
  Time since last request: 0.000038 seconds.
  path: Assets/PlayServicesResolver/proguard-messaging-workaround.txt
  artifactKey: Guid(fdb0c090336ac4578b90230f48d2b947) Importer(2089858483,192608db42251d675da83286b1cce702)
Start importing Assets/PlayServicesResolver/proguard-messaging-workaround.txt using Guid(fdb0c090336ac4578b90230f48d2b947) Importer(2089858483,192608db42251d675da83286b1cce702) (ScriptedImporter) -> (artifact id: '037c3535cd02c5dd5b00d0e2199b35e4') in 0.0031137 seconds
Number of updated asset objects reloaded before import = 0Number of asset objects unloaded after import = 1

========================================================================
Received Import Request.
  Time since last request: 0.000023 seconds.
  path: Assets/GoogleMobileAds/Api/RewardBasedVideoAd.cs
  artifactKey: Guid(c37b2a1ea20574580af643f02302c484) Importer(2089858483,192608db42251d675da83286b1cce702)
Start importing Assets/GoogleMobileAds/Api/RewardBasedVideoAd.cs using Guid(c37b2a1ea20574580af643f02302c484) Importer(2089858483,192608db42251d675da83286b1cce702) (ScriptedImporter) -> (artifact id: '3f270abaf056552c52e0cc5783d5c699') in 0.0029911 seconds
Number of updated asset objects reloaded before import = 0Number of asset objects unloaded after import = 0

========================================================================
Received Import Request.
  Time since last request: 0.000030 seconds.
  path: Assets/GoogleMobileAds/Api/AdLoader.cs
  artifactKey: Guid(f5474196001554b6da135319d9475e61) Importer(2089858483,192608db42251d675da83286b1cce702)
Start importing Assets/GoogleMobileAds/Api/AdLoader.cs using Guid(f5474196001554b6da135319d9475e61) Importer(2089858483,192608db42251d675da83286b1cce702) (ScriptedImporter) -> (artifact id: '82f9505b398ff765f9b2f0f405424b01') in 0.0029987 seconds
Number of updated asset objects reloaded before import = 0Number of asset objects unloaded after import = 0

========================================================================
Received Import Request.
  Time since last request: 0.000046 seconds.
  path: Assets/Scripts/GeneratorManager.cs
  artifactKey: Guid(4f0fcfe0de114b64cb661cc759ca0e7e) Importer(2089858483,192608db42251d675da83286b1cce702)
Start importing Assets/Scripts/GeneratorManager.cs using Guid(4f0fcfe0de114b64cb661cc759ca0e7e) Importer(2089858483,192608db42251d675da83286b1cce702) (ScriptedImporter) -> (artifact id: '15566926f4856b02a3a234fb3955763f') in 0.0030816 seconds
Number of updated asset objects reloaded before import = 0Number of asset objects unloaded after import = 0

========================================================================
Received Import Request.
  Time since last request: 0.000014 seconds.
  path: Assets/Scripts/BoardManager.cs
  artifactKey: Guid(b6c35f4a47c519d4c890bc0255d74e2c) Importer(2089858483,192608db42251d675da83286b1cce702)
Start importing Assets/Scripts/BoardManager.cs using Guid(b6c35f4a47c519d4c890bc0255d74e2c) Importer(2089858483,192608db42251d675da83286b1cce702) (ScriptedImporter) -> (artifact id: '7c2c717e3fdfe076f450367ab64e24b4') in 0.0030289 seconds
Number of updated asset objects reloaded before import = 0Number of asset objects unloaded after import = 0

========================================================================
Received Import Request.
  Time since last request: 0.000053 seconds.
  path: Assets/Plugins/iOS/GADUNativeCustomTemplateAd.h
  artifactKey: Guid(e4514a7bda72546b3af8f0b7127c13e0) Importer(2089858483,192608db42251d675da83286b1cce702)
Start importing Assets/Plugins/iOS/GADUNativeCustomTemplateAd.h using Guid(e4514a7bda72546b3af8f0b7127c13e0) Importer(2089858483,192608db42251d675da83286b1cce702) (ScriptedImporter) -> (artifact id: '23b39e58240dc4ac0b50e8f9d51edb86') in 0.0032936 seconds
Number of updated asset objects reloaded before import = 0Number of asset objects unloaded after import = 0

========================================================================
Received Import Request.
  Time since last request: 0.000030 seconds.
  path: Assets/Plugins/iOS/GADUInterface.m
  artifactKey: Guid(aa283e807d0d341d0ac912b3a20ae884) Importer(2089858483,192608db42251d675da83286b1cce702)
Start importing Assets/Plugins/iOS/GADUInterface.m using Guid(aa283e807d0d341d0ac912b3a20ae884) Importer(2089858483,192608db42251d675da83286b1cce702) (ScriptedImporter) -> (artifact id: '06ebe43fd3384d932568a4b00a71ce38') in 0.0045062 seconds
Number of updated asset objects reloaded before import = 0Number of asset objects unloaded after import = 0

========================================================================
Received Import Request.
  Time since last request: 0.000024 seconds.
  path: Assets/Plugins/iOS/GADUBanner.h
  artifactKey: Guid(bfc9de2f7108146d098eae0328e8c88a) Importer(2089858483,192608db42251d675da83286b1cce702)
Start importing Assets/Plugins/iOS/GADUBanner.h using Guid(bfc9de2f7108146d098eae0328e8c88a) Importer(2089858483,192608db42251d675da83286b1cce702) (ScriptedImporter) -> (artifact id: '50c5dfbd8ad8f737d0cf1b782dd8f520') in 0.0035588 seconds
Number of updated asset objects reloaded before import = 0Number of asset objects unloaded after import = 0

========================================================================
Received Import Request.
  Time since last request: 0.000030 seconds.
  path: Assets/GoogleMobileAds/Common/DummyClient.cs
  artifactKey: Guid(5858abc6dbdeb46fabb82d3296604951) Importer(2089858483,192608db42251d675da83286b1cce702)
Start importing Assets/GoogleMobileAds/Common/DummyClient.cs using Guid(5858abc6dbdeb46fabb82d3296604951) Importer(2089858483,192608db42251d675da83286b1cce702) (ScriptedImporter) -> (artifact id: '380a5b476ddbc52b206b8ee267204aea') in 0.0030926 seconds
Number of updated asset objects reloaded before import = 0Number of asset objects unloaded after import = 0

========================================================================
Received Import Request.
  Time since last request: 0.000038 seconds.
  path: Assets/Materials/SpaceRoundedCorner.shader
  artifactKey: Guid(70e2f5f8dff4b704d8433a2a67e25689) Importer(2089858483,192608db42251d675da83286b1cce702)
Start importing Assets/Materials/SpaceRoundedCorner.shader using Guid(70e2f5f8dff4b704d8433a2a67e25689) Importer(2089858483,192608db42251d675da83286b1cce702) (ScriptedImporter) -> (artifact id: 'c99d243d4032af118a651487deb415fc') in 0.008145 seconds
Number of updated asset objects reloaded before import = 0Number of asset objects unloaded after import = 1

========================================================================
Received Import Request.
  Time since last request: 0.000014 seconds.
  path: Assets/Resources/BillingMode.json
  artifactKey: Guid(a240c46c6f0ed85458da7f0f75ab513a) Importer(2089858483,192608db42251d675da83286b1cce702)
Start importing Assets/Resources/BillingMode.json using Guid(a240c46c6f0ed85458da7f0f75ab513a) Importer(2089858483,192608db42251d675da83286b1cce702) (ScriptedImporter) -> (artifact id: '65a2083d427b17003e977749906c1c97') in 0.0030783 seconds
Number of updated asset objects reloaded before import = 0Number of asset objects unloaded after import = 1

========================================================================
Received Import Request.
  Time since last request: 0.000016 seconds.
  path: Assets/PlayServicesResolver/generate_gradle_prebuild.py
  artifactKey: Guid(e833f10a200242669e3f80bf3331aa5a) Importer(2089858483,192608db42251d675da83286b1cce702)
Start importing Assets/PlayServicesResolver/generate_gradle_prebuild.py using Guid(e833f10a200242669e3f80bf3331aa5a) Importer(2089858483,192608db42251d675da83286b1cce702) (ScriptedImporter) -> (artifact id: '51cfbf3a3133b8d45696d1fe5f510736') in 0.002995 seconds
Number of updated asset objects reloaded before import = 0Number of asset objects unloaded after import = 1

========================================================================
Received Import Request.
  Time since last request: 0.000015 seconds.
  path: Assets/PlayServicesResolver/gradle-template.zip
  artifactKey: Guid(43cb2cecbfa342eba3457cde1bb77a6d) Importer(2089858483,192608db42251d675da83286b1cce702)
Start importing Assets/PlayServicesResolver/gradle-template.zip using Guid(43cb2cecbfa342eba3457cde1bb77a6d) Importer(2089858483,192608db42251d675da83286b1cce702) (ScriptedImporter) -> (artifact id: 'c5e8a7fdc33d9e3ea336f76d728ddc29') in 0.0028043 seconds
Number of updated asset objects reloaded before import = 0Number of asset objects unloaded after import = 1

========================================================================
Received Import Request.
  Time since last request: 0.000032 seconds.
  path: Assets/Resources/DOTweenSettings.asset
  artifactKey: Guid(7aad630358fccbc488f413466f5229eb) Importer(2089858483,192608db42251d675da83286b1cce702)
Start importing Assets/Resources/DOTweenSettings.asset using Guid(7aad630358fccbc488f413466f5229eb) Importer(2089858483,192608db42251d675da83286b1cce702) (ScriptedImporter) -> (artifact id: '7e6e7ebd04a78bf337a864470ffa9053') in 0.0075432 seconds
Number of updated asset objects reloaded before import = 0Number of asset objects unloaded after import = 1

========================================================================
Received Import Request.
  Time since last request: 0.000017 seconds.
  path: Assets/Plugins/iOS/GADUAdLoader.h
  artifactKey: Guid(3df71bfe8cac54e5fbcf23aeed28d8e5) Importer(2089858483,192608db42251d675da83286b1cce702)
Start importing Assets/Plugins/iOS/GADUAdLoader.h using Guid(3df71bfe8cac54e5fbcf23aeed28d8e5) Importer(2089858483,192608db42251d675da83286b1cce702) (ScriptedImporter) -> (artifact id: 'aa4f6c41912b1c2dcbd765e26a967485') in 0.0036686 seconds
Number of updated asset objects reloaded before import = 0Number of asset objects unloaded after import = 0

========================================================================
Received Import Request.
  Time since last request: 0.000041 seconds.
  path: Assets/Plugins/iOS/GADUBanner.m
  artifactKey: Guid(c17582ddba2c9446fba7effec45da2e9) Importer(2089858483,192608db42251d675da83286b1cce702)
Start importing Assets/Plugins/iOS/GADUBanner.m using Guid(c17582ddba2c9446fba7effec45da2e9) Importer(2089858483,192608db42251d675da83286b1cce702) (ScriptedImporter) -> (artifact id: '76762ab96356f77aceafc3f3e97ab892') in 0.0034539 seconds
Number of updated asset objects reloaded before import = 0Number of asset objects unloaded after import = 0

========================================================================
Received Import Request.
  Time since last request: 4.901366 seconds.
  path: Assets/Plugins/iOS/GADURequest.h
  artifactKey: Guid(ce63e67f4e40b4584aa5a7d6cfd99c25) Importer(2089858483,192608db42251d675da83286b1cce702)
Start importing Assets/Plugins/iOS/GADURequest.h using Guid(ce63e67f4e40b4584aa5a7d6cfd99c25) Importer(2089858483,192608db42251d675da83286b1cce702) (ScriptedImporter) -> (artifact id: 'c49ed4c39cf5f15458e5db3f07917497') in 0.0045287 seconds
Number of updated asset objects reloaded before import = 0Number of asset objects unloaded after import = 0

========================================================================
Received Import Request.
  Time since last request: 0.000040 seconds.
  path: Assets/Resources/Sprites/buttonCircle.png
  artifactKey: Guid(57330f047297c21489943c73882c7a8f) Importer(2089858483,192608db42251d675da83286b1cce702)
Start importing Assets/Resources/Sprites/buttonCircle.png using Guid(57330f047297c21489943c73882c7a8f) Importer(2089858483,192608db42251d675da83286b1cce702) (ScriptedImporter) -> (artifact id: 'cf0d149b58946095916a395ef69f1b38') in 0.0151585 seconds
Number of updated asset objects reloaded before import = 0Number of asset objects unloaded after import = 3

========================================================================
Received Import Request.
  Time since last request: 0.000014 seconds.
  path: Assets/TheraBytes/Resources/Materials.asset
  artifactKey: Guid(1947629c52c638a4f99a5d81d114184a) Importer(2089858483,192608db42251d675da83286b1cce702)
Start importing Assets/TheraBytes/Resources/Materials.asset using Guid(1947629c52c638a4f99a5d81d114184a) Importer(2089858483,192608db42251d675da83286b1cce702) (ScriptedImporter) -> (artifact id: '4df28babe887ae9cf7e1edb8e46c09fe') in 0.0139205 seconds
Number of updated asset objects reloaded before import = 0Number of asset objects unloaded after import = 21

========================================================================
Received Import Request.
  Time since last request: 0.000014 seconds.
  path: Assets/Resources/Prefabs/Finish.prefab
  artifactKey: Guid(3d3b1b160eddc0645b07c58f2625aee5) Importer(2089858483,192608db42251d675da83286b1cce702)
Start importing Assets/Resources/Prefabs/Finish.prefab using Guid(3d3b1b160eddc0645b07c58f2625aee5) Importer(2089858483,192608db42251d675da83286b1cce702) (ScriptedImporter) -> (artifact id: '8d4b04d42c10327c88ae01033fb1cbbc') in 0.0457941 seconds
Number of updated asset objects reloaded before import = 0Number of asset objects unloaded after import = 19

========================================================================
Received Import Request.
  Time since last request: 0.000020 seconds.
  path: Assets/TextMesh Pro/Shaders/TMP_SDF-URP Lit.shadergraph
  artifactKey: Guid(a3d800b099a06e0478fb790c5e79057a) Importer(2089858483,192608db42251d675da83286b1cce702)
Start importing Assets/TextMesh Pro/Shaders/TMP_SDF-URP Lit.shadergraph using Guid(a3d800b099a06e0478fb790c5e79057a) Importer(2089858483,192608db42251d675da83286b1cce702) (ScriptedImporter) -> (artifact id: '826623a5d81fa2b5afae9aa75dbed72f') in 0.0038724 seconds
Number of updated asset objects reloaded before import = 0Number of asset objects unloaded after import = 1

========================================================================
Received Import Request.
  Time since last request: 0.000019 seconds.
  path: Assets/Resources/Sprites/darkModeButton.png
  artifactKey: Guid(9a2d52d78a9c4bd468a95d0049483e9a) Importer(2089858483,192608db42251d675da83286b1cce702)
Start importing Assets/Resources/Sprites/darkModeButton.png using Guid(9a2d52d78a9c4bd468a95d0049483e9a) Importer(2089858483,192608db42251d675da83286b1cce702) (ScriptedImporter) -> (artifact id: 'e7897e6177828b843f2b8abdaeea47b0') in 0.013014 seconds
Number of updated asset objects reloaded before import = 0Number of asset objects unloaded after import = 3

========================================================================
Received Import Request.
  Time since last request: 0.000014 seconds.
  path: Assets/Resources/Sprites/GameIcon.png
  artifactKey: Guid(231ed24d87b478b4891998f6bdf73461) Importer(2089858483,192608db42251d675da83286b1cce702)
Start importing Assets/Resources/Sprites/GameIcon.png using Guid(231ed24d87b478b4891998f6bdf73461) Importer(2089858483,192608db42251d675da83286b1cce702) (ScriptedImporter) -> (artifact id: '4cf68b67d52b8221c54fe1c17335a26c') in 0.0164617 seconds
Number of updated asset objects reloaded before import = 0Number of asset objects unloaded after import = 3

========================================================================
Received Import Request.
  Time since last request: 0.000022 seconds.
  path: Assets/TextMesh Pro/Shaders/TMPro_Properties.cginc
  artifactKey: Guid(3997e2241185407d80309a82f9148466) Importer(2089858483,192608db42251d675da83286b1cce702)
Start importing Assets/TextMesh Pro/Shaders/TMPro_Properties.cginc using Guid(3997e2241185407d80309a82f9148466) Importer(2089858483,192608db42251d675da83286b1cce702) (ScriptedImporter) -> (artifact id: '78b90000ca832cae8705d490e36042a2') in 0.0033264 seconds
Number of updated asset objects reloaded before import = 0Number of asset objects unloaded after import = 1

========================================================================
Received Import Request.
  Time since last request: 0.000014 seconds.
  path: Assets/Resources/Sprites/SettingsButton.png
  artifactKey: Guid(89a8cf9c482145f45af62ad7a0da6cca) Importer(2089858483,192608db42251d675da83286b1cce702)
Start importing Assets/Resources/Sprites/SettingsButton.png using Guid(89a8cf9c482145f45af62ad7a0da6cca) Importer(2089858483,192608db42251d675da83286b1cce702) (ScriptedImporter) -> (artifact id: '0f818388fb4fdfe383011e54556b0179') in 0.0118867 seconds
Number of updated asset objects reloaded before import = 0Number of asset objects unloaded after import = 3

========================================================================
Received Import Request.
  Time since last request: 0.000021 seconds.
  path: Assets/TextMesh Pro/Shaders/TMP_SDF.shader
  artifactKey: Guid(68e6db2ebdc24f95958faec2be5558d6) Importer(2089858483,192608db42251d675da83286b1cce702)
Start importing Assets/TextMesh Pro/Shaders/TMP_SDF.shader using Guid(68e6db2ebdc24f95958faec2be5558d6) Importer(2089858483,192608db42251d675da83286b1cce702) (ScriptedImporter) -> (artifact id: 'bd70e8e6a3b7140b5b1e4289c4865889') in 0.0048654 seconds
Number of updated asset objects reloaded before import = 0Number of asset objects unloaded after import = 1

========================================================================
Received Import Request.
  Time since last request: 0.000015 seconds.
  path: Assets/Resources/LevelsJson/14.json
  artifactKey: Guid(f3def274cd09b8e49a4e66bc8ee19b02) Importer(2089858483,192608db42251d675da83286b1cce702)
Start importing Assets/Resources/LevelsJson/14.json using Guid(f3def274cd09b8e49a4e66bc8ee19b02) Importer(2089858483,192608db42251d675da83286b1cce702) (ScriptedImporter) -> (artifact id: '20f39e4e2d81dbd8c6ac27f18f0471c5') in 0.0032344 seconds
Number of updated asset objects reloaded before import = 0Number of asset objects unloaded after import = 1

========================================================================
Received Import Request.
  Time since last request: 0.000017 seconds.
  path: Assets/Resources/LevelsJson/8.json
  artifactKey: Guid(4305a5d7a981aeb43b4b3ca89fb8e576) Importer(2089858483,192608db42251d675da83286b1cce702)
Start importing Assets/Resources/LevelsJson/8.json using Guid(4305a5d7a981aeb43b4b3ca89fb8e576) Importer(2089858483,192608db42251d675da83286b1cce702) (ScriptedImporter) -> (artifact id: '164230372475e953925c0d498bc4b68b') in 0.0032898 seconds
Number of updated asset objects reloaded before import = 0Number of asset objects unloaded after import = 1

========================================================================
Received Import Request.
  Time since last request: 0.000017 seconds.
  path: Assets/TextMesh Pro/Resources/LineBreaking Leading Characters.txt
  artifactKey: Guid(d82c1b31c7e74239bff1220585707d2b) Importer(2089858483,192608db42251d675da83286b1cce702)
Start importing Assets/TextMesh Pro/Resources/LineBreaking Leading Characters.txt using Guid(d82c1b31c7e74239bff1220585707d2b) Importer(2089858483,192608db42251d675da83286b1cce702) (ScriptedImporter) -> (artifact id: '31bb39210d56d5367688e8e88b5fd5de') in 0.0032049 seconds
Number of updated asset objects reloaded before import = 0Number of asset objects unloaded after import = 1

========================================================================
Received Import Request.
  Time since last request: 0.000018 seconds.
  path: Assets/TextMesh Pro/Shaders/TMPro_Mobile.cginc
  artifactKey: Guid(c334973cef89a9840b0b0c507e0377ab) Importer(2089858483,192608db42251d675da83286b1cce702)
Start importing Assets/TextMesh Pro/Shaders/TMPro_Mobile.cginc using Guid(c334973cef89a9840b0b0c507e0377ab) Importer(2089858483,192608db42251d675da83286b1cce702) (ScriptedImporter) -> (artifact id: '922d9359a521fa3f20b02d4d68bb16de') in 0.0035425 seconds
Number of updated asset objects reloaded before import = 0Number of asset objects unloaded after import = 1

========================================================================
Received Import Request.
  Time since last request: 0.000016 seconds.
  path: Assets/Resources/LevelsJson/23.json
  artifactKey: Guid(257e4394b633a0b4c82e19a0c1fe9700) Importer(2089858483,192608db42251d675da83286b1cce702)
Start importing Assets/Resources/LevelsJson/23.json using Guid(257e4394b633a0b4c82e19a0c1fe9700) Importer(2089858483,192608db42251d675da83286b1cce702) (ScriptedImporter) -> (artifact id: '1da08cd942df8ae58f8e524dc753a2e5') in 0.0039124 seconds
Number of updated asset objects reloaded before import = 0Number of asset objects unloaded after import = 1

========================================================================
Received Import Request.
  Time since last request: 0.000019 seconds.
  path: Assets/TextMesh Pro/Sprites/EmojiOne.json
  artifactKey: Guid(8f05276190cf498a8153f6cbe761d4e6) Importer(2089858483,192608db42251d675da83286b1cce702)
Start importing Assets/TextMesh Pro/Sprites/EmojiOne.json using Guid(8f05276190cf498a8153f6cbe761d4e6) Importer(2089858483,192608db42251d675da83286b1cce702) (ScriptedImporter) -> (artifact id: 'b8a7698c996127e6b6441e8f3908d105') in 0.0038502 seconds
Number of updated asset objects reloaded before import = 0Number of asset objects unloaded after import = 1

========================================================================
Received Import Request.
  Time since last request: 0.000018 seconds.
  path: Assets/TextMesh Pro/Shaders/TMP_SDF-Mobile Overlay.shader
  artifactKey: Guid(a02a7d8c237544f1962732b55a9aebf1) Importer(2089858483,192608db42251d675da83286b1cce702)
Start importing Assets/TextMesh Pro/Shaders/TMP_SDF-Mobile Overlay.shader using Guid(a02a7d8c237544f1962732b55a9aebf1) Importer(2089858483,192608db42251d675da83286b1cce702) (ScriptedImporter) -> (artifact id: '418983bf3e682cbfcd2c393e9382befc') in 0.0045048 seconds
Number of updated asset objects reloaded before import = 0Number of asset objects unloaded after import = 1

========================================================================
Received Import Request.
  Time since last request: 0.000016 seconds.
  path: Assets/TextMesh Pro/Shaders/TMPro.cginc
  artifactKey: Guid(407bc68d299748449bbf7f48ee690f8d) Importer(2089858483,192608db42251d675da83286b1cce702)
Start importing Assets/TextMesh Pro/Shaders/TMPro.cginc using Guid(407bc68d299748449bbf7f48ee690f8d) Importer(2089858483,192608db42251d675da83286b1cce702) (ScriptedImporter) -> (artifact id: 'db214c70e30b1a8b1bc176d5ff86d15d') in 0.0041399 seconds
Number of updated asset objects reloaded before import = 0Number of asset objects unloaded after import = 1

========================================================================
Received Import Request.
  Time since last request: 0.000015 seconds.
  path: Assets/Plugins/iOS/GADUTypes.h
  artifactKey: Guid(00ccc32d91e9f4bc6a68ec86c806dac3) Importer(2089858483,192608db42251d675da83286b1cce702)
Start importing Assets/Plugins/iOS/GADUTypes.h using Guid(00ccc32d91e9f4bc6a68ec86c806dac3) Importer(2089858483,192608db42251d675da83286b1cce702) (ScriptedImporter) -> (artifact id: '48619553f5e2da77d67e9b4174a42eb4') in 0.0042633 seconds
Number of updated asset objects reloaded before import = 0Number of asset objects unloaded after import = 0

========================================================================
Received Import Request.
  Time since last request: 0.000027 seconds.
  path: Assets/TextMesh Pro/Shaders/SDFFunctions.hlsl
  artifactKey: Guid(96de908384869cd409c75efa351d5edf) Importer(2089858483,192608db42251d675da83286b1cce702)
Start importing Assets/TextMesh Pro/Shaders/SDFFunctions.hlsl using Guid(96de908384869cd409c75efa351d5edf) Importer(2089858483,192608db42251d675da83286b1cce702) (ScriptedImporter) -> (artifact id: 'c89cf61b9e116152339bdb1f16a444f1') in 0.0034419 seconds
Number of updated asset objects reloaded before import = 0Number of asset objects unloaded after import = 1

========================================================================
Received Import Request.
  Time since last request: 0.000016 seconds.
  path: Assets/unity-ui-extensions/Editor/CompressionTests.cs
  artifactKey: Guid(ff5c7cf8d5ccd284482327cd78debc20) Importer(2089858483,192608db42251d675da83286b1cce702)
Start importing Assets/unity-ui-extensions/Editor/CompressionTests.cs using Guid(ff5c7cf8d5ccd284482327cd78debc20) Importer(2089858483,192608db42251d675da83286b1cce702) (ScriptedImporter) -> (artifact id: '9435430ad76bab3716c798b3a93b391f') in 0.003967 seconds
Number of updated asset objects reloaded before import = 0Number of asset objects unloaded after import = 0

========================================================================
Received Import Request.
  Time since last request: 0.000018 seconds.
  path: Assets/Resources/LevelsJson/18.json
  artifactKey: Guid(f9a592a581ef0574ca0a82fd35fe70c1) Importer(2089858483,192608db42251d675da83286b1cce702)
Start importing Assets/Resources/LevelsJson/18.json using Guid(f9a592a581ef0574ca0a82fd35fe70c1) Importer(2089858483,192608db42251d675da83286b1cce702) (ScriptedImporter) -> (artifact id: '77c9147d2f87b013e47940d67753066f') in 0.0037333 seconds
Number of updated asset objects reloaded before import = 0Number of asset objects unloaded after import = 1

========================================================================
Received Import Request.
  Time since last request: 0.000017 seconds.
  path: Assets/TextMesh Pro/Shaders/TMP_SDF-URP Unlit.shadergraph
  artifactKey: Guid(124c112a6e8f1a54e8b0870e881b56d8) Importer(2089858483,192608db42251d675da83286b1cce702)
Start importing Assets/TextMesh Pro/Shaders/TMP_SDF-URP Unlit.shadergraph using Guid(124c112a6e8f1a54e8b0870e881b56d8) Importer(2089858483,192608db42251d675da83286b1cce702) (ScriptedImporter) -> (artifact id: '3a93538f74bf18746559cc292ef1c456') in 0.003739 seconds
Number of updated asset objects reloaded before import = 0Number of asset objects unloaded after import = 1

========================================================================
Received Import Request.
  Time since last request: 0.000022 seconds.
  path: Assets/Resources/LevelsJson/15.json
  artifactKey: Guid(3e055c0e3fb6ba24e828b85aedfc47b2) Importer(2089858483,192608db42251d675da83286b1cce702)
Start importing Assets/Resources/LevelsJson/15.json using Guid(3e055c0e3fb6ba24e828b85aedfc47b2) Importer(2089858483,192608db42251d675da83286b1cce702) (ScriptedImporter) -> (artifact id: '4771154bd4f58b71560a5c2095ee4c47') in 0.0038676 seconds
Number of updated asset objects reloaded before import = 0Number of asset objects unloaded after import = 1

========================================================================
Received Import Request.
  Time since last request: 0.000036 seconds.
  path: Assets/TextMesh Pro/Shaders/TMP_Bitmap-Custom-Atlas.shader
  artifactKey: Guid(48bb5f55d8670e349b6e614913f9d910) Importer(2089858483,192608db42251d675da83286b1cce702)
Start importing Assets/TextMesh Pro/Shaders/TMP_Bitmap-Custom-Atlas.shader using Guid(48bb5f55d8670e349b6e614913f9d910) Importer(2089858483,192608db42251d675da83286b1cce702) (ScriptedImporter) -> (artifact id: 'a632aee7038656df6a9901e9c3776ff0') in 0.004057 seconds
Number of updated asset objects reloaded before import = 0Number of asset objects unloaded after import = 1

========================================================================
Received Import Request.
  Time since last request: 0.000017 seconds.
  path: Assets/Resources/Sprites/squareWhite.png
  artifactKey: Guid(a08ad21dc97778e4397e285b8ac602ed) Importer(2089858483,192608db42251d675da83286b1cce702)
Start importing Assets/Resources/Sprites/squareWhite.png using Guid(a08ad21dc97778e4397e285b8ac602ed) Importer(2089858483,192608db42251d675da83286b1cce702) (ScriptedImporter) -> (artifact id: 'af46de27269c096ce96205112b7fc027') in 0.0187752 seconds
Number of updated asset objects reloaded before import = 0Number of asset objects unloaded after import = 3

========================================================================
Received Import Request.
  Time since last request: 0.000024 seconds.
  path: Assets/Resources/Sprites/restartIcon.png
  artifactKey: Guid(6052eef5c51ce0c41893377eb4ca29c0) Importer(2089858483,192608db42251d675da83286b1cce702)
Start importing Assets/Resources/Sprites/restartIcon.png using Guid(6052eef5c51ce0c41893377eb4ca29c0) Importer(2089858483,192608db42251d675da83286b1cce702) (ScriptedImporter) -> (artifact id: '1e213f6223161da1b0730b50073243fd') in 0.0122525 seconds
Number of updated asset objects reloaded before import = 0Number of asset objects unloaded after import = 3

========================================================================
Received Import Request.
  Time since last request: 0.000017 seconds.
  path: Assets/Resources/LevelsJson/27.json
  artifactKey: Guid(8c8d43dd1bcc92540b4713bd9ad2d216) Importer(2089858483,192608db42251d675da83286b1cce702)
Start importing Assets/Resources/LevelsJson/27.json using Guid(8c8d43dd1bcc92540b4713bd9ad2d216) Importer(2089858483,192608db42251d675da83286b1cce702) (ScriptedImporter) -> (artifact id: '13e7248000d1a92e96a94b20a18f315c') in 0.0033579 seconds
Number of updated asset objects reloaded before import = 0Number of asset objects unloaded after import = 1

========================================================================
Received Import Request.
  Time since last request: 0.000015 seconds.
  path: Assets/Resources/LevelsJson/12.json
  artifactKey: Guid(54bfec542ab1aa647a85e08ed5141e5d) Importer(2089858483,192608db42251d675da83286b1cce702)
Start importing Assets/Resources/LevelsJson/12.json using Guid(54bfec542ab1aa647a85e08ed5141e5d) Importer(2089858483,192608db42251d675da83286b1cce702) (ScriptedImporter) -> (artifact id: '9ed6fc3ea3be56513d10cbfcef977caf') in 0.004076 seconds
Number of updated asset objects reloaded before import = 0Number of asset objects unloaded after import = 1

========================================================================
Received Import Request.
  Time since last request: 0.000029 seconds.
  path: Assets/Resources/Sprites/toggleOn.png
  artifactKey: Guid(56724daa3b1eddd49bdf0264bebdfbfa) Importer(2089858483,192608db42251d675da83286b1cce702)
Start importing Assets/Resources/Sprites/toggleOn.png using Guid(56724daa3b1eddd49bdf0264bebdfbfa) Importer(2089858483,192608db42251d675da83286b1cce702) (ScriptedImporter) -> (artifact id: '9b7bbce1cf52dd420aa619de84d992ed') in 0.011853 seconds
Number of updated asset objects reloaded before import = 0Number of asset objects unloaded after import = 3

========================================================================
Received Import Request.
  Time since last request: 0.000020 seconds.
  path: Assets/Resources/LevelsJson/1.json
  artifactKey: Guid(bb7d5b57c49712f4d98581d2a1e90454) Importer(2089858483,192608db42251d675da83286b1cce702)
Start importing Assets/Resources/LevelsJson/1.json using Guid(bb7d5b57c49712f4d98581d2a1e90454) Importer(2089858483,192608db42251d675da83286b1cce702) (ScriptedImporter) -> (artifact id: '8af30b7d141bff2d1c0effde240b3ffd') in 0.0043287 seconds
Number of updated asset objects reloaded before import = 0Number of asset objects unloaded after import = 1

========================================================================
Received Import Request.
  Time since last request: 0.000019 seconds.
  path: Assets/TextMesh Pro/Shaders/TMP_SDF-HDRP UNLIT.shadergraph
  artifactKey: Guid(f63d574838ccfb44f84acc05fed0af48) Importer(2089858483,192608db42251d675da83286b1cce702)
Start importing Assets/TextMesh Pro/Shaders/TMP_SDF-HDRP UNLIT.shadergraph using Guid(f63d574838ccfb44f84acc05fed0af48) Importer(2089858483,192608db42251d675da83286b1cce702) (ScriptedImporter) -> (artifact id: '6ea9d7e766c94d4eb965bf333e516e95') in 0.0033223 seconds
Number of updated asset objects reloaded before import = 0Number of asset objects unloaded after import = 1

========================================================================
Received Import Request.
  Time since last request: 0.000019 seconds.
  path: Assets/TextMesh Pro/Shaders/TMP_Sprite.shader
  artifactKey: Guid(cf81c85f95fe47e1a27f6ae460cf182c) Importer(2089858483,192608db42251d675da83286b1cce702)
Start importing Assets/TextMesh Pro/Shaders/TMP_Sprite.shader using Guid(cf81c85f95fe47e1a27f6ae460cf182c) Importer(2089858483,192608db42251d675da83286b1cce702) (ScriptedImporter) -> (artifact id: '157a30802686c6a7a77794acf9bb2553') in 0.0040471 seconds
Number of updated asset objects reloaded before import = 0Number of asset objects unloaded after import = 1

========================================================================
Received Import Request.
  Time since last request: 0.000025 seconds.
  path: Assets/TextMesh Pro/Sprites/EmojiOne Attribution.txt
  artifactKey: Guid(381dcb09d5029d14897e55f98031fca5) Importer(2089858483,192608db42251d675da83286b1cce702)
Start importing Assets/TextMesh Pro/Sprites/EmojiOne Attribution.txt using Guid(381dcb09d5029d14897e55f98031fca5) Importer(2089858483,192608db42251d675da83286b1cce702) (ScriptedImporter) -> (artifact id: 'b85e5e80b4903e56fecc04394bd0ba63') in 0.0037316 seconds
Number of updated asset objects reloaded before import = 0Number of asset objects unloaded after import = 1

========================================================================
Received Import Request.
  Time since last request: 0.000087 seconds.
  path: Assets/TextMesh Pro/Shaders/TMPro_Surface.cginc
  artifactKey: Guid(d930090c0cd643c7b55f19a38538c162) Importer(2089858483,192608db42251d675da83286b1cce702)
Start importing Assets/TextMesh Pro/Shaders/TMPro_Surface.cginc using Guid(d930090c0cd643c7b55f19a38538c162) Importer(2089858483,192608db42251d675da83286b1cce702) (ScriptedImporter) -> (artifact id: '6d5f5e20b6f3f4fda497d76cf9676893') in 0.0042231 seconds
Number of updated asset objects reloaded before import = 0Number of asset objects unloaded after import = 1

========================================================================
Received Import Request.
  Time since last request: 0.412969 seconds.
  path: Assets/unity-ui-extensions/Editor/UIExtensionsMenuOptions.cs
  artifactKey: Guid(3cac6d35505037446b512aea22d40688) Importer(2089858483,192608db42251d675da83286b1cce702)
Start importing Assets/unity-ui-extensions/Editor/UIExtensionsMenuOptions.cs using Guid(3cac6d35505037446b512aea22d40688) Importer(2089858483,192608db42251d675da83286b1cce702) (ScriptedImporter) -> (artifact id: 'e21b0120430bea0fa2e21c948e840061') in 0.0033495 seconds
Number of updated asset objects reloaded before import = 0Number of asset objects unloaded after import = 0

========================================================================
Received Import Request.
  Time since last request: 0.000012 seconds.
  path: Assets/TextMesh Pro/Examples & Extras/Scenes/23 - Animating Vertex Attributes.unity
  artifactKey: Guid(54e994244b4b467e8583cf2da6dcc716) Importer(2089858483,192608db42251d675da83286b1cce702)
Start importing Assets/TextMesh Pro/Examples & Extras/Scenes/23 - Animating Vertex Attributes.unity using Guid(54e994244b4b467e8583cf2da6dcc716) Importer(2089858483,192608db42251d675da83286b1cce702) (ScriptedImporter) -> (artifact id: '6064515819c3cc11889ace241fba8c7a') in 0.0125012 seconds
Number of updated asset objects reloaded before import = 0Number of asset objects unloaded after import = 1

========================================================================
Received Import Request.
  Time since last request: 0.000016 seconds.
  path: Assets/TextMesh Pro/Examples & Extras/Scripts/EnvMapAnimator.cs
  artifactKey: Guid(a4b6f99e8bc54541bbd149b014ff441c) Importer(2089858483,192608db42251d675da83286b1cce702)
Start importing Assets/TextMesh Pro/Examples & Extras/Scripts/EnvMapAnimator.cs using Guid(a4b6f99e8bc54541bbd149b014ff441c) Importer(2089858483,192608db42251d675da83286b1cce702) (ScriptedImporter) -> (artifact id: '12f1ada5d79ac8c3fd19b5fc9e935682') in 0.0035554 seconds
Number of updated asset objects reloaded before import = 0Number of asset objects unloaded after import = 0

========================================================================
Received Import Request.
  Time since last request: 0.000018 seconds.
  path: Assets/TextMesh Pro/Examples & Extras/Scenes/24 - Surface Shader Example.unity
  artifactKey: Guid(8c4969fd8ba94a68b07cf11f3e7a5137) Importer(2089858483,192608db42251d675da83286b1cce702)
Start importing Assets/TextMesh Pro/Examples & Extras/Scenes/24 - Surface Shader Example.unity using Guid(8c4969fd8ba94a68b07cf11f3e7a5137) Importer(2089858483,192608db42251d675da83286b1cce702) (ScriptedImporter) -> (artifact id: 'd8e01a794ea2931e7a6e91b29bdf6526') in 0.0050651 seconds
Number of updated asset objects reloaded before import = 0Number of asset objects unloaded after import = 1

========================================================================
Received Import Request.
  Time since last request: 0.000017 seconds.
  path: Assets/TextMesh Pro/Examples & Extras/Fonts/Anton.ttf
  artifactKey: Guid(997a43b767814dd0a7642ec9b78cba41) Importer(2089858483,192608db42251d675da83286b1cce702)
Start importing Assets/TextMesh Pro/Examples & Extras/Fonts/Anton.ttf using Guid(997a43b767814dd0a7642ec9b78cba41) Importer(2089858483,192608db42251d675da83286b1cce702) (ScriptedImporter) -> (artifact id: 'f2d7e00b14d083cf808b3665d60d65a9') in 0.015173 seconds
Number of updated asset objects reloaded before import = 0Number of asset objects unloaded after import = 3

========================================================================
Received Import Request.
  Time since last request: 0.000019 seconds.
  path: Assets/TextMesh Pro/Examples & Extras/Scenes/25 - Sunny Days Example.unity
  artifactKey: Guid(f9b4c22e15cff344ba9fc6542a58dd07) Importer(2089858483,192608db42251d675da83286b1cce702)
Start importing Assets/TextMesh Pro/Examples & Extras/Scenes/25 - Sunny Days Example.unity using Guid(f9b4c22e15cff344ba9fc6542a58dd07) Importer(2089858483,192608db42251d675da83286b1cce702) (ScriptedImporter) -> (artifact id: 'b1da2be98bb27a7ecd13c87d91e591c7') in 0.0046402 seconds
Number of updated asset objects reloaded before import = 0Number of asset objects unloaded after import = 1

========================================================================
Received Import Request.
  Time since last request: 0.000023 seconds.
  path: Assets/TextMesh Pro/Resources/Fonts & Materials/LiberationSans SDF - Fallback.asset
  artifactKey: Guid(2e498d1c8094910479dc3e1b768306a4) Importer(2089858483,192608db42251d675da83286b1cce702)
Start importing Assets/TextMesh Pro/Resources/Fonts & Materials/LiberationSans SDF - Fallback.asset using Guid(2e498d1c8094910479dc3e1b768306a4) Importer(2089858483,192608db42251d675da83286b1cce702) (ScriptedImporter) -> (artifact id: 'a8800dbe3fd9f9bd91b0e781bdd8548d') in 0.0142962 seconds
Number of updated asset objects reloaded before import = 0Number of asset objects unloaded after import = 5

========================================================================
Received Import Request.
  Time since last request: 0.000017 seconds.
  path: Assets/TheraBytes/BetterUI/Packages/asmdef_excl_TextMeshPro.unitypackage
  artifactKey: Guid(518d4751079806943acd4923ff4bbbb8) Importer(2089858483,192608db42251d675da83286b1cce702)
Start importing Assets/TheraBytes/BetterUI/Packages/asmdef_excl_TextMeshPro.unitypackage using Guid(518d4751079806943acd4923ff4bbbb8) Importer(2089858483,192608db42251d675da83286b1cce702) (ScriptedImporter) -> (artifact id: '8b4ea932c69d61cc4e78a95461615b8e') in 0.0052712 seconds
Number of updated asset objects reloaded before import = 0Number of asset objects unloaded after import = 1

========================================================================
Received Import Request.
  Time since last request: 0.000015 seconds.
  path: Assets/TextMesh Pro/Examples & Extras/Textures/Mask Zig-n-Zag.psd
  artifactKey: Guid(bb8dfcd263ad4eb383a33d74a720be6f) Importer(2089858483,192608db42251d675da83286b1cce702)
Start importing Assets/TextMesh Pro/Examples & Extras/Textures/Mask Zig-n-Zag.psd using Guid(bb8dfcd263ad4eb383a33d74a720be6f) Importer(2089858483,192608db42251d675da83286b1cce702) (ScriptedImporter) -> (artifact id: '26fbf555f6a8cd81964997aaa8c3396c') in 0.0096841 seconds
Number of updated asset objects reloaded before import = 0Number of asset objects unloaded after import = 1

========================================================================
Received Import Request.
  Time since last request: 0.000019 seconds.
  path: Assets/TextMesh Pro/Examples & Extras/Fonts/Roboto-Bold.ttf
  artifactKey: Guid(4beb055f07aaff244873dec698d0363e) Importer(2089858483,192608db42251d675da83286b1cce702)
Start importing Assets/TextMesh Pro/Examples & Extras/Fonts/Roboto-Bold.ttf using Guid(4beb055f07aaff244873dec698d0363e) Importer(2089858483,192608db42251d675da83286b1cce702) (ScriptedImporter) -> (artifact id: '1a56f230f45d10ea09cc0e137be570bc') in 0.0074963 seconds
Number of updated asset objects reloaded before import = 0Number of asset objects unloaded after import = 3

========================================================================
Received Import Request.
  Time since last request: 0.000025 seconds.
  path: Assets/TextMesh Pro/Examples & Extras/Prefabs/Text Popup.prefab
  artifactKey: Guid(b06f0e6c1dfa4356ac918da1bb32c603) Importer(2089858483,192608db42251d675da83286b1cce702)
Start importing Assets/TextMesh Pro/Examples & Extras/Prefabs/Text Popup.prefab using Guid(b06f0e6c1dfa4356ac918da1bb32c603) Importer(2089858483,192608db42251d675da83286b1cce702) (ScriptedImporter) -> (artifact id: 'e9ee0f228a827e7da667cea45b998144') in 0.055408 seconds
Number of updated asset objects reloaded before import = 0Number of asset objects unloaded after import = 21

========================================================================
Received Import Request.
  Time since last request: 0.000024 seconds.
  path: Assets/TheraBytes/BetterUI/Packages/BetterUI_TextMeshPro_UiEditorPanel.unitypackage
  artifactKey: Guid(4da6d968ec66b6a468b79e33c4cb4651) Importer(2089858483,192608db42251d675da83286b1cce702)
Start importing Assets/TheraBytes/BetterUI/Packages/BetterUI_TextMeshPro_UiEditorPanel.unitypackage using Guid(4da6d968ec66b6a468b79e33c4cb4651) Importer(2089858483,192608db42251d675da83286b1cce702) (ScriptedImporter) -> (artifact id: 'f3ca0877fed4de6f2e3c2cc8cec32155') in 0.0036084 seconds
Number of updated asset objects reloaded before import = 0Number of asset objects unloaded after import = 1

========================================================================
Received Import Request.
  Time since last request: 0.000034 seconds.
  path: Assets/TextMesh Pro/Examples & Extras/Scenes/19 - Masking Texture & Soft Mask.unity
  artifactKey: Guid(9abcd5bd764646568a6ea70d00f9264c) Importer(2089858483,192608db42251d675da83286b1cce702)
Start importing Assets/TextMesh Pro/Examples & Extras/Scenes/19 - Masking Texture & Soft Mask.unity using Guid(9abcd5bd764646568a6ea70d00f9264c) Importer(2089858483,192608db42251d675da83286b1cce702) (ScriptedImporter) -> (artifact id: 'acc2afe788644ec09322970df16ea89f') in 0.0045806 seconds
Number of updated asset objects reloaded before import = 0Number of asset objects unloaded after import = 1

========================================================================
Received Import Request.
  Time since last request: 0.000017 seconds.
  path: Assets/TextMesh Pro/Examples & Extras/Scripts/VertexColorCycler.cs
  artifactKey: Guid(91b8ba3d52e041fab2d0e0f169855539) Importer(2089858483,192608db42251d675da83286b1cce702)
Start importing Assets/TextMesh Pro/Examples & Extras/Scripts/VertexColorCycler.cs using Guid(91b8ba3d52e041fab2d0e0f169855539) Importer(2089858483,192608db42251d675da83286b1cce702) (ScriptedImporter) -> (artifact id: 'fbcd002c268f9847157be7a9c1965b05') in 0.0034928 seconds
Number of updated asset objects reloaded before import = 0Number of asset objects unloaded after import = 0

========================================================================
Received Import Request.
  Time since last request: 0.000034 seconds.
  path: Assets/TextMesh Pro/Examples & Extras/Scenes/09 - Margin Tag Example.unity
  artifactKey: Guid(349f38d3606449708c7340d26740e1e2) Importer(2089858483,192608db42251d675da83286b1cce702)
Start importing Assets/TextMesh Pro/Examples & Extras/Scenes/09 - Margin Tag Example.unity using Guid(349f38d3606449708c7340d26740e1e2) Importer(2089858483,192608db42251d675da83286b1cce702) (ScriptedImporter) -> (artifact id: 'f1848c336272fff393272eb011a50980') in 0.0036872 seconds
Number of updated asset objects reloaded before import = 0Number of asset objects unloaded after import = 1

========================================================================
Received Import Request.
  Time since last request: 0.000020 seconds.
  path: Assets/TextMesh Pro/Examples & Extras/Fonts/Oswald-Bold - OFL.txt
  artifactKey: Guid(d2cf87a8a7a94aa8b80dff1c807c1178) Importer(2089858483,192608db42251d675da83286b1cce702)
Start importing Assets/TextMesh Pro/Examples & Extras/Fonts/Oswald-Bold - OFL.txt using Guid(d2cf87a8a7a94aa8b80dff1c807c1178) Importer(2089858483,192608db42251d675da83286b1cce702) (ScriptedImporter) -> (artifact id: '98af4304fc21c8f59c85868cb1268ff6') in 0.0041229 seconds
Number of updated asset objects reloaded before import = 0Number of asset objects unloaded after import = 1

========================================================================
Received Import Request.
  Time since last request: 0.000024 seconds.
  path: Assets/TextMesh Pro/Examples & Extras/Scripts/VertexZoom.cs
  artifactKey: Guid(52ec835d14bd486f900952b77698b7eb) Importer(2089858483,192608db42251d675da83286b1cce702)
Start importing Assets/TextMesh Pro/Examples & Extras/Scripts/VertexZoom.cs using Guid(52ec835d14bd486f900952b77698b7eb) Importer(2089858483,192608db42251d675da83286b1cce702) (ScriptedImporter) -> (artifact id: '41423dc2725d7b0073a297f882710e4b') in 0.0035262 seconds
Number of updated asset objects reloaded before import = 0Number of asset objects unloaded after import = 0

========================================================================
Received Import Request.
  Time since last request: 0.000028 seconds.
  path: Assets/TextMesh Pro/Resources/Fonts & Materials/LiberationSans SDF - Drop Shadow.mat
  artifactKey: Guid(e73a58f6e2794ae7b1b7e50b7fb811b0) Importer(2089858483,192608db42251d675da83286b1cce702)
Start importing Assets/TextMesh Pro/Resources/Fonts & Materials/LiberationSans SDF - Drop Shadow.mat using Guid(e73a58f6e2794ae7b1b7e50b7fb811b0) Importer(2089858483,192608db42251d675da83286b1cce702) (ScriptedImporter) -> (artifact id: '7e663c11b75f9d1090ff9a9fd73fec68') in 0.0275476 seconds
Number of updated asset objects reloaded before import = 0Number of asset objects unloaded after import = 2

========================================================================
Received Import Request.
  Time since last request: 0.000023 seconds.
  path: Assets/TextMesh Pro/Examples & Extras/Prefabs/TextMeshPro - Prefab 1.prefab
  artifactKey: Guid(a6e39ced0ea046bcb636c3f0b2e2a745) Importer(2089858483,192608db42251d675da83286b1cce702)
Start importing Assets/TextMesh Pro/Examples & Extras/Prefabs/TextMeshPro - Prefab 1.prefab using Guid(a6e39ced0ea046bcb636c3f0b2e2a745) Importer(2089858483,192608db42251d675da83286b1cce702) (ScriptedImporter) -> (artifact id: 'f94f3e23ff1a770c8d5cba5a0be641a6') in 0.0927282 seconds
Number of updated asset objects reloaded before import = 0Number of asset objects unloaded after import = 16

========================================================================
Received Import Request.
  Time since last request: 0.000018 seconds.
  path: Assets/TextMesh Pro/Examples & Extras/Scenes/13 - Soft Hyphenation.unity
  artifactKey: Guid(875684baf40f4d008ce806d03e2a81b2) Importer(2089858483,192608db42251d675da83286b1cce702)
Start importing Assets/TextMesh Pro/Examples & Extras/Scenes/13 - Soft Hyphenation.unity using Guid(875684baf40f4d008ce806d03e2a81b2) Importer(2089858483,192608db42251d675da83286b1cce702) (ScriptedImporter) -> (artifact id: '531d9e89b17079be2a26762665a6cdc1') in 0.003635 seconds
Number of updated asset objects reloaded before import = 0Number of asset objects unloaded after import = 1

========================================================================
Received Import Request.
  Time since last request: 0.000019 seconds.
  path: Assets/GoogleMobileAds/Api/Mediation/MediationExtras.cs
  artifactKey: Guid(0de15b956fe424835a3adc74de6e677d) Importer(2089858483,192608db42251d675da83286b1cce702)
Start importing Assets/GoogleMobileAds/Api/Mediation/MediationExtras.cs using Guid(0de15b956fe424835a3adc74de6e677d) Importer(2089858483,192608db42251d675da83286b1cce702) (ScriptedImporter) -> (artifact id: 'bd7a1893b9105feb0d59e24d38fc4c5a') in 0.0041552 seconds
Number of updated asset objects reloaded before import = 0Number of asset objects unloaded after import = 0

========================================================================
Received Import Request.
  Time since last request: 0.000072 seconds.
  path: Assets/TextMesh Pro/Examples & Extras/Scenes/03 - Line Justification.unity
  artifactKey: Guid(21a509e1d3cd49978623fa564adb6f02) Importer(2089858483,192608db42251d675da83286b1cce702)
Start importing Assets/TextMesh Pro/Examples & Extras/Scenes/03 - Line Justification.unity using Guid(21a509e1d3cd49978623fa564adb6f02) Importer(2089858483,192608db42251d675da83286b1cce702) (ScriptedImporter) -> (artifact id: '79eac9f28dbdfdd9d0ce61a3d69fd16a') in 0.0044494 seconds
Number of updated asset objects reloaded before import = 0Number of asset objects unloaded after import = 1

========================================================================
Received Import Request.
  Time since last request: 0.000017 seconds.
  path: Assets/TextMesh Pro/Examples & Extras/Textures/Floor Tiles 1 - diffuse.jpg
  artifactKey: Guid(85ac55597b97403c82fc6601a93cf241) Importer(2089858483,192608db42251d675da83286b1cce702)
Start importing Assets/TextMesh Pro/Examples & Extras/Textures/Floor Tiles 1 - diffuse.jpg using Guid(85ac55597b97403c82fc6601a93cf241) Importer(2089858483,192608db42251d675da83286b1cce702) (ScriptedImporter) -> (artifact id: 'd820fe6eee291cef86234de1f52701e7') in 0.0165813 seconds
Number of updated asset objects reloaded before import = 0Number of asset objects unloaded after import = 1

========================================================================
Received Import Request.
  Time since last request: 0.000022 seconds.
  path: Assets/TextMesh Pro/Examples & Extras/Scenes/07 - Superscript & Subscript Example.unity
  artifactKey: Guid(03ec435d4b7140e9b2d87f79136d8374) Importer(2089858483,192608db42251d675da83286b1cce702)
Start importing Assets/TextMesh Pro/Examples & Extras/Scenes/07 - Superscript & Subscript Example.unity using Guid(03ec435d4b7140e9b2d87f79136d8374) Importer(2089858483,192608db42251d675da83286b1cce702) (ScriptedImporter) -> (artifact id: 'bf7aff07d8587f43c8e7dcf497875b7a') in 0.0041025 seconds
Number of updated asset objects reloaded before import = 0Number of asset objects unloaded after import = 1

========================================================================
Received Import Request.
  Time since last request: 0.000021 seconds.
  path: Assets/TextMesh Pro/Examples & Extras/Fonts/Unity - OFL.txt
  artifactKey: Guid(0251f66ebc602a944b35bccd13be2738) Importer(2089858483,192608db42251d675da83286b1cce702)
Start importing Assets/TextMesh Pro/Examples & Extras/Fonts/Unity - OFL.txt using Guid(0251f66ebc602a944b35bccd13be2738) Importer(2089858483,192608db42251d675da83286b1cce702) (ScriptedImporter) -> (artifact id: '4355c1da2614f44c76065477ad2d2d6c') in 0.0041061 seconds
Number of updated asset objects reloaded before import = 0Number of asset objects unloaded after import = 1

========================================================================
Received Import Request.
  Time since last request: 0.000019 seconds.
  path: Assets/TextMesh Pro/Examples & Extras/Scripts/SimpleScript.cs
  artifactKey: Guid(9eff140b25d64601aabc6ba32245d099) Importer(2089858483,192608db42251d675da83286b1cce702)
Start importing Assets/TextMesh Pro/Examples & Extras/Scripts/SimpleScript.cs using Guid(9eff140b25d64601aabc6ba32245d099) Importer(2089858483,192608db42251d675da83286b1cce702) (ScriptedImporter) -> (artifact id: 'a173040f84b46f247370b52c123f13b4') in 0.0044845 seconds
Number of updated asset objects reloaded before import = 0Number of asset objects unloaded after import = 0

========================================================================
Received Import Request.
  Time since last request: 0.000030 seconds.
  path: Assets/TextMesh Pro/Examples & Extras/Textures/Small Crate_diffuse.jpg
  artifactKey: Guid(602cb87b6a29443b8636370ea0751574) Importer(2089858483,192608db42251d675da83286b1cce702)
Start importing Assets/TextMesh Pro/Examples & Extras/Textures/Small Crate_diffuse.jpg using Guid(602cb87b6a29443b8636370ea0751574) Importer(2089858483,192608db42251d675da83286b1cce702) (ScriptedImporter) -> (artifact id: '53126f9d868cb8a9ad9166b050d03309') in 0.0129034 seconds
Number of updated asset objects reloaded before import = 0Number of asset objects unloaded after import = 1

========================================================================
Received Import Request.
  Time since last request: 0.247016 seconds.
  path: Assets/TheraBytes/BetterUI/Runtime/TheraBytes.BetterUi.Runtime.asmdef
  artifactKey: Guid(396257723a08def4c852a9ce37d5d5f0) Importer(2089858483,192608db42251d675da83286b1cce702)
Start importing Assets/TheraBytes/BetterUI/Runtime/TheraBytes.BetterUi.Runtime.asmdef using Guid(396257723a08def4c852a9ce37d5d5f0) Importer(2089858483,192608db42251d675da83286b1cce702) (ScriptedImporter) -> (artifact id: '9bb37acad3e237b7c674fd7d63aa1344') in 0.0040608 seconds
Number of updated asset objects reloaded before import = 0Number of asset objects unloaded after import = 1

========================================================================
Received Import Request.
  Time since last request: 0.000014 seconds.
  path: Assets/unity-ui-extensions/Scripts/Utilities/UIScrollToSelection.cs
  artifactKey: Guid(b35bd2ce6e015bb4f840cf9267dbe421) Importer(2089858483,192608db42251d675da83286b1cce702)
Start importing Assets/unity-ui-extensions/Scripts/Utilities/UIScrollToSelection.cs using Guid(b35bd2ce6e015bb4f840cf9267dbe421) Importer(2089858483,192608db42251d675da83286b1cce702) (ScriptedImporter) -> (artifact id: '389c636bd8f8f4b7b654f62c945c175c') in 0.0051714 seconds
Number of updated asset objects reloaded before import = 0Number of asset objects unloaded after import = 0

========================================================================
Received Import Request.
  Time since last request: 0.000056 seconds.
  path: Assets/unity-ui-extensions/Scripts/Utilities/TestCompression.cs
  artifactKey: Guid(585e75d4a56389b4690b3506f37751bc) Importer(2089858483,192608db42251d675da83286b1cce702)
Start importing Assets/unity-ui-extensions/Scripts/Utilities/TestCompression.cs using Guid(585e75d4a56389b4690b3506f37751bc) Importer(2089858483,192608db42251d675da83286b1cce702) (ScriptedImporter) -> (artifact id: 'd21e15852c6ded19360caa109f7565c3') in 0.0035313 seconds
Number of updated asset objects reloaded before import = 0Number of asset objects unloaded after import = 0

========================================================================
Received Import Request.
  Time since last request: 0.000051 seconds.
  path: Assets/unity-ui-extensions/Scripts/Effects/UIFlippable.cs
  artifactKey: Guid(67f304b9bd84e9848bcfb79f47790081) Importer(2089858483,192608db42251d675da83286b1cce702)
Start importing Assets/unity-ui-extensions/Scripts/Effects/UIFlippable.cs using Guid(67f304b9bd84e9848bcfb79f47790081) Importer(2089858483,192608db42251d675da83286b1cce702) (ScriptedImporter) -> (artifact id: 'f2ff51f17c4912819f19d5de4ecdce71') in 0.0041318 seconds
Number of updated asset objects reloaded before import = 0Number of asset objects unloaded after import = 0

========================================================================
Received Import Request.
  Time since last request: 0.000028 seconds.
  path: Assets/unity-ui-extensions/Scripts/Primitives/UIPolygon.cs
  artifactKey: Guid(fcd1b8078a416f844b695454a4358409) Importer(2089858483,192608db42251d675da83286b1cce702)
Start importing Assets/unity-ui-extensions/Scripts/Primitives/UIPolygon.cs using Guid(fcd1b8078a416f844b695454a4358409) Importer(2089858483,192608db42251d675da83286b1cce702) (ScriptedImporter) -> (artifact id: '4cfdfeac67d2b42859737890a8f661c5') in 0.0037441 seconds
Number of updated asset objects reloaded before import = 0Number of asset objects unloaded after import = 0

========================================================================
Received Import Request.
  Time since last request: 0.000032 seconds.
  path: Assets/unity-ui-extensions/Scripts/Layout/FlowLayoutGroup.cs
  artifactKey: Guid(558b109da67a27b4686138b955f3a7e8) Importer(2089858483,192608db42251d675da83286b1cce702)
Start importing Assets/unity-ui-extensions/Scripts/Layout/FlowLayoutGroup.cs using Guid(558b109da67a27b4686138b955f3a7e8) Importer(2089858483,192608db42251d675da83286b1cce702) (ScriptedImporter) -> (artifact id: 'df2786608f4e5c920e0e379aed978008') in 0.0033437 seconds
Number of updated asset objects reloaded before import = 0Number of asset objects unloaded after import = 0

========================================================================
Received Import Request.
  Time since last request: 0.000037 seconds.
  path: Assets/TextMesh Pro/Examples & Extras/Resources/Color Gradient Presets/Light to Dark Green - Vertical.asset
  artifactKey: Guid(5cf8ae092ca54931b443bec5148f3c59) Importer(2089858483,192608db42251d675da83286b1cce702)
Start importing Assets/TextMesh Pro/Examples & Extras/Resources/Color Gradient Presets/Light to Dark Green - Vertical.asset using Guid(5cf8ae092ca54931b443bec5148f3c59) Importer(2089858483,192608db42251d675da83286b1cce702) (ScriptedImporter) -> (artifact id: '6703c65bfc31e43b6fa854eaedd736c1') in 0.0055242 seconds
Number of updated asset objects reloaded before import = 0Number of asset objects unloaded after import = 1

========================================================================
Received Import Request.
  Time since last request: 0.000029 seconds.
  path: Assets/TheraBytes/BetterUI/Editor/Icons/anchor_override_icon.png
  artifactKey: Guid(1bd09dd33eaef464095fd8b93f5fc2aa) Importer(2089858483,192608db42251d675da83286b1cce702)
Start importing Assets/TheraBytes/BetterUI/Editor/Icons/anchor_override_icon.png using Guid(1bd09dd33eaef464095fd8b93f5fc2aa) Importer(2089858483,192608db42251d675da83286b1cce702) (ScriptedImporter) -> (artifact id: 'c40892c13bd027f777f18869babdc873') in 0.0089161 seconds
Number of updated asset objects reloaded before import = 0Number of asset objects unloaded after import = 1

========================================================================
Received Import Request.
  Time since last request: 0.000018 seconds.
  path: Assets/TextMesh Pro/Examples & Extras/Resources/Fonts & Materials/Anton SDF - Drop Shadow.mat
  artifactKey: Guid(749b9069dc4742c5bfa5c74644049926) Importer(2089858483,192608db42251d675da83286b1cce702)
Start importing Assets/TextMesh Pro/Examples & Extras/Resources/Fonts & Materials/Anton SDF - Drop Shadow.mat using Guid(749b9069dc4742c5bfa5c74644049926) Importer(2089858483,192608db42251d675da83286b1cce702) (ScriptedImporter) -> (artifact id: 'd45390c0e3d8d26a17a90b002a830c2d') in 0.0064314 seconds
Number of updated asset objects reloaded before import = 0Number of asset objects unloaded after import = 2

========================================================================
Received Import Request.
  Time since last request: 0.000020 seconds.
  path: Assets/TheraBytes/BetterUI_TextMeshPro/Editor/Icons/TMP_Dropdown.png
  artifactKey: Guid(274163dc4b6369240aaf44d6913115db) Importer(2089858483,192608db42251d675da83286b1cce702)
Start importing Assets/TheraBytes/BetterUI_TextMeshPro/Editor/Icons/TMP_Dropdown.png using Guid(274163dc4b6369240aaf44d6913115db) Importer(2089858483,192608db42251d675da83286b1cce702) (ScriptedImporter) -> (artifact id: '3299548b61a1d0a21f213a43f6b3f10a') in 0.0105197 seconds
Number of updated asset objects reloaded before import = 0Number of asset objects unloaded after import = 1

========================================================================
Received Import Request.
  Time since last request: 0.000021 seconds.
  path: Assets/unity-ui-extensions/Scripts/Utilities/UI_InfiniteScroll.cs
  artifactKey: Guid(61fe0f6272fa94d4eb3dafc6aecd50ff) Importer(2089858483,192608db42251d675da83286b1cce702)
Start importing Assets/unity-ui-extensions/Scripts/Utilities/UI_InfiniteScroll.cs using Guid(61fe0f6272fa94d4eb3dafc6aecd50ff) Importer(2089858483,192608db42251d675da83286b1cce702) (ScriptedImporter) -> (artifact id: '90908b67a5fd28736f50637a8b1793db') in 0.0052956 seconds
Number of updated asset objects reloaded before import = 0Number of asset objects unloaded after import = 0

========================================================================
Received Import Request.
  Time since last request: 0.000031 seconds.
  path: Assets/unity-ui-extensions/Scripts/VR Extensions/VRInputModule.cs
  artifactKey: Guid(303ab8dad3437bf46814373cfb86cc5d) Importer(2089858483,192608db42251d675da83286b1cce702)
Start importing Assets/unity-ui-extensions/Scripts/VR Extensions/VRInputModule.cs using Guid(303ab8dad3437bf46814373cfb86cc5d) Importer(2089858483,192608db42251d675da83286b1cce702) (ScriptedImporter) -> (artifact id: '33af416a0aa2cd7935b50ddf225390d1') in 0.0039861 seconds
Number of updated asset objects reloaded before import = 0Number of asset objects unloaded after import = 0

========================================================================
Received Import Request.
  Time since last request: 0.000040 seconds.
  path: Assets/TextMesh Pro/Examples & Extras/Resources/Fonts & Materials/Anton SDF.asset
  artifactKey: Guid(8a89fa14b10d46a99122fd4f73fca9a2) Importer(2089858483,192608db42251d675da83286b1cce702)
Start importing Assets/TextMesh Pro/Examples & Extras/Resources/Fonts & Materials/Anton SDF.asset using Guid(8a89fa14b10d46a99122fd4f73fca9a2) Importer(2089858483,192608db42251d675da83286b1cce702) (ScriptedImporter) -> (artifact id: '287dd363deeb0fe178959ef03411884b') in 0.0127278 seconds
Number of updated asset objects reloaded before import = 0Number of asset objects unloaded after import = 5

========================================================================
Received Import Request.
  Time since last request: 0.000024 seconds.
  path: Assets/unity-ui-extensions/Scripts/Layout/ScrollSnapBase.cs
  artifactKey: Guid(c2a77c45e5354bf40bbd63bd817dee47) Importer(2089858483,192608db42251d675da83286b1cce702)
Start importing Assets/unity-ui-extensions/Scripts/Layout/ScrollSnapBase.cs using Guid(c2a77c45e5354bf40bbd63bd817dee47) Importer(2089858483,192608db42251d675da83286b1cce702) (ScriptedImporter) -> (artifact id: '831c8bb60414a2a391c3c01acfbaec8e') in 0.0050667 seconds
Number of updated asset objects reloaded before import = 0Number of asset objects unloaded after import = 0

========================================================================
Received Import Request.
  Time since last request: 0.000040 seconds.
  path: Assets/unity-ui-extensions/Scripts/Primitives/UILineRenderer.cs
  artifactKey: Guid(5b33b2e663e78774c9f0c9af55018725) Importer(2089858483,192608db42251d675da83286b1cce702)
Start importing Assets/unity-ui-extensions/Scripts/Primitives/UILineRenderer.cs using Guid(5b33b2e663e78774c9f0c9af55018725) Importer(2089858483,192608db42251d675da83286b1cce702) (ScriptedImporter) -> (artifact id: 'fbb1a2f01f3d2df33d2d9fee365de44b') in 0.0037114 seconds
Number of updated asset objects reloaded before import = 0Number of asset objects unloaded after import = 0

========================================================================
Received Import Request.
  Time since last request: 0.000032 seconds.
  path: Assets/unity-ui-extensions/Scripts/Utilities/ScrollRectEx.cs
  artifactKey: Guid(5a7b69ea2282ad240824a4bce7a65a46) Importer(2089858483,192608db42251d675da83286b1cce702)
Start importing Assets/unity-ui-extensions/Scripts/Utilities/ScrollRectEx.cs using Guid(5a7b69ea2282ad240824a4bce7a65a46) Importer(2089858483,192608db42251d675da83286b1cce702) (ScriptedImporter) -> (artifact id: '754a7dab29d2a2e6886ea2718398a091') in 0.0041348 seconds
Number of updated asset objects reloaded before import = 0Number of asset objects unloaded after import = 0

========================================================================
Received Import Request.
  Time since last request: 0.000018 seconds.
  path: Assets/TheraBytes/BetterUI_TextMeshPro/Runtime/BetterTextMeshProInputField.cs
  artifactKey: Guid(ba4f4fc5a9d2961418adcc540f11923d) Importer(2089858483,192608db42251d675da83286b1cce702)
Start importing Assets/TheraBytes/BetterUI_TextMeshPro/Runtime/BetterTextMeshProInputField.cs using Guid(ba4f4fc5a9d2961418adcc540f11923d) Importer(2089858483,192608db42251d675da83286b1cce702) (ScriptedImporter) -> (artifact id: '5dc26e85f0b2b0baf06ea6ccb00b57ca') in 0.0045067 seconds
Number of updated asset objects reloaded before import = 0Number of asset objects unloaded after import = 1

========================================================================
Received Import Request.
  Time since last request: 0.000016 seconds.
  path: Assets/TheraBytes/BetterUI/Editor/Icons/Toggle Icon.png
  artifactKey: Guid(2c29e5209ee718248afdd1b2ee35dd93) Importer(2089858483,192608db42251d675da83286b1cce702)
Start importing Assets/TheraBytes/BetterUI/Editor/Icons/Toggle Icon.png using Guid(2c29e5209ee718248afdd1b2ee35dd93) Importer(2089858483,192608db42251d675da83286b1cce702) (ScriptedImporter) -> (artifact id: '46669357d505498ff68a2547282d60d4') in 0.0089976 seconds
Number of updated asset objects reloaded before import = 0Number of asset objects unloaded after import = 1

========================================================================
Received Import Request.
  Time since last request: 0.000025 seconds.
  path: Assets/TheraBytes/BetterUI_TextMeshPro/Editor/Icons/TMP_Text.png
  artifactKey: Guid(967cce90d913d1f4792687829888444f) Importer(2089858483,192608db42251d675da83286b1cce702)
Start importing Assets/TheraBytes/BetterUI_TextMeshPro/Editor/Icons/TMP_Text.png using Guid(967cce90d913d1f4792687829888444f) Importer(2089858483,192608db42251d675da83286b1cce702) (ScriptedImporter) -> (artifact id: '9bba2babe29aa46335e8a453640db5c7') in 0.010599 seconds
Number of updated asset objects reloaded before import = 0Number of asset objects unloaded after import = 1

========================================================================
Received Import Request.
  Time since last request: 0.000051 seconds.
  path: Assets/TextMesh Pro/Examples & Extras/Resources/Fonts & Materials/Roboto-Bold SDF.asset
  artifactKey: Guid(5302535af1044152a457ed104f1f4b91) Importer(2089858483,192608db42251d675da83286b1cce702)
Start importing Assets/TextMesh Pro/Examples & Extras/Resources/Fonts & Materials/Roboto-Bold SDF.asset using Guid(5302535af1044152a457ed104f1f4b91) Importer(2089858483,192608db42251d675da83286b1cce702) (ScriptedImporter) -> (artifact id: 'd15e4046c8a363ed48a75546c87bc5d0') in 0.0146452 seconds
Number of updated asset objects reloaded before import = 0Number of asset objects unloaded after import = 5

========================================================================
Received Import Request.
  Time since last request: 0.000017 seconds.
  path: Assets/unity-ui-extensions/Scripts/Layout/ScrollSnap.cs
  artifactKey: Guid(c598b387777d96643991be3f0b6c98c2) Importer(2089858483,192608db42251d675da83286b1cce702)
Start importing Assets/unity-ui-extensions/Scripts/Layout/ScrollSnap.cs using Guid(c598b387777d96643991be3f0b6c98c2) Importer(2089858483,192608db42251d675da83286b1cce702) (ScriptedImporter) -> (artifact id: 'c27a48968ec9cd30257dcb685c24e957') in 0.003446 seconds
Number of updated asset objects reloaded before import = 0Number of asset objects unloaded after import = 0

========================================================================
Received Import Request.
  Time since last request: 0.000053 seconds.
  path: Assets/TheraBytes/BetterUI/Editor/Icons/Slider Icon.png
  artifactKey: Guid(db076754f5781fa42b53b6877ec90005) Importer(2089858483,192608db42251d675da83286b1cce702)
Start importing Assets/TheraBytes/BetterUI/Editor/Icons/Slider Icon.png using Guid(db076754f5781fa42b53b6877ec90005) Importer(2089858483,192608db42251d675da83286b1cce702) (ScriptedImporter) -> (artifact id: 'c0fde3f140146557b129f215b115d56a') in 0.0116923 seconds
Number of updated asset objects reloaded before import = 0Number of asset objects unloaded after import = 1

========================================================================
Received Import Request.
  Time since last request: 0.000015 seconds.
  path: Assets/TheraBytes/BetterUI/Editor/Icons/Scrollbar Icon.png
  artifactKey: Guid(7e978a981d999ed46ba43e1dc3b8d4e6) Importer(2089858483,192608db42251d675da83286b1cce702)
Start importing Assets/TheraBytes/BetterUI/Editor/Icons/Scrollbar Icon.png using Guid(7e978a981d999ed46ba43e1dc3b8d4e6) Importer(2089858483,192608db42251d675da83286b1cce702) (ScriptedImporter) -> (artifact id: '0e50d2a96f50870a9f166d391a194284') in 0.0092112 seconds
Number of updated asset objects reloaded before import = 0Number of asset objects unloaded after import = 1

========================================================================
Received Import Request.
  Time since last request: 0.000074 seconds.
  path: Assets/TextMesh Pro/Examples & Extras/Resources/Fonts & Materials/Bangers SDF - Outline.mat
  artifactKey: Guid(f629c6e43dba4bf38cb74d8860150664) Importer(2089858483,192608db42251d675da83286b1cce702)
Start importing Assets/TextMesh Pro/Examples & Extras/Resources/Fonts & Materials/Bangers SDF - Outline.mat using Guid(f629c6e43dba4bf38cb74d8860150664) Importer(2089858483,192608db42251d675da83286b1cce702) (ScriptedImporter) -> (artifact id: '50ccf8495e6c12156b4e031188f9e92a') in 0.0068375 seconds
Number of updated asset objects reloaded before import = 0Number of asset objects unloaded after import = 2

========================================================================
Received Import Request.
  Time since last request: 0.000031 seconds.
  path: Assets/TheraBytes/BetterUI_TextMeshPro/Runtime/BetterTextMeshProUGUI.cs
  artifactKey: Guid(0220f4040307f2a45a27ef20a895b030) Importer(2089858483,192608db42251d675da83286b1cce702)
Start importing Assets/TheraBytes/BetterUI_TextMeshPro/Runtime/BetterTextMeshProUGUI.cs using Guid(0220f4040307f2a45a27ef20a895b030) Importer(2089858483,192608db42251d675da83286b1cce702) (ScriptedImporter) -> (artifact id: '5c49f700b1c9c30f81c43f22d04e67c1') in 0.0043617 seconds
Number of updated asset objects reloaded before import = 0Number of asset objects unloaded after import = 1

========================================================================
Received Import Request.
  Time since last request: 0.000022 seconds.
  path: Assets/unity-ui-extensions/Scripts/VR Extensions/VRCursor.cs
  artifactKey: Guid(3d7a94ee2faf9f04696882b3a2cbf035) Importer(2089858483,192608db42251d675da83286b1cce702)
Start importing Assets/unity-ui-extensions/Scripts/VR Extensions/VRCursor.cs using Guid(3d7a94ee2faf9f04696882b3a2cbf035) Importer(2089858483,192608db42251d675da83286b1cce702) (ScriptedImporter) -> (artifact id: 'eacb908cb0eca556b5396fe602be0a5d') in 0.0037922 seconds
Number of updated asset objects reloaded before import = 0Number of asset objects unloaded after import = 0

========================================================================
Received Import Request.
  Time since last request: 0.000056 seconds.
  path: Assets/TheraBytes/BetterUI/Editor/Icons/Button Icon.png
  artifactKey: Guid(23acf9b70804542468bd846b1c62d7b0) Importer(2089858483,192608db42251d675da83286b1cce702)
Start importing Assets/TheraBytes/BetterUI/Editor/Icons/Button Icon.png using Guid(23acf9b70804542468bd846b1c62d7b0) Importer(2089858483,192608db42251d675da83286b1cce702) (ScriptedImporter) -> (artifact id: '284900132361672e94b354e9e87a913c') in 0.0101446 seconds
Number of updated asset objects reloaded before import = 0Number of asset objects unloaded after import = 1

========================================================================
Received Import Request.
  Time since last request: 0.000088 seconds.
  path: Assets/unity-ui-extensions/Scripts/Utilities/switchToRectTransform.cs
  artifactKey: Guid(977482c1b88728145ba612c0fdec3b92) Importer(2089858483,192608db42251d675da83286b1cce702)
Start importing Assets/unity-ui-extensions/Scripts/Utilities/switchToRectTransform.cs using Guid(977482c1b88728145ba612c0fdec3b92) Importer(2089858483,192608db42251d675da83286b1cce702) (ScriptedImporter) -> (artifact id: '4f295f7d4b00adeab363801eae2894dc') in 0.0041173 seconds
Number of updated asset objects reloaded before import = 0Number of asset objects unloaded after import = 0

========================================================================
Received Import Request.
  Time since last request: 0.000037 seconds.
  path: Assets/TextMesh Pro/Examples & Extras/Resources/Fonts & Materials/LiberationSans SDF - Metalic Green.mat
  artifactKey: Guid(8b29aaa3eec7468097ff07adfcf29ac9) Importer(2089858483,192608db42251d675da83286b1cce702)
Start importing Assets/TextMesh Pro/Examples & Extras/Resources/Fonts & Materials/LiberationSans SDF - Metalic Green.mat using Guid(8b29aaa3eec7468097ff07adfcf29ac9) Importer(2089858483,192608db42251d675da83286b1cce702) (ScriptedImporter) -> (artifact id: 'e1f4e1919cca6e46bfb38206125e9497') in 0.0214436 seconds
Number of updated asset objects reloaded before import = 0Number of asset objects unloaded after import = 4

========================================================================
Received Import Request.
  Time since last request: 0.000020 seconds.
  path: Assets/unity-ui-extensions/Scripts/Utilities/ExtensionsToggleGroup.cs
  artifactKey: Guid(bf31acdd4bba9fc45b8a5cc6de985aee) Importer(2089858483,192608db42251d675da83286b1cce702)
Start importing Assets/unity-ui-extensions/Scripts/Utilities/ExtensionsToggleGroup.cs using Guid(bf31acdd4bba9fc45b8a5cc6de985aee) Importer(2089858483,192608db42251d675da83286b1cce702) (ScriptedImporter) -> (artifact id: '0e5684203546f4b5a3c410f7116d74c1') in 0.0036375 seconds
Number of updated asset objects reloaded before import = 0Number of asset objects unloaded after import = 0

========================================================================
Received Import Request.
  Time since last request: 0.000023 seconds.
  path: Assets/Plugins/Demigiant/DOTween/Modules/DOTweenModuleUnityVersion.cs
  artifactKey: Guid(63c02322328255542995bd02b47b0457) Importer(2089858483,192608db42251d675da83286b1cce702)
Start importing Assets/Plugins/Demigiant/DOTween/Modules/DOTweenModuleUnityVersion.cs using Guid(63c02322328255542995bd02b47b0457) Importer(2089858483,192608db42251d675da83286b1cce702) (ScriptedImporter) -> (artifact id: '1cf65779cde69af08b909e5b8bd1a1d2') in 0.0048045 seconds
Number of updated asset objects reloaded before import = 0Number of asset objects unloaded after import = 0

========================================================================
Received Import Request.
  Time since last request: 0.000048 seconds.
  path: Assets/unity-ui-extensions/Scripts/Utilities/ScrollConflictManager.cs
  artifactKey: Guid(cee880d45d4659540ada44c73f95a947) Importer(2089858483,192608db42251d675da83286b1cce702)
Start importing Assets/unity-ui-extensions/Scripts/Utilities/ScrollConflictManager.cs using Guid(cee880d45d4659540ada44c73f95a947) Importer(2089858483,192608db42251d675da83286b1cce702) (ScriptedImporter) -> (artifact id: '747c6bd8d62b2350970e2620c732970e') in 0.0037933 seconds
Number of updated asset objects reloaded before import = 0Number of asset objects unloaded after import = 0

========================================================================
Received Import Request.
  Time since last request: 0.000050 seconds.
  path: Assets/TextMesh Pro/Examples & Extras/Resources/Color Gradient Presets/Dark to Light Green - Vertical.asset
  artifactKey: Guid(4c86a3366cd840348ebe8dc438570ee4) Importer(2089858483,192608db42251d675da83286b1cce702)
Start importing Assets/TextMesh Pro/Examples & Extras/Resources/Color Gradient Presets/Dark to Light Green - Vertical.asset using Guid(4c86a3366cd840348ebe8dc438570ee4) Importer(2089858483,192608db42251d675da83286b1cce702) (ScriptedImporter) -> (artifact id: 'b422c6a9a5e30a2f3290596d14f9e489') in 0.0048126 seconds
Number of updated asset objects reloaded before import = 0Number of asset objects unloaded after import = 1

========================================================================
Received Import Request.
  Time since last request: 0.000014 seconds.
  path: Assets/unity-ui-extensions/Scripts/Utilities/InputFieldEnterSubmit.cs
  artifactKey: Guid(bfc77d7b04a86f845b59fb0979e8ec53) Importer(2089858483,192608db42251d675da83286b1cce702)
Start importing Assets/unity-ui-extensions/Scripts/Utilities/InputFieldEnterSubmit.cs using Guid(bfc77d7b04a86f845b59fb0979e8ec53) Importer(2089858483,192608db42251d675da83286b1cce702) (ScriptedImporter) -> (artifact id: '390eee09b634fe0c977b46f0b4992a0f') in 0.0047059 seconds
Number of updated asset objects reloaded before import = 0Number of asset objects unloaded after import = 0

========================================================================
Received Import Request.
  Time since last request: 0.000030 seconds.
  path: Assets/unity-ui-extensions/Scripts/Utilities/ScrollRectLinker.cs
  artifactKey: Guid(4f1f9a7e297738d47b8c6286a737406f) Importer(2089858483,192608db42251d675da83286b1cce702)
Start importing Assets/unity-ui-extensions/Scripts/Utilities/ScrollRectLinker.cs using Guid(4f1f9a7e297738d47b8c6286a737406f) Importer(2089858483,192608db42251d675da83286b1cce702) (ScriptedImporter) -> (artifact id: '16527ea56b659ba02b999b81e5727c1b') in 0.0044042 seconds
Number of updated asset objects reloaded before import = 0Number of asset objects unloaded after import = 0

========================================================================
Received Import Request.
  Time since last request: 0.000048 seconds.
  path: Assets/TextMesh Pro/Examples & Extras/Resources/Fonts & Materials/Bangers SDF Glow.mat
  artifactKey: Guid(d75b8f41e959450c84ac6e967084d3e1) Importer(2089858483,192608db42251d675da83286b1cce702)
Start importing Assets/TextMesh Pro/Examples & Extras/Resources/Fonts & Materials/Bangers SDF Glow.mat using Guid(d75b8f41e959450c84ac6e967084d3e1) Importer(2089858483,192608db42251d675da83286b1cce702) (ScriptedImporter) -> (artifact id: '029ac1f8cd53c8d0e2071a6de35c4f57') in 0.0117343 seconds
Number of updated asset objects reloaded before import = 0Number of asset objects unloaded after import = 3

========================================================================
Received Import Request.
  Time since last request: 0.000016 seconds.
  path: Assets/TheraBytes/BetterUI/Editor/Icons/Image Icon.png
  artifactKey: Guid(a179d0cc5e962a043bf7055d33a36831) Importer(2089858483,192608db42251d675da83286b1cce702)
Start importing Assets/TheraBytes/BetterUI/Editor/Icons/Image Icon.png using Guid(a179d0cc5e962a043bf7055d33a36831) Importer(2089858483,192608db42251d675da83286b1cce702) (ScriptedImporter) -> (artifact id: '14a8d90ca0f9659d1886fe740f27b2b9') in 0.009244 seconds
Number of updated asset objects reloaded before import = 0Number of asset objects unloaded after import = 1

========================================================================
Received Import Request.
  Time since last request: 0.000019 seconds.
  path: Assets/TextMesh Pro/Examples & Extras/Resources/Fonts & Materials/Anton SDF - Sunny Days.mat
  artifactKey: Guid(6522f30e342599e4e9dd4cc2cc03c830) Importer(2089858483,192608db42251d675da83286b1cce702)
Start importing Assets/TextMesh Pro/Examples & Extras/Resources/Fonts & Materials/Anton SDF - Sunny Days.mat using Guid(6522f30e342599e4e9dd4cc2cc03c830) Importer(2089858483,192608db42251d675da83286b1cce702) (ScriptedImporter) -> (artifact id: '1a7e9e30ab7873639052ae1ab3918e1f') in 0.0132992 seconds
Number of updated asset objects reloaded before import = 0Number of asset objects unloaded after import = 4

========================================================================
Received Import Request.
  Time since last request: 0.213381 seconds.
  path: Assets/unity-ui-extensions/Scripts/Controls/ColorPicker/ColorImage.cs
  artifactKey: Guid(4210a64d2ce72e9488cf2ad174e9df5b) Importer(2089858483,192608db42251d675da83286b1cce702)
Start importing Assets/unity-ui-extensions/Scripts/Controls/ColorPicker/ColorImage.cs using Guid(4210a64d2ce72e9488cf2ad174e9df5b) Importer(2089858483,192608db42251d675da83286b1cce702) (ScriptedImporter) -> (artifact id: 'ac9ddf20acc7e5e4a914f55621e8d54b') in 0.0139903 seconds
Number of updated asset objects reloaded before import = 0Number of asset objects unloaded after import = 0

========================================================================
Received Import Request.
  Time since last request: 0.000064 seconds.
  path: Assets/TheraBytes/BetterUI/Editor/Scripts/UiLayout/AnchorOverrideEditor.cs
  artifactKey: Guid(fb489675f002ef6428df36fce365b34d) Importer(2089858483,192608db42251d675da83286b1cce702)
Start importing Assets/TheraBytes/BetterUI/Editor/Scripts/UiLayout/AnchorOverrideEditor.cs using Guid(fb489675f002ef6428df36fce365b34d) Importer(2089858483,192608db42251d675da83286b1cce702) (ScriptedImporter) -> (artifact id: '61b20b6d9b0827a2d9f8a4925063b93a') in 0.0039984 seconds
Number of updated asset objects reloaded before import = 0Number of asset objects unloaded after import = 0

========================================================================
Received Import Request.
  Time since last request: 0.000023 seconds.
  path: Assets/TheraBytes/BetterUI/Editor/Scripts/UiElements/BetterScrollRectEditor.cs
  artifactKey: Guid(cfeebf09fd006b146997f3cfbb49a2a3) Importer(2089858483,192608db42251d675da83286b1cce702)
Start importing Assets/TheraBytes/BetterUI/Editor/Scripts/UiElements/BetterScrollRectEditor.cs using Guid(cfeebf09fd006b146997f3cfbb49a2a3) Importer(2089858483,192608db42251d675da83286b1cce702) (ScriptedImporter) -> (artifact id: 'cab0affb8af865bdc0cff381ccd63863') in 0.0055097 seconds
Number of updated asset objects reloaded before import = 0Number of asset objects unloaded after import = 0

========================================================================
Received Import Request.
  Time since last request: 0.000014 seconds.
  path: Assets/TheraBytes/BetterUI/Runtime/Resources/Materials/Standard_Additive.mat
  artifactKey: Guid(a395e0b5343e96f4f9886010da635bfe) Importer(2089858483,192608db42251d675da83286b1cce702)
Start importing Assets/TheraBytes/BetterUI/Runtime/Resources/Materials/Standard_Additive.mat using Guid(a395e0b5343e96f4f9886010da635bfe) Importer(2089858483,192608db42251d675da83286b1cce702) (ScriptedImporter) -> (artifact id: '7f8e86d749d99040c9488914838b76c8') in 0.0354057 seconds
Number of updated asset objects reloaded before import = 0Number of asset objects unloaded after import = 1

========================================================================
Received Import Request.
  Time since last request: 0.000024 seconds.
  path: Assets/unity-ui-extensions/Scripts/Controls/Accordion/Tweening/FloatTween.cs
  artifactKey: Guid(e28e1e9e18f7daa4db5d1ac279d6ce66) Importer(2089858483,192608db42251d675da83286b1cce702)
Start importing Assets/unity-ui-extensions/Scripts/Controls/Accordion/Tweening/FloatTween.cs using Guid(e28e1e9e18f7daa4db5d1ac279d6ce66) Importer(2089858483,192608db42251d675da83286b1cce702) (ScriptedImporter) -> (artifact id: 'e790a66ab448a8a0de38c4f7b9358a7f') in 0.0035752 seconds
Number of updated asset objects reloaded before import = 0Number of asset objects unloaded after import = 0

========================================================================
Received Import Request.
  Time since last request: 0.000037 seconds.
  path: Assets/TheraBytes/BetterUI/Runtime/Scripts/BetterUiLayout/BetterGridLayoutGroup.cs
  artifactKey: Guid(0a3df3c9b5bf4694dab5926dc4fd7a7d) Importer(2089858483,192608db42251d675da83286b1cce702)
Start importing Assets/TheraBytes/BetterUI/Runtime/Scripts/BetterUiLayout/BetterGridLayoutGroup.cs using Guid(0a3df3c9b5bf4694dab5926dc4fd7a7d) Importer(2089858483,192608db42251d675da83286b1cce702) (ScriptedImporter) -> (artifact id: 'e147dfef93564a611800242ef3efa8a2') in 0.0043064 seconds
Number of updated asset objects reloaded before import = 0Number of asset objects unloaded after import = 1

========================================================================
Received Import Request.
  Time since last request: 0.000016 seconds.
  path: Assets/TheraBytes/BetterUI/Editor/Scripts/ThirdParty/ReorderableList/IReorderableListDropTarget.cs
  artifactKey: Guid(798f0f7ce7a9b7e479d57d093b8a6c99) Importer(2089858483,192608db42251d675da83286b1cce702)
Start importing Assets/TheraBytes/BetterUI/Editor/Scripts/ThirdParty/ReorderableList/IReorderableListDropTarget.cs using Guid(798f0f7ce7a9b7e479d57d093b8a6c99) Importer(2089858483,192608db42251d675da83286b1cce702) (ScriptedImporter) -> (artifact id: '4e338d2dc30fa6e70578e07cc48c28c2') in 0.0043786 seconds
Number of updated asset objects reloaded before import = 0Number of asset objects unloaded after import = 0

========================================================================
Received Import Request.
  Time since last request: 0.000046 seconds.
  path: Assets/TheraBytes/BetterUI/Editor/Icons/Resources/distribute_horizontally.png
  artifactKey: Guid(fcaedb1a65f96d24c8063fc544bdeb93) Importer(2089858483,192608db42251d675da83286b1cce702)
Start importing Assets/TheraBytes/BetterUI/Editor/Icons/Resources/distribute_horizontally.png using Guid(fcaedb1a65f96d24c8063fc544bdeb93) Importer(2089858483,192608db42251d675da83286b1cce702) (ScriptedImporter) -> (artifact id: '52fc1781e2350095be789de791b1e27d') in 0.0095751 seconds
Number of updated asset objects reloaded before import = 0Number of asset objects unloaded after import = 1

========================================================================
Received Import Request.
  Time since last request: 0.000018 seconds.
  path: Assets/TheraBytes/BetterUI/Editor/Scripts/Helpers/EditorGuiUtils.cs
  artifactKey: Guid(8898433b7e63199478010fe1cb5b9c06) Importer(2089858483,192608db42251d675da83286b1cce702)
Start importing Assets/TheraBytes/BetterUI/Editor/Scripts/Helpers/EditorGuiUtils.cs using Guid(8898433b7e63199478010fe1cb5b9c06) Importer(2089858483,192608db42251d675da83286b1cce702) (ScriptedImporter) -> (artifact id: '8543bb5be738d635a073b8338badba76') in 0.0043349 seconds
Number of updated asset objects reloaded before import = 0Number of asset objects unloaded after import = 0

========================================================================
Received Import Request.
  Time since last request: 0.000045 seconds.
  path: Assets/TheraBytes/BetterUI/Editor/Scripts/UiLayout/GameObjectActivatorEditor.cs
  artifactKey: Guid(686857137d66d974e82234a7ffec493c) Importer(2089858483,192608db42251d675da83286b1cce702)
Start importing Assets/TheraBytes/BetterUI/Editor/Scripts/UiLayout/GameObjectActivatorEditor.cs using Guid(686857137d66d974e82234a7ffec493c) Importer(2089858483,192608db42251d675da83286b1cce702) (ScriptedImporter) -> (artifact id: '2b86c0cffcfd15f5da187fc25c3ff066') in 0.0045999 seconds
Number of updated asset objects reloaded before import = 0Number of asset objects unloaded after import = 0

========================================================================
Received Import Request.
  Time since last request: 0.000033 seconds.
  path: Assets/TheraBytes/BetterUI/Runtime/Resources/Materials/Grayscale_Multiply.mat
  artifactKey: Guid(a66337a456d292a41a4ea055bd23bf85) Importer(2089858483,192608db42251d675da83286b1cce702)
Start importing Assets/TheraBytes/BetterUI/Runtime/Resources/Materials/Grayscale_Multiply.mat using Guid(a66337a456d292a41a4ea055bd23bf85) Importer(2089858483,192608db42251d675da83286b1cce702) (ScriptedImporter) -> (artifact id: 'cadfff1fbc26b8424e3b539b1988dac7') in 0.0073985 seconds
Number of updated asset objects reloaded before import = 0Number of asset objects unloaded after import = 1

========================================================================
Received Import Request.
  Time since last request: 0.000140 seconds.
  path: Assets/TheraBytes/BetterUI/Runtime/Scripts/Interfaces/IBetterHorizontalOrVerticalLayoutGroup.cs
  artifactKey: Guid(95f902b2e4ab1454ca3c081b4793e95e) Importer(2089858483,192608db42251d675da83286b1cce702)
Start importing Assets/TheraBytes/BetterUI/Runtime/Scripts/Interfaces/IBetterHorizontalOrVerticalLayoutGroup.cs using Guid(95f902b2e4ab1454ca3c081b4793e95e) Importer(2089858483,192608db42251d675da83286b1cce702) (ScriptedImporter) -> (artifact id: 'f6f3e285e9a15ac2d7918d293cb91216') in 0.0041105 seconds
Number of updated asset objects reloaded before import = 0Number of asset objects unloaded after import = 0

========================================================================
Received Import Request.
  Time since last request: 0.000020 seconds.
  path: Assets/TheraBytes/BetterUI/Runtime/Scripts/BetterUiLayout/SizeChangeTracker.cs
  artifactKey: Guid(c9758a658fb02fc49a110597bb0ef5d2) Importer(2089858483,192608db42251d675da83286b1cce702)
Start importing Assets/TheraBytes/BetterUI/Runtime/Scripts/BetterUiLayout/SizeChangeTracker.cs using Guid(c9758a658fb02fc49a110597bb0ef5d2) Importer(2089858483,192608db42251d675da83286b1cce702) (ScriptedImporter) -> (artifact id: 'a7953be0b89026528f41e8421b47f83e') in 0.004685 seconds
Number of updated asset objects reloaded before import = 0Number of asset objects unloaded after import = 1

========================================================================
Received Import Request.
  Time since last request: 0.000024 seconds.
  path: Assets/TheraBytes/BetterUI/Editor/Icons/Resources/wizard_banner.png
  artifactKey: Guid(fa1ddff45fe6f1842b5bec602bdfcdf2) Importer(2089858483,192608db42251d675da83286b1cce702)
Start importing Assets/TheraBytes/BetterUI/Editor/Icons/Resources/wizard_banner.png using Guid(fa1ddff45fe6f1842b5bec602bdfcdf2) Importer(2089858483,192608db42251d675da83286b1cce702) (ScriptedImporter) -> (artifact id: 'b0001b321a9b31b9663e2ac1dac36b4d') in 0.0107197 seconds
Number of updated asset objects reloaded before import = 0Number of asset objects unloaded after import = 1

========================================================================
Received Import Request.
  Time since last request: 0.000038 seconds.
  path: Assets/TheraBytes/BetterUI/Editor/Scripts/UiElements/BetterScrollbarEditor.cs
  artifactKey: Guid(9a4fc22f92658f74ab4dfe5bc8b486da) Importer(2089858483,192608db42251d675da83286b1cce702)
Start importing Assets/TheraBytes/BetterUI/Editor/Scripts/UiElements/BetterScrollbarEditor.cs using Guid(9a4fc22f92658f74ab4dfe5bc8b486da) Importer(2089858483,192608db42251d675da83286b1cce702) (ScriptedImporter) -> (artifact id: 'dc747d27f1f764d25d4aec71c556426e') in 0.0041051 seconds
Number of updated asset objects reloaded before import = 0Number of asset objects unloaded after import = 0

========================================================================
Received Import Request.
  Time since last request: 0.000017 seconds.
  path: Assets/TheraBytes/BetterUI/Runtime/Resources/Materials/Standard.shader
  artifactKey: Guid(c4b4f52ca7499d7458e0eb3577108f71) Importer(2089858483,192608db42251d675da83286b1cce702)
Start importing Assets/TheraBytes/BetterUI/Runtime/Resources/Materials/Standard.shader using Guid(c4b4f52ca7499d7458e0eb3577108f71) Importer(2089858483,192608db42251d675da83286b1cce702) (ScriptedImporter) -> (artifact id: '8550d085299c36167bc985aafc5144bd') in 0.0042426 seconds
Number of updated asset objects reloaded before import = 0Number of asset objects unloaded after import = 1

========================================================================
Received Import Request.
  Time since last request: 0.000020 seconds.
  path: Assets/TheraBytes/BetterUI/Runtime/Scripts/BetterUiLayout/OverrideScreenProperties.cs
  artifactKey: Guid(4992a4bcb39497047b81f24943b4063e) Importer(2089858483,192608db42251d675da83286b1cce702)
Start importing Assets/TheraBytes/BetterUI/Runtime/Scripts/BetterUiLayout/OverrideScreenProperties.cs using Guid(4992a4bcb39497047b81f24943b4063e) Importer(2089858483,192608db42251d675da83286b1cce702) (ScriptedImporter) -> (artifact id: '476a111af92ee61828e2a6d5c349e376') in 0.0047607 seconds
Number of updated asset objects reloaded before import = 0Number of asset objects unloaded after import = 1

========================================================================
Received Import Request.
  Time since last request: 0.000021 seconds.
  path: Assets/TheraBytes/BetterUI/Runtime/Scripts/BetterUiElements/BetterToggle.cs
  artifactKey: Guid(2da11a160dab1b746b31f9a603951ead) Importer(2089858483,192608db42251d675da83286b1cce702)
Start importing Assets/TheraBytes/BetterUI/Runtime/Scripts/BetterUiElements/BetterToggle.cs using Guid(2da11a160dab1b746b31f9a603951ead) Importer(2089858483,192608db42251d675da83286b1cce702) (ScriptedImporter) -> (artifact id: '9a85a0b69dfbe5995666f393c65f82c1') in 0.0055065 seconds
Number of updated asset objects reloaded before import = 0Number of asset objects unloaded after import = 1

========================================================================
Received Import Request.
  Time since last request: 0.000018 seconds.
  path: Assets/TheraBytes/BetterUI/Editor/Scripts/Helpers/Betterizer.cs
  artifactKey: Guid(48855019973fd9e46ae000899329544d) Importer(2089858483,192608db42251d675da83286b1cce702)
Start importing Assets/TheraBytes/BetterUI/Editor/Scripts/Helpers/Betterizer.cs using Guid(48855019973fd9e46ae000899329544d) Importer(2089858483,192608db42251d675da83286b1cce702) (ScriptedImporter) -> (artifact id: '5dc15eb7483b178156fbcf6d5e8e9172') in 0.0053957 seconds
Number of updated asset objects reloaded before import = 0Number of asset objects unloaded after import = 0

========================================================================
Received Import Request.
  Time since last request: 0.000024 seconds.
  path: Assets/TheraBytes/BetterUI/Runtime/Scripts/BetterUiElements/BetterImage.cs
  artifactKey: Guid(6a132ebb16d23354b841b6618f4fa0e5) Importer(2089858483,192608db42251d675da83286b1cce702)
Start importing Assets/TheraBytes/BetterUI/Runtime/Scripts/BetterUiElements/BetterImage.cs using Guid(6a132ebb16d23354b841b6618f4fa0e5) Importer(2089858483,192608db42251d675da83286b1cce702) (ScriptedImporter) -> (artifact id: '8798331f98df3b6da1406180d93ef95d') in 0.0045549 seconds
Number of updated asset objects reloaded before import = 0Number of asset objects unloaded after import = 1

========================================================================
Received Import Request.
  Time since last request: 0.000024 seconds.
  path: Assets/TheraBytes/BetterUI/Runtime/Scripts/BetterUiLayout/BetterContentSizeFitter.cs
  artifactKey: Guid(22d6436a87432de4d9a8278f12bf49b6) Importer(2089858483,192608db42251d675da83286b1cce702)
Start importing Assets/TheraBytes/BetterUI/Runtime/Scripts/BetterUiLayout/BetterContentSizeFitter.cs using Guid(22d6436a87432de4d9a8278f12bf49b6) Importer(2089858483,192608db42251d675da83286b1cce702) (ScriptedImporter) -> (artifact id: 'd056d91225a9d76c03b1e185b203c095') in 0.0046082 seconds
Number of updated asset objects reloaded before import = 0Number of asset objects unloaded after import = 1

========================================================================
Received Import Request.
  Time since last request: 0.000019 seconds.
  path: Assets/unity-ui-extensions/Scripts/Controls/RescalingPanels/ResizePanel.cs
  artifactKey: Guid(db83442065d59344c9bf6ffa63a23777) Importer(2089858483,192608db42251d675da83286b1cce702)
Start importing Assets/unity-ui-extensions/Scripts/Controls/RescalingPanels/ResizePanel.cs using Guid(db83442065d59344c9bf6ffa63a23777) Importer(2089858483,192608db42251d675da83286b1cce702) (ScriptedImporter) -> (artifact id: '56b2695d03162749836b583d6e77fac2') in 0.0035258 seconds
Number of updated asset objects reloaded before import = 0Number of asset objects unloaded after import = 0

========================================================================
Received Import Request.
  Time since last request: 0.000016 seconds.
  path: Assets/TheraBytes/BetterUI/Editor/Scripts/ThirdParty/ReorderableList/GenericListAdaptor.cs
  artifactKey: Guid(06fe50cfa2053d946b7224004c4a12ad) Importer(2089858483,192608db42251d675da83286b1cce702)
Start importing Assets/TheraBytes/BetterUI/Editor/Scripts/ThirdParty/ReorderableList/GenericListAdaptor.cs using Guid(06fe50cfa2053d946b7224004c4a12ad) Importer(2089858483,192608db42251d675da83286b1cce702) (ScriptedImporter) -> (artifact id: '80be2905c4f8d8812e6fd27d7d8736ab') in 0.0035773 seconds
Number of updated asset objects reloaded before import = 0Number of asset objects unloaded after import = 0

========================================================================
Received Import Request.
  Time since last request: 0.000032 seconds.
  path: Assets/TheraBytes/BetterUI/Editor/Icons/Resources/snap_all_direction_point.png
  artifactKey: Guid(d0cfeac4979b00142af1527a158bb72e) Importer(2089858483,192608db42251d675da83286b1cce702)
Start importing Assets/TheraBytes/BetterUI/Editor/Icons/Resources/snap_all_direction_point.png using Guid(d0cfeac4979b00142af1527a158bb72e) Importer(2089858483,192608db42251d675da83286b1cce702) (ScriptedImporter) -> (artifact id: 'cdf8985fe55450a2da1d73d5f06ad650') in 0.0099847 seconds
Number of updated asset objects reloaded before import = 0Number of asset objects unloaded after import = 1

========================================================================
Received Import Request.
  Time since last request: 0.000025 seconds.
  path: Assets/TheraBytes/BetterUI/Runtime/Scripts/BetterUiLayout/BetterHorizontalLayoutGroup.cs
  artifactKey: Guid(064655a118133d041ab4af534c15d127) Importer(2089858483,192608db42251d675da83286b1cce702)
Start importing Assets/TheraBytes/BetterUI/Runtime/Scripts/BetterUiLayout/BetterHorizontalLayoutGroup.cs using Guid(064655a118133d041ab4af534c15d127) Importer(2089858483,192608db42251d675da83286b1cce702) (ScriptedImporter) -> (artifact id: 'fe8a18bdcedafd9b8fa32f1143d63216') in 0.0045207 seconds
Number of updated asset objects reloaded before import = 0Number of asset objects unloaded after import = 1

========================================================================
Received Import Request.
  Time since last request: 0.000020 seconds.
  path: Assets/unity-ui-extensions/Scripts/Utilities/Serialization/Non-Mono Classes/SceneData.cs
  artifactKey: Guid(5d1cbba8c8c32a44daf9525381cfd6b0) Importer(2089858483,192608db42251d675da83286b1cce702)
Start importing Assets/unity-ui-extensions/Scripts/Utilities/Serialization/Non-Mono Classes/SceneData.cs using Guid(5d1cbba8c8c32a44daf9525381cfd6b0) Importer(2089858483,192608db42251d675da83286b1cce702) (ScriptedImporter) -> (artifact id: '7feb077f125debb40b351dbebd9c0a3d') in 0.0042446 seconds
Number of updated asset objects reloaded before import = 0Number of asset objects unloaded after import = 0

========================================================================
Received Import Request.
  Time since last request: 0.000035 seconds.
  path: Assets/TheraBytes/BetterUI/Editor/Scripts/UiElements/ImageAppearanceProviderEditorHelper.cs
  artifactKey: Guid(a819689ae09b57b4f8781cff5080effd) Importer(2089858483,192608db42251d675da83286b1cce702)
Start importing Assets/TheraBytes/BetterUI/Editor/Scripts/UiElements/ImageAppearanceProviderEditorHelper.cs using Guid(a819689ae09b57b4f8781cff5080effd) Importer(2089858483,192608db42251d675da83286b1cce702) (ScriptedImporter) -> (artifact id: 'df58360c144234b5b5f3cb8815874fb0') in 0.0053456 seconds
Number of updated asset objects reloaded before import = 0Number of asset objects unloaded after import = 0

========================================================================
Received Import Request.
  Time since last request: 0.000015 seconds.
  path: Assets/unity-ui-extensions/Scripts/Effects/ShaderEffects/UILinearDodgeEffect.cs
  artifactKey: Guid(b4fbdc2185cba1c42ad07e43eea19561) Importer(2089858483,192608db42251d675da83286b1cce702)
Start importing Assets/unity-ui-extensions/Scripts/Effects/ShaderEffects/UILinearDodgeEffect.cs using Guid(b4fbdc2185cba1c42ad07e43eea19561) Importer(2089858483,192608db42251d675da83286b1cce702) (ScriptedImporter) -> (artifact id: '9602b3b5d9f836f7bf024383e4bd7c4d') in 0.004255 seconds
Number of updated asset objects reloaded before import = 0Number of asset objects unloaded after import = 0

========================================================================
Received Import Request.
  Time since last request: 0.000099 seconds.
  path: Assets/TheraBytes/BetterUI/Editor/Icons/Resources/free_parent_mode_on.png
  artifactKey: Guid(87625b47969c0b04c912f9c61c7c2c14) Importer(2089858483,192608db42251d675da83286b1cce702)
Start importing Assets/TheraBytes/BetterUI/Editor/Icons/Resources/free_parent_mode_on.png using Guid(87625b47969c0b04c912f9c61c7c2c14) Importer(2089858483,192608db42251d675da83286b1cce702) (ScriptedImporter) -> (artifact id: '8bcc5b213694910fb76140c158b4aad8') in 0.0094533 seconds
Number of updated asset objects reloaded before import = 0Number of asset objects unloaded after import = 1

========================================================================
Received Import Request.
  Time since last request: 0.000019 seconds.
  path: Assets/TheraBytes/BetterUI/Editor/Icons/Resources/snap_to_parent.png
  artifactKey: Guid(18cb22618f30dfd489f41c3abd7cf41e) Importer(2089858483,192608db42251d675da83286b1cce702)
Start importing Assets/TheraBytes/BetterUI/Editor/Icons/Resources/snap_to_parent.png using Guid(18cb22618f30dfd489f41c3abd7cf41e) Importer(2089858483,192608db42251d675da83286b1cce702) (ScriptedImporter) -> (artifact id: 'be128226c4a09e5715ef7cc180e45cf0') in 0.0096476 seconds
Number of updated asset objects reloaded before import = 0Number of asset objects unloaded after import = 1

========================================================================
Received Import Request.
  Time since last request: 0.000033 seconds.
  path: Assets/TheraBytes/BetterUI/Editor/Icons/Resources/allign_center.png
  artifactKey: Guid(95df24704ac4aff439c35c398b37be42) Importer(2089858483,192608db42251d675da83286b1cce702)
Start importing Assets/TheraBytes/BetterUI/Editor/Icons/Resources/allign_center.png using Guid(95df24704ac4aff439c35c398b37be42) Importer(2089858483,192608db42251d675da83286b1cce702) (ScriptedImporter) -> (artifact id: '33495efeb69f77886969fea99855110e') in 0.0116266 seconds
Number of updated asset objects reloaded before import = 0Number of asset objects unloaded after import = 1

========================================================================
Received Import Request.
  Time since last request: 0.000019 seconds.
  path: Assets/unity-ui-extensions/Scripts/ToolTips/BoundTooltip/BoundTooltipItem.cs
  artifactKey: Guid(2d6f5ec6d595a31459e6942110d86aaa) Importer(2089858483,192608db42251d675da83286b1cce702)
Start importing Assets/unity-ui-extensions/Scripts/ToolTips/BoundTooltip/BoundTooltipItem.cs using Guid(2d6f5ec6d595a31459e6942110d86aaa) Importer(2089858483,192608db42251d675da83286b1cce702) (ScriptedImporter) -> (artifact id: 'ee9ff4c44d4c1b3f3e1140af6c8ed8a9') in 0.0054438 seconds
Number of updated asset objects reloaded before import = 0Number of asset objects unloaded after import = 0

========================================================================
Received Import Request.
  Time since last request: 0.000025 seconds.
  path: Assets/unity-ui-extensions/Scripts/Controls/Accordion/Tweening/ITweenValue.cs
  artifactKey: Guid(9edf9da4c14ad2843879a2331b00f738) Importer(2089858483,192608db42251d675da83286b1cce702)
Start importing Assets/unity-ui-extensions/Scripts/Controls/Accordion/Tweening/ITweenValue.cs using Guid(9edf9da4c14ad2843879a2331b00f738) Importer(2089858483,192608db42251d675da83286b1cce702) (ScriptedImporter) -> (artifact id: 'a323bc4503f898915f450b26d9f10f2b') in 0.0043483 seconds
Number of updated asset objects reloaded before import = 0Number of asset objects unloaded after import = 0

========================================================================
Received Import Request.
  Time since last request: 0.000025 seconds.
  path: Assets/TheraBytes/BetterUI/Runtime/Resources/Materials/ColorOverlay.shader
  artifactKey: Guid(beef6cdc3ad868a4ea03b510f8d97a9b) Importer(2089858483,192608db42251d675da83286b1cce702)
Start importing Assets/TheraBytes/BetterUI/Runtime/Resources/Materials/ColorOverlay.shader using Guid(beef6cdc3ad868a4ea03b510f8d97a9b) Importer(2089858483,192608db42251d675da83286b1cce702) (ScriptedImporter) -> (artifact id: '2214c46f99918a003d7bde1324bccb1a') in 0.0043828 seconds
Number of updated asset objects reloaded before import = 0Number of asset objects unloaded after import = 1

========================================================================
Received Import Request.
  Time since last request: 0.000017 seconds.
  path: Assets/TheraBytes/BetterUI/Runtime/Resources/Materials/Standard_LinearDodge.mat
  artifactKey: Guid(c0275406db8521f45b5b6435a2c8697b) Importer(2089858483,192608db42251d675da83286b1cce702)
Start importing Assets/TheraBytes/BetterUI/Runtime/Resources/Materials/Standard_LinearDodge.mat using Guid(c0275406db8521f45b5b6435a2c8697b) Importer(2089858483,192608db42251d675da83286b1cce702) (ScriptedImporter) -> (artifact id: 'd27ec5147ba5e479d932d6a021044fc2') in 0.00527 seconds
Number of updated asset objects reloaded before import = 0Number of asset objects unloaded after import = 1

========================================================================
Received Import Request.
  Time since last request: 0.000017 seconds.
  path: Assets/TheraBytes/BetterUI/Editor/Scripts/Helpers/SerializedPropertyExtensions.cs
  artifactKey: Guid(e01e412749fe4074691805c885239810) Importer(2089858483,192608db42251d675da83286b1cce702)
Start importing Assets/TheraBytes/BetterUI/Editor/Scripts/Helpers/SerializedPropertyExtensions.cs using Guid(e01e412749fe4074691805c885239810) Importer(2089858483,192608db42251d675da83286b1cce702) (ScriptedImporter) -> (artifact id: 'a3c213c7c9e07bbec30a1df572201281') in 0.0038927 seconds
Number of updated asset objects reloaded before import = 0Number of asset objects unloaded after import = 0

========================================================================
Received Import Request.
  Time since last request: 0.000026 seconds.
  path: Assets/unity-ui-extensions/Scripts/Controls/RescalingPanels/RescalePanel.cs
  artifactKey: Guid(ff46b67332ade77459ea86ba20638d24) Importer(2089858483,192608db42251d675da83286b1cce702)
Start importing Assets/unity-ui-extensions/Scripts/Controls/RescalingPanels/RescalePanel.cs using Guid(ff46b67332ade77459ea86ba20638d24) Importer(2089858483,192608db42251d675da83286b1cce702) (ScriptedImporter) -> (artifact id: '90e3bacf814c44182e4bfb4ea216ab1b') in 0.0036599 seconds
Number of updated asset objects reloaded before import = 0Number of asset objects unloaded after import = 0

========================================================================
Received Import Request.
  Time since last request: 0.000029 seconds.
  path: Assets/TheraBytes/BetterUI/Editor/Scripts/UiLayout/TransformScalerEditor.cs
  artifactKey: Guid(eb638b68edbfae94f9ffbc416de91ff6) Importer(2089858483,192608db42251d675da83286b1cce702)
Start importing Assets/TheraBytes/BetterUI/Editor/Scripts/UiLayout/TransformScalerEditor.cs using Guid(eb638b68edbfae94f9ffbc416de91ff6) Importer(2089858483,192608db42251d675da83286b1cce702) (ScriptedImporter) -> (artifact id: '58834f1caa7ba8b6d1cb6268e9b09119') in 0.0041973 seconds
Number of updated asset objects reloaded before import = 0Number of asset objects unloaded after import = 0

========================================================================
Received Import Request.
  Time since last request: 0.000048 seconds.
  path: Assets/unity-ui-extensions/Scripts/Controls/ColorPicker/Events/ColorChangedEvent.cs
  artifactKey: Guid(ff46fbecea7739f4690e4285c88f53c5) Importer(2089858483,192608db42251d675da83286b1cce702)
Start importing Assets/unity-ui-extensions/Scripts/Controls/ColorPicker/Events/ColorChangedEvent.cs using Guid(ff46fbecea7739f4690e4285c88f53c5) Importer(2089858483,192608db42251d675da83286b1cce702) (ScriptedImporter) -> (artifact id: 'a60d05dbe3481809a447378b314da8af') in 0.004546 seconds
Number of updated asset objects reloaded before import = 0Number of asset objects unloaded after import = 0

========================================================================
Received Import Request.
  Time since last request: 0.000019 seconds.
  path: Assets/TheraBytes/BetterUI/Runtime/Scripts/Utils/DpiManager.cs
  artifactKey: Guid(8200b26725fbb974bb9eedd8acab938d) Importer(2089858483,192608db42251d675da83286b1cce702)
Start importing Assets/TheraBytes/BetterUI/Runtime/Scripts/Utils/DpiManager.cs using Guid(8200b26725fbb974bb9eedd8acab938d) Importer(2089858483,192608db42251d675da83286b1cce702) (ScriptedImporter) -> (artifact id: 'aa2244fac3e35d66cc0fcd87b7c03849') in 0.0039292 seconds
Number of updated asset objects reloaded before import = 0Number of asset objects unloaded after import = 0

========================================================================
Received Import Request.
  Time since last request: 0.000024 seconds.
  path: Assets/TheraBytes/BetterUI/Editor/Scripts/UiElements/InteractionAreaEditor.cs
  artifactKey: Guid(0f571f7c11a8b5844b1b2ad63f8bb3be) Importer(2089858483,192608db42251d675da83286b1cce702)
Start importing Assets/TheraBytes/BetterUI/Editor/Scripts/UiElements/InteractionAreaEditor.cs using Guid(0f571f7c11a8b5844b1b2ad63f8bb3be) Importer(2089858483,192608db42251d675da83286b1cce702) (ScriptedImporter) -> (artifact id: 'd547f7d92ff9f9bde8f55c03cffd31aa') in 0.0038386 seconds
Number of updated asset objects reloaded before import = 0Number of asset objects unloaded after import = 0

========================================================================
Received Import Request.
  Time since last request: 0.000022 seconds.
  path: Assets/TheraBytes/BetterUI/Editor/Icons/Resources/snap_horizontal_edges.png
  artifactKey: Guid(0ae8478f833cf4745ba6661a752ac683) Importer(2089858483,192608db42251d675da83286b1cce702)
Start importing Assets/TheraBytes/BetterUI/Editor/Icons/Resources/snap_horizontal_edges.png using Guid(0ae8478f833cf4745ba6661a752ac683) Importer(2089858483,192608db42251d675da83286b1cce702) (ScriptedImporter) -> (artifact id: '20752c424484c0cbeaef8820ddc2ab2a') in 0.0118518 seconds
Number of updated asset objects reloaded before import = 0Number of asset objects unloaded after import = 1

========================================================================
Received Import Request.
  Time since last request: 0.000017 seconds.
  path: Assets/TheraBytes/BetterUI/Runtime/Scripts/BetterUiLayout/BetterLayoutElement.cs
  artifactKey: Guid(cc974e74779ea384fb2cc18b58d92e16) Importer(2089858483,192608db42251d675da83286b1cce702)
Start importing Assets/TheraBytes/BetterUI/Runtime/Scripts/BetterUiLayout/BetterLayoutElement.cs using Guid(cc974e74779ea384fb2cc18b58d92e16) Importer(2089858483,192608db42251d675da83286b1cce702) (ScriptedImporter) -> (artifact id: 'ff00065d9696b343401ec2fc4738fd5c') in 0.0042834 seconds
Number of updated asset objects reloaded before import = 0Number of asset objects unloaded after import = 1

========================================================================
Received Import Request.
  Time since last request: 0.000019 seconds.
  path: Assets/unity-ui-extensions/Scripts/Controls/SelectionBox/IBoxSelectable.cs
  artifactKey: Guid(72b70b31ccbda4bae8dd5cda36d2e02d) Importer(2089858483,192608db42251d675da83286b1cce702)
Start importing Assets/unity-ui-extensions/Scripts/Controls/SelectionBox/IBoxSelectable.cs using Guid(72b70b31ccbda4bae8dd5cda36d2e02d) Importer(2089858483,192608db42251d675da83286b1cce702) (ScriptedImporter) -> (artifact id: '904d612a261d507074ed679dc8da7d91') in 0.0039253 seconds
Number of updated asset objects reloaded before import = 0Number of asset objects unloaded after import = 0

========================================================================
Received Import Request.
  Time since last request: 0.000022 seconds.
  path: Assets/TheraBytes/BetterUI/Editor/Icons/Resources/allign_middle.png
  artifactKey: Guid(11784201599e4a94e90f5ab8368f4ec6) Importer(2089858483,192608db42251d675da83286b1cce702)
Start importing Assets/TheraBytes/BetterUI/Editor/Icons/Resources/allign_middle.png using Guid(11784201599e4a94e90f5ab8368f4ec6) Importer(2089858483,192608db42251d675da83286b1cce702) (ScriptedImporter) -> (artifact id: 'b84e40dd879626824874b97acd77ff81') in 0.0086165 seconds
Number of updated asset objects reloaded before import = 0Number of asset objects unloaded after import = 1

========================================================================
Received Import Request.
  Time since last request: 0.000026 seconds.
  path: Assets/TheraBytes/BetterUI/Runtime/Scripts/BetterUiLayout/BetterOffsetter.cs
  artifactKey: Guid(69088569f3bf0b94aa20420a933f665e) Importer(2089858483,192608db42251d675da83286b1cce702)
Start importing Assets/TheraBytes/BetterUI/Runtime/Scripts/BetterUiLayout/BetterOffsetter.cs using Guid(69088569f3bf0b94aa20420a933f665e) Importer(2089858483,192608db42251d675da83286b1cce702) (ScriptedImporter) -> (artifact id: 'adcba57e66ab683ed41862c87c4432e8') in 0.004922 seconds
Number of updated asset objects reloaded before import = 0Number of asset objects unloaded after import = 1

========================================================================
Received Import Request.
  Time since last request: 0.000021 seconds.
  path: Assets/TheraBytes/BetterUI/Runtime/Scripts/Utils/Materials.cs
  artifactKey: Guid(3fca4c1acdeae0a4f9d602104c2bc72b) Importer(2089858483,192608db42251d675da83286b1cce702)
Start importing Assets/TheraBytes/BetterUI/Runtime/Scripts/Utils/Materials.cs using Guid(3fca4c1acdeae0a4f9d602104c2bc72b) Importer(2089858483,192608db42251d675da83286b1cce702) (ScriptedImporter) -> (artifact id: '86586824f253806e3c39864f2913cc75') in 0.0041539 seconds
Number of updated asset objects reloaded before import = 0Number of asset objects unloaded after import = 0

========================================================================
Received Import Request.
  Time since last request: 0.000029 seconds.
  path: Assets/TheraBytes/BetterUI/Editor/Icons/Resources/distribute_vertically.png
  artifactKey: Guid(43d06936d0bef9a4ebcf22266070ae79) Importer(2089858483,192608db42251d675da83286b1cce702)
Start importing Assets/TheraBytes/BetterUI/Editor/Icons/Resources/distribute_vertically.png using Guid(43d06936d0bef9a4ebcf22266070ae79) Importer(2089858483,192608db42251d675da83286b1cce702) (ScriptedImporter) -> (artifact id: 'd3d193de3681c0df46eb55f789c9f470') in 0.0121381 seconds
Number of updated asset objects reloaded before import = 0Number of asset objects unloaded after import = 1

========================================================================
Received Import Request.
  Time since last request: 0.000016 seconds.
  path: Assets/unity-ui-extensions/Scripts/Utilities/Serialization/Surrogates/Texture2DSurrogate.cs
  artifactKey: Guid(90fc034c9d310aa4fbff10d91d4d91ee) Importer(2089858483,192608db42251d675da83286b1cce702)
Start importing Assets/unity-ui-extensions/Scripts/Utilities/Serialization/Surrogates/Texture2DSurrogate.cs using Guid(90fc034c9d310aa4fbff10d91d4d91ee) Importer(2089858483,192608db42251d675da83286b1cce702) (ScriptedImporter) -> (artifact id: 'df8bd8c2134a112c944fbbe300b5fd2c') in 0.0040228 seconds
Number of updated asset objects reloaded before import = 0Number of asset objects unloaded after import = 0

========================================================================
Received Import Request.
  Time since last request: 0.000031 seconds.
  path: Assets/TheraBytes/BetterUI/Runtime/Scripts/BetterUiLayout/IScreenConfigConnection.cs
  artifactKey: Guid(51afa67c420aae346a9fbc9876972d76) Importer(2089858483,192608db42251d675da83286b1cce702)
Start importing Assets/TheraBytes/BetterUI/Runtime/Scripts/BetterUiLayout/IScreenConfigConnection.cs using Guid(51afa67c420aae346a9fbc9876972d76) Importer(2089858483,192608db42251d675da83286b1cce702) (ScriptedImporter) -> (artifact id: '6a9cddfb492bfb2f95d830008e6fa993') in 0.0036072 seconds
Number of updated asset objects reloaded before import = 0Number of asset objects unloaded after import = 0

========================================================================
Received Import Request.
  Time since last request: 0.000027 seconds.
  path: Assets/TheraBytes/BetterUI/Editor/Scripts/UiLayout/BetterHorizontalOrVerticalLayoutGroupEditor.cs
  artifactKey: Guid(afd8c6825d93c44449616c0764415ec5) Importer(2089858483,192608db42251d675da83286b1cce702)
Start importing Assets/TheraBytes/BetterUI/Editor/Scripts/UiLayout/BetterHorizontalOrVerticalLayoutGroupEditor.cs using Guid(afd8c6825d93c44449616c0764415ec5) Importer(2089858483,192608db42251d675da83286b1cce702) (ScriptedImporter) -> (artifact id: '8183e13c9e3d5fe59dbf7a526fc66a8f') in 0.004091 seconds
Number of updated asset objects reloaded before import = 0Number of asset objects unloaded after import = 0

========================================================================
Received Import Request.
  Time since last request: 0.000050 seconds.
  path: Assets/TheraBytes/BetterUI/Runtime/Scripts/BetterUiElements/BetterButton.cs
  artifactKey: Guid(266537010df2f7d42a0c51583f328c0e) Importer(2089858483,192608db42251d675da83286b1cce702)
Start importing Assets/TheraBytes/BetterUI/Runtime/Scripts/BetterUiElements/BetterButton.cs using Guid(266537010df2f7d42a0c51583f328c0e) Importer(2089858483,192608db42251d675da83286b1cce702) (ScriptedImporter) -> (artifact id: '1ac84f9d22ffb2a631ab096798129bc0') in 0.0044867 seconds
Number of updated asset objects reloaded before import = 0Number of asset objects unloaded after import = 1

========================================================================
Received Import Request.
  Time since last request: 0.144817 seconds.
  path: Assets/TheraBytes/BetterUI/Editor/Scripts/ThirdParty/ReorderableList/ReorderableListEvents.cs
  artifactKey: Guid(367b1d8407c842647b57f37fe7a9ea80) Importer(2089858483,192608db42251d675da83286b1cce702)
Start importing Assets/TheraBytes/BetterUI/Editor/Scripts/ThirdParty/ReorderableList/ReorderableListEvents.cs using Guid(367b1d8407c842647b57f37fe7a9ea80) Importer(2089858483,192608db42251d675da83286b1cce702) (ScriptedImporter) -> (artifact id: '2056b53a9bc6bc9165edf21ff3467853') in 0.0050643 seconds
Number of updated asset objects reloaded before import = 0Number of asset objects unloaded after import = 0

========================================================================
Received Import Request.
  Time since last request: 0.000024 seconds.
  path: Assets/TheraBytes/BetterUI/Editor/Scripts/ThirdParty/ReorderableList/Element Adder Menu/GenericElementAdderMenu.cs
  artifactKey: Guid(8473717b563d55f4dac74527579c16ec) Importer(2089858483,192608db42251d675da83286b1cce702)
Start importing Assets/TheraBytes/BetterUI/Editor/Scripts/ThirdParty/ReorderableList/Element Adder Menu/GenericElementAdderMenu.cs using Guid(8473717b563d55f4dac74527579c16ec) Importer(2089858483,192608db42251d675da83286b1cce702) (ScriptedImporter) -> (artifact id: '59d342b05d3b4f9b242a9b5fb6b16e9a') in 0.0038188 seconds
Number of updated asset objects reloaded before import = 0Number of asset objects unloaded after import = 0

========================================================================
Received Import Request.
  Time since last request: 0.000070 seconds.
  path: Assets/TheraBytes/BetterUI/Editor/Scripts/Wizard/WizardFramework/IWizard.cs
  artifactKey: Guid(32dd7545d8ce9e141b9e8db2dd059445) Importer(2089858483,192608db42251d675da83286b1cce702)
Start importing Assets/TheraBytes/BetterUI/Editor/Scripts/Wizard/WizardFramework/IWizard.cs using Guid(32dd7545d8ce9e141b9e8db2dd059445) Importer(2089858483,192608db42251d675da83286b1cce702) (ScriptedImporter) -> (artifact id: '4bbd5a6d4540f630aac44edb0663801d') in 0.0122005 seconds
Number of updated asset objects reloaded before import = 0Number of asset objects unloaded after import = 0

========================================================================
Received Import Request.
  Time since last request: 0.000029 seconds.
  path: Assets/TheraBytes/BetterUI/Editor/Scripts/Wizard/WizardFramework/PageElements/InstallPackageSelectionWizardPageElement.cs
  artifactKey: Guid(1ed5eadf326d45842845e52ff7bcd4db) Importer(2089858483,192608db42251d675da83286b1cce702)
Start importing Assets/TheraBytes/BetterUI/Editor/Scripts/Wizard/WizardFramework/PageElements/InstallPackageSelectionWizardPageElement.cs using Guid(1ed5eadf326d45842845e52ff7bcd4db) Importer(2089858483,192608db42251d675da83286b1cce702) (ScriptedImporter) -> (artifact id: '9be9f7f3ce86038c4892ddd1349d6266') in 0.0039233 seconds
Number of updated asset objects reloaded before import = 0Number of asset objects unloaded after import = 0

========================================================================
Received Import Request.
  Time since last request: 0.000026 seconds.
  path: Assets/TheraBytes/BetterUI/Runtime/Scripts/Utils/ScreenType/IsCertainScreenOrientation.cs
  artifactKey: Guid(9188cb3f863ed304daded2b621a78172) Importer(2089858483,192608db42251d675da83286b1cce702)
Start importing Assets/TheraBytes/BetterUI/Runtime/Scripts/Utils/ScreenType/IsCertainScreenOrientation.cs using Guid(9188cb3f863ed304daded2b621a78172) Importer(2089858483,192608db42251d675da83286b1cce702) (ScriptedImporter) -> (artifact id: '7a6cb07809697d91d2965551843b6610') in 0.0053222 seconds
Number of updated asset objects reloaded before import = 0Number of asset objects unloaded after import = 0

========================================================================
Received Import Request.
  Time since last request: 0.000017 seconds.
  path: Assets/TheraBytes/BetterUI/Runtime/Scripts/Utils/ScreenType/ScreenInfo.cs
  artifactKey: Guid(b1f107a5e764fc24eb2edc3af878be02) Importer(2089858483,192608db42251d675da83286b1cce702)
Start importing Assets/TheraBytes/BetterUI/Runtime/Scripts/Utils/ScreenType/ScreenInfo.cs using Guid(b1f107a5e764fc24eb2edc3af878be02) Importer(2089858483,192608db42251d675da83286b1cce702) (ScriptedImporter) -> (artifact id: '7584c66e58c4a4fde6c0844ba52f4432') in 0.0039928 seconds
Number of updated asset objects reloaded before import = 0Number of asset objects unloaded after import = 0

========================================================================
Received Import Request.
  Time since last request: 0.000020 seconds.
  path: Assets/TheraBytes/BetterUI/Runtime/Scripts/BetterUiElements/Transitions/ColorTransitions.cs
  artifactKey: Guid(6134223dc26c9dd44b795c0e7e8f3190) Importer(2089858483,192608db42251d675da83286b1cce702)
Start importing Assets/TheraBytes/BetterUI/Runtime/Scripts/BetterUiElements/Transitions/ColorTransitions.cs using Guid(6134223dc26c9dd44b795c0e7e8f3190) Importer(2089858483,192608db42251d675da83286b1cce702) (ScriptedImporter) -> (artifact id: 'e0cfc07334e76f9fb7a6fb85e8913881') in 0.0040437 seconds
Number of updated asset objects reloaded before import = 0Number of asset objects unloaded after import = 0

========================================================================
Received Import Request.
  Time since last request: 0.000025 seconds.
  path: Assets/TheraBytes/BetterUI/Runtime/Scripts/BetterUiElements/Transitions/CustomTransition.cs
  artifactKey: Guid(1dc08a7001c6668429dfd713702c356a) Importer(2089858483,192608db42251d675da83286b1cce702)
Start importing Assets/TheraBytes/BetterUI/Runtime/Scripts/BetterUiElements/Transitions/CustomTransition.cs using Guid(1dc08a7001c6668429dfd713702c356a) Importer(2089858483,192608db42251d675da83286b1cce702) (ScriptedImporter) -> (artifact id: 'e66a715e43e8c51e1d77287dca51d115') in 0.0038397 seconds
Number of updated asset objects reloaded before import = 0Number of asset objects unloaded after import = 0

========================================================================
Received Import Request.
  Time since last request: 0.000029 seconds.
  path: Assets/TheraBytes/BetterUI/Runtime/Scripts/Utils/ScreenType/IsScreenOfCertainSize.cs
  artifactKey: Guid(2c0c7713816ca8247822c756a324dc36) Importer(2089858483,192608db42251d675da83286b1cce702)
Start importing Assets/TheraBytes/BetterUI/Runtime/Scripts/Utils/ScreenType/IsScreenOfCertainSize.cs using Guid(2c0c7713816ca8247822c756a324dc36) Importer(2089858483,192608db42251d675da83286b1cce702) (ScriptedImporter) -> (artifact id: 'bd9b3ad69aa73c062af3b62632f649f6') in 0.0037477 seconds
Number of updated asset objects reloaded before import = 0Number of asset objects unloaded after import = 0

========================================================================
Received Import Request.
  Time since last request: 0.000029 seconds.
  path: Assets/TheraBytes/BetterUI/Runtime/Scripts/Utils/ScreenType/IsCertainAspectRatio.cs
  artifactKey: Guid(1beb4ecd71daf75448d903082d7ecd85) Importer(2089858483,192608db42251d675da83286b1cce702)
Start importing Assets/TheraBytes/BetterUI/Runtime/Scripts/Utils/ScreenType/IsCertainAspectRatio.cs using Guid(1beb4ecd71daf75448d903082d7ecd85) Importer(2089858483,192608db42251d675da83286b1cce702) (ScriptedImporter) -> (artifact id: '2ba6e9fd1631462eb799537253e3faa3') in 0.0044216 seconds
Number of updated asset objects reloaded before import = 0Number of asset objects unloaded after import = 0

========================================================================
Received Import Request.
  Time since last request: 0.000043 seconds.
  path: Assets/TheraBytes/BetterUI/Editor/Scripts/Wizard/WizardFramework/ParseHelper.cs
  artifactKey: Guid(bf21484f5d132ef4c8c52720171a8ffa) Importer(2089858483,192608db42251d675da83286b1cce702)
Start importing Assets/TheraBytes/BetterUI/Editor/Scripts/Wizard/WizardFramework/ParseHelper.cs using Guid(bf21484f5d132ef4c8c52720171a8ffa) Importer(2089858483,192608db42251d675da83286b1cce702) (ScriptedImporter) -> (artifact id: 'cdcfbff66d3fa50a0291476f5cfde3ba') in 0.0044079 seconds
Number of updated asset objects reloaded before import = 0Number of asset objects unloaded after import = 0

========================================================================
Received Import Request.
  Time since last request: 0.000077 seconds.
  path: Assets/TheraBytes/BetterUI/Editor/Scripts/ThirdParty/ReorderableList/ReorderableListGUI.cs
  artifactKey: Guid(45eb52e2572c41e4bb02d28b5f8f572a) Importer(2089858483,192608db42251d675da83286b1cce702)
Start importing Assets/TheraBytes/BetterUI/Editor/Scripts/ThirdParty/ReorderableList/ReorderableListGUI.cs using Guid(45eb52e2572c41e4bb02d28b5f8f572a) Importer(2089858483,192608db42251d675da83286b1cce702) (ScriptedImporter) -> (artifact id: 'eeb8c9291d509c8ba9496a5334ac9b79') in 0.0040446 seconds
Number of updated asset objects reloaded before import = 0Number of asset objects unloaded after import = 0

========================================================================
Received Import Request.
  Time since last request: 0.000042 seconds.
  path: Assets/TheraBytes/BetterUI/Editor/Scripts/Windows/AlignDistribute/Align.cs
  artifactKey: Guid(e72f4da676eb05e4f8e5f0dc603e4c8c) Importer(2089858483,192608db42251d675da83286b1cce702)
Start importing Assets/TheraBytes/BetterUI/Editor/Scripts/Windows/AlignDistribute/Align.cs using Guid(e72f4da676eb05e4f8e5f0dc603e4c8c) Importer(2089858483,192608db42251d675da83286b1cce702) (ScriptedImporter) -> (artifact id: '910e1299df06f0f83f83aa283cdaea1c') in 0.0041207 seconds
Number of updated asset objects reloaded before import = 0Number of asset objects unloaded after import = 0

========================================================================
Received Import Request.
  Time since last request: 0.000111 seconds.
  path: Assets/TheraBytes/BetterUI/Runtime/Scripts/Utils/ScreenType/ScreenTypeConditions.cs
  artifactKey: Guid(7ce2ec5036f1f604ba7c576d8e7c824c) Importer(2089858483,192608db42251d675da83286b1cce702)
Start importing Assets/TheraBytes/BetterUI/Runtime/Scripts/Utils/ScreenType/ScreenTypeConditions.cs using Guid(7ce2ec5036f1f604ba7c576d8e7c824c) Importer(2089858483,192608db42251d675da83286b1cce702) (ScriptedImporter) -> (artifact id: '3d6997cfbab2a8bd5e9068f9f295b3ab') in 0.0040025 seconds
Number of updated asset objects reloaded before import = 0Number of asset objects unloaded after import = 0

========================================================================
Received Import Request.
  Time since last request: 0.000017 seconds.
  path: Assets/TheraBytes/BetterUI/Editor/Scripts/ThirdParty/ReorderableList/Element Adder Menu/ElementAdderMenuBuilder.cs
  artifactKey: Guid(99988062aa154e242bc5c588d4856e7d) Importer(2089858483,192608db42251d675da83286b1cce702)
Start importing Assets/TheraBytes/BetterUI/Editor/Scripts/ThirdParty/ReorderableList/Element Adder Menu/ElementAdderMenuBuilder.cs using Guid(99988062aa154e242bc5c588d4856e7d) Importer(2089858483,192608db42251d675da83286b1cce702) (ScriptedImporter) -> (artifact id: 'd618d1c3eb6805556a9b20b6449edb98') in 0.0036454 seconds
Number of updated asset objects reloaded before import = 0Number of asset objects unloaded after import = 0

========================================================================
Received Import Request.
  Time since last request: 0.000016 seconds.
  path: Assets/TheraBytes/BetterUI/Editor/Scripts/Wizard/WizardFramework/PageElements/SeparatorWizardPageElement.cs
  artifactKey: Guid(a1fc1561771446c479a3dc70348a9c2a) Importer(2089858483,192608db42251d675da83286b1cce702)
Start importing Assets/TheraBytes/BetterUI/Editor/Scripts/Wizard/WizardFramework/PageElements/SeparatorWizardPageElement.cs using Guid(a1fc1561771446c479a3dc70348a9c2a) Importer(2089858483,192608db42251d675da83286b1cce702) (ScriptedImporter) -> (artifact id: '432225c207cebaac78a2d64cc04e46d2') in 0.0091449 seconds
Number of updated asset objects reloaded before import = 0Number of asset objects unloaded after import = 0

========================================================================
Received Import Request.
  Time since last request: 0.000019 seconds.
  path: Assets/TheraBytes/BetterUI/Runtime/Scripts/BetterUiLayout/SizeModifiers/MarginSizeModifier.cs
  artifactKey: Guid(d9879e6197cfc274c822ea9ac6e5e075) Importer(2089858483,192608db42251d675da83286b1cce702)
Start importing Assets/TheraBytes/BetterUI/Runtime/Scripts/BetterUiLayout/SizeModifiers/MarginSizeModifier.cs using Guid(d9879e6197cfc274c822ea9ac6e5e075) Importer(2089858483,192608db42251d675da83286b1cce702) (ScriptedImporter) -> (artifact id: 'a0b71b1e17d6176c699bc85461958342') in 0.0079095 seconds
Number of updated asset objects reloaded before import = 0Number of asset objects unloaded after import = 0

========================================================================
Received Import Request.
  Time since last request: 0.000033 seconds.
  path: Assets/TheraBytes/BetterUI/Runtime/Scripts/BetterUiLayout/SizeModifiers/FloatSizeModifier.cs
  artifactKey: Guid(7f45379f1fff8c2448cf7ebbe81fbf45) Importer(2089858483,192608db42251d675da83286b1cce702)
Start importing Assets/TheraBytes/BetterUI/Runtime/Scripts/BetterUiLayout/SizeModifiers/FloatSizeModifier.cs using Guid(7f45379f1fff8c2448cf7ebbe81fbf45) Importer(2089858483,192608db42251d675da83286b1cce702) (ScriptedImporter) -> (artifact id: '3a4843f1c9ab1d120dab37699042359b') in 0.0062682 seconds
Number of updated asset objects reloaded before import = 0Number of asset objects unloaded after import = 0

========================================================================
Received Prepare
ETC Legacy compression has been deprecated and will be removed in a future release. You can review compressors in "Project Settings > Editor > Texture Compressors".
[Licensing::Client] Successfully resolved entitlement details
Begin MonoManager ReloadAssembly
[Licensing::Client] Successfully resolved entitlement details
Symbol file LoadedFromMemory is not a mono symbol file
- Loaded All Assemblies, in  0.639 seconds
Refreshing native plugins compatible for Editor in 6.99 ms, found 2 plugins.
Native extension for iOS target not found
Native extension for Android target not found
Native extension for WindowsStandalone target not found
System.FormatException: Input string was not in a correct format.
  at System.Number.ThrowOverflowOrFormatException (System.Boolean overflow, System.String overflowResourceKey) [0x0001a] in <715c8f689fc74561a4fef078d73c94aa>:0 
  at System.Number.ParseInt64 (System.ReadOnlySpan`1[T] value, System.Globalization.NumberStyles styles, System.Globalization.NumberFormatInfo info) [0x00016] in <715c8f689fc74561a4fef078d73c94aa>:0 
  at System.Int64.Parse (System.String s, System.IFormatProvider provider) [0x00017] in <715c8f689fc74561a4fef078d73c94aa>:0 
  at System.Convert.ToInt64 (System.String value) [0x0000c] in <715c8f689fc74561a4fef078d73c94aa>:0 
  at Google.VersionHandler+FileMetadata.CalculateVersion (System.String versionString) [0x0003d] in <0c07e6ebb33d4e07b6cbf2c03554fea6>:0 
  at Google.VersionHandler+FileMetadata.CalculateVersion () [0x00000] in <0c07e6ebb33d4e07b6cbf2c03554fea6>:0 
  at Google.VersionHandler+FileMetadataByVersion.Add (Google.VersionHandler+FileMetadata metadata) [0x00024] in <0c07e6ebb33d4e07b6cbf2c03554fea6>:0 
  at Google.VersionHandler+FileMetadataSet.Add (Google.VersionHandler+FileMetadata metadata) [0x00021] in <0c07e6ebb33d4e07b6cbf2c03554fea6>:0 
  at Google.VersionHandler+FileMetadataSet.ParseFromFilenames (System.String[] filenames) [0x0001a] in <0c07e6ebb33d4e07b6cbf2c03554fea6>:0 
  at Google.VersionHandler.UpdateVersionedAssets (System.Boolean forceUpdate) [0x00016] in <0c07e6ebb33d4e07b6cbf2c03554fea6>:0 
  at Google.VersionHandler..cctor () [0x00000] in <0c07e6ebb33d4e07b6cbf2c03554fea6>:0 
UnityEngine.Debug:ExtractStackTraceNoAlloc (byte*,int,string)
UnityEngine.StackTraceUtility:ExtractStackTrace ()
UnityEngine.DebugLogHandler:Internal_Log (UnityEngine.LogType,UnityEngine.LogOption,string,UnityEngine.Object)
UnityEngine.DebugLogHandler:LogFormat (UnityEngine.LogType,UnityEngine.Object,string,object[])
UnityEngine.Logger:Log (UnityEngine.LogType,object)
UnityEngine.Debug:LogError (object)
UnityEditor.EditorAssemblies:ProcessInitializeOnLoadAttributes (System.Type[])

System.TypeInitializationException: The type initializer for 'Google.VersionHandler' threw an exception. ---> System.FormatException: Input string was not in a correct format.
  at System.Number.ThrowOverflowOrFormatException (System.Boolean overflow, System.String overflowResourceKey) [0x0001a] in <715c8f689fc74561a4fef078d73c94aa>:0 
  at System.Number.ParseInt64 (System.ReadOnlySpan`1[T] value, System.Globalization.NumberStyles styles, System.Globalization.NumberFormatInfo info) [0x00016] in <715c8f689fc74561a4fef078d73c94aa>:0 
  at System.Int64.Parse (System.String s, System.IFormatProvider provider) [0x00017] in <715c8f689fc74561a4fef078d73c94aa>:0 
  at System.Convert.ToInt64 (System.String value) [0x0000c] in <715c8f689fc74561a4fef078d73c94aa>:0 
  at Google.VersionHandler+FileMetadata.CalculateVersion (System.String versionString) [0x0003d] in <0c07e6ebb33d4e07b6cbf2c03554fea6>:0 
  at Google.VersionHandler+FileMetadata.CalculateVersion () [0x00000] in <0c07e6ebb33d4e07b6cbf2c03554fea6>:0 
  at Google.VersionHandler+FileMetadataByVersion.Add (Google.VersionHandler+FileMetadata metadata) [0x00024] in <0c07e6ebb33d4e07b6cbf2c03554fea6>:0 
  at Google.VersionHandler+FileMetadataSet.Add (Google.VersionHandler+FileMetadata metadata) [0x00021] in <0c07e6ebb33d4e07b6cbf2c03554fea6>:0 
  at Google.VersionHandler+FileMetadataSet.ParseFromFilenames (System.String[] filenames) [0x0001a] in <0c07e6ebb33d4e07b6cbf2c03554fea6>:0 
  at Google.VersionHandler.UpdateVersionedAssets (System.Boolean forceUpdate) [0x00016] in <0c07e6ebb33d4e07b6cbf2c03554fea6>:0 
  at Google.VersionHandler..cctor () [0x00000] in <0c07e6ebb33d4e07b6cbf2c03554fea6>:0 
   --- End of inner exception stack trace ---
  at AdMobDependencies.SetupDeps () [0x00000] in C:\Projects\IMadeABug\NextGame\Assets\GoogleMobileAds\Editor\AdMobDependencies.cs:30 
  at AdMobDependencies..cctor () [0x00000] in C:\Projects\IMadeABug\NextGame\Assets\GoogleMobileAds\Editor\AdMobDependencies.cs:24 
UnityEngine.Debug:ExtractStackTraceNoAlloc (byte*,int,string)
UnityEngine.StackTraceUtility:ExtractStackTrace ()
UnityEngine.DebugLogHandler:Internal_Log (UnityEngine.LogType,UnityEngine.LogOption,string,UnityEngine.Object)
UnityEngine.DebugLogHandler:LogFormat (UnityEngine.LogType,UnityEngine.Object,string,object[])
UnityEngine.Logger:Log (UnityEngine.LogType,object)
UnityEngine.Debug:LogError (object)
UnityEditor.EditorAssemblies:ProcessInitializeOnLoadAttributes (System.Type[])

[Package Manager] Failed to launch server process. Reason: Unity was launched with the -noUpm command-line argument
[Package Manager] Unable to send message (not connected to server process).
[Package Manager] Cannot connect to Unity Package Manager local server
Mono: successfully reloaded assembly
- Finished resetting the current domain, in  0.641 seconds
Domain Reload Profiling: 1277ms
	BeginReloadAssembly (213ms)
		ExecutionOrderSort (0ms)
		DisableScriptedObjects (8ms)
		BackupInstance (0ms)
		ReleaseScriptingObjects (0ms)
		CreateAndSetChildDomain (61ms)
	RebuildCommonClasses (33ms)
	RebuildNativeTypeToScriptingClass (11ms)
	initialDomainReloadingComplete (28ms)
	LoadAllAssembliesAndSetupDomain (350ms)
		LoadAssemblies (334ms)
		RebuildTransferFunctionScriptingTraits (0ms)
		AnalyzeDomain (114ms)
			TypeCache.Refresh (43ms)
				TypeCache.ScanAssembly (34ms)
			BuildScriptInfoCaches (64ms)
			ResolveRequiredComponents (5ms)
	FinalizeReload (642ms)
		ReleaseScriptCaches (0ms)
		RebuildScriptCaches (0ms)
		SetupLoadedEditorAssemblies (526ms)
			LogAssemblyErrors (0ms)
			InitializePlatformSupportModulesInManaged (12ms)
			SetLoadedEditorAssemblies (5ms)
			BeforeProcessingInitializeOnLoad (106ms)
			ProcessInitializeOnLoadAttributes (250ms)
			ProcessInitializeOnLoadMethodAttributes (147ms)
			AfterProcessingInitializeOnLoad (5ms)
			EditorAssembliesLoaded (0ms)
		ExecutionOrderSort2 (0ms)
		AwakeInstancesAfterBackupRestoration (6ms)
Refreshing native plugins compatible for Editor in 7.23 ms, found 2 plugins.
Preloading 0 native plugins for Editor in 0.00 ms.
Unloading 0 Unused Serialized files (Serialized files now loaded: 0)
Unloading 3370 unused Assets / (0.8 MB). Loaded Objects now: 3846.
Memory consumption went from 87.1 MB to 86.4 MB.
Total: 9.747900 ms (FindLiveObjects: 0.415400 ms CreateObjectMapping: 0.181700 ms MarkObjects: 8.344800 ms  DeleteObjects: 0.804900 ms)

Prepare: number of updated asset objects reloaded= 0
========================================================================
Received Prepare
ETC Legacy compression has been deprecated and will be removed in a future release. You can review compressors in "Project Settings > Editor > Texture Compressors".
Refreshing native plugins compatible for Editor in 6.98 ms, found 2 plugins.
Preloading 0 native plugins for Editor in 0.00 ms.
Unloading 0 Unused Serialized files (Serialized files now loaded: 0)
Unloading 3313 unused Assets / (0.8 MB). Loaded Objects now: 3846.
Memory consumption went from 87.0 MB to 86.2 MB.
Total: 10.212000 ms (FindLiveObjects: 0.355900 ms CreateObjectMapping: 0.173400 ms MarkObjects: 8.798400 ms  DeleteObjects: 0.882800 ms)

Prepare: number of updated asset objects reloaded= 0
========================================================================
Received Prepare
ETC Legacy compression has been deprecated and will be removed in a future release. You can review compressors in "Project Settings > Editor > Texture Compressors".
Refreshing native plugins compatible for Editor in 9.22 ms, found 2 plugins.
Preloading 0 native plugins for Editor in 0.00 ms.
Unloading 0 Unused Serialized files (Serialized files now loaded: 0)
Unloading 3313 unused Assets / (0.8 MB). Loaded Objects now: 3846.
Memory consumption went from 86.9 MB to 86.0 MB.
Total: 11.888100 ms (FindLiveObjects: 0.423800 ms CreateObjectMapping: 0.237300 ms MarkObjects: 10.251600 ms  DeleteObjects: 0.973800 ms)

Prepare: number of updated asset objects reloaded= 0
========================================================================
Received Prepare
ETC Legacy compression has been deprecated and will be removed in a future release. You can review compressors in "Project Settings > Editor > Texture Compressors".
Refreshing native plugins compatible for Editor in 7.47 ms, found 2 plugins.
Preloading 0 native plugins for Editor in 0.00 ms.
Unloading 0 Unused Serialized files (Serialized files now loaded: 0)
Unloading 3313 unused Assets / (0.8 MB). Loaded Objects now: 3846.
Memory consumption went from 86.9 MB to 86.0 MB.
Total: 10.229300 ms (FindLiveObjects: 0.380900 ms CreateObjectMapping: 0.189500 ms MarkObjects: 8.798000 ms  DeleteObjects: 0.860000 ms)

Prepare: number of updated asset objects reloaded= 0
========================================================================
Received Prepare
ETC Legacy compression has been deprecated and will be removed in a future release. You can review compressors in "Project Settings > Editor > Texture Compressors".
Begin MonoManager ReloadAssembly
Symbol file LoadedFromMemory is not a mono symbol file
- Loaded All Assemblies, in  0.599 seconds
Refreshing native plugins compatible for Editor in 7.23 ms, found 2 plugins.
Native extension for iOS target not found
Native extension for Android target not found
Native extension for WindowsStandalone target not found
System.FormatException: Input string was not in a correct format.
  at System.Number.ThrowOverflowOrFormatException (System.Boolean overflow, System.String overflowResourceKey) [0x0001a] in <715c8f689fc74561a4fef078d73c94aa>:0 
  at System.Number.ParseInt64 (System.ReadOnlySpan`1[T] value, System.Globalization.NumberStyles styles, System.Globalization.NumberFormatInfo info) [0x00016] in <715c8f689fc74561a4fef078d73c94aa>:0 
  at System.Int64.Parse (System.String s, System.IFormatProvider provider) [0x00017] in <715c8f689fc74561a4fef078d73c94aa>:0 
  at System.Convert.ToInt64 (System.String value) [0x0000c] in <715c8f689fc74561a4fef078d73c94aa>:0 
  at Google.VersionHandler+FileMetadata.CalculateVersion (System.String versionString) [0x0003d] in <0c07e6ebb33d4e07b6cbf2c03554fea6>:0 
  at Google.VersionHandler+FileMetadata.CalculateVersion () [0x00000] in <0c07e6ebb33d4e07b6cbf2c03554fea6>:0 
  at Google.VersionHandler+FileMetadataByVersion.Add (Google.VersionHandler+FileMetadata metadata) [0x00024] in <0c07e6ebb33d4e07b6cbf2c03554fea6>:0 
  at Google.VersionHandler+FileMetadataSet.Add (Google.VersionHandler+FileMetadata metadata) [0x00021] in <0c07e6ebb33d4e07b6cbf2c03554fea6>:0 
  at Google.VersionHandler+FileMetadataSet.ParseFromFilenames (System.String[] filenames) [0x0001a] in <0c07e6ebb33d4e07b6cbf2c03554fea6>:0 
  at Google.VersionHandler.UpdateVersionedAssets (System.Boolean forceUpdate) [0x00016] in <0c07e6ebb33d4e07b6cbf2c03554fea6>:0 
  at Google.VersionHandler..cctor () [0x00000] in <0c07e6ebb33d4e07b6cbf2c03554fea6>:0 
UnityEngine.Debug:ExtractStackTraceNoAlloc (byte*,int,string)
UnityEngine.StackTraceUtility:ExtractStackTrace ()
UnityEngine.DebugLogHandler:Internal_Log (UnityEngine.LogType,UnityEngine.LogOption,string,UnityEngine.Object)
UnityEngine.DebugLogHandler:LogFormat (UnityEngine.LogType,UnityEngine.Object,string,object[])
UnityEngine.Logger:Log (UnityEngine.LogType,object)
UnityEngine.Debug:LogError (object)
UnityEditor.EditorAssemblies:ProcessInitializeOnLoadAttributes (System.Type[])

System.TypeInitializationException: The type initializer for 'Google.VersionHandler' threw an exception. ---> System.FormatException: Input string was not in a correct format.
  at System.Number.ThrowOverflowOrFormatException (System.Boolean overflow, System.String overflowResourceKey) [0x0001a] in <715c8f689fc74561a4fef078d73c94aa>:0 
  at System.Number.ParseInt64 (System.ReadOnlySpan`1[T] value, System.Globalization.NumberStyles styles, System.Globalization.NumberFormatInfo info) [0x00016] in <715c8f689fc74561a4fef078d73c94aa>:0 
  at System.Int64.Parse (System.String s, System.IFormatProvider provider) [0x00017] in <715c8f689fc74561a4fef078d73c94aa>:0 
  at System.Convert.ToInt64 (System.String value) [0x0000c] in <715c8f689fc74561a4fef078d73c94aa>:0 
  at Google.VersionHandler+FileMetadata.CalculateVersion (System.String versionString) [0x0003d] in <0c07e6ebb33d4e07b6cbf2c03554fea6>:0 
  at Google.VersionHandler+FileMetadata.CalculateVersion () [0x00000] in <0c07e6ebb33d4e07b6cbf2c03554fea6>:0 
  at Google.VersionHandler+FileMetadataByVersion.Add (Google.VersionHandler+FileMetadata metadata) [0x00024] in <0c07e6ebb33d4e07b6cbf2c03554fea6>:0 
  at Google.VersionHandler+FileMetadataSet.Add (Google.VersionHandler+FileMetadata metadata) [0x00021] in <0c07e6ebb33d4e07b6cbf2c03554fea6>:0 
  at Google.VersionHandler+FileMetadataSet.ParseFromFilenames (System.String[] filenames) [0x0001a] in <0c07e6ebb33d4e07b6cbf2c03554fea6>:0 
  at Google.VersionHandler.UpdateVersionedAssets (System.Boolean forceUpdate) [0x00016] in <0c07e6ebb33d4e07b6cbf2c03554fea6>:0 
  at Google.VersionHandler..cctor () [0x00000] in <0c07e6ebb33d4e07b6cbf2c03554fea6>:0 
   --- End of inner exception stack trace ---
  at AdMobDependencies.SetupDeps () [0x00000] in C:\Projects\IMadeABug\NextGame\Assets\GoogleMobileAds\Editor\AdMobDependencies.cs:30 
  at AdMobDependencies..cctor () [0x00000] in C:\Projects\IMadeABug\NextGame\Assets\GoogleMobileAds\Editor\AdMobDependencies.cs:24 
UnityEngine.Debug:ExtractStackTraceNoAlloc (byte*,int,string)
UnityEngine.StackTraceUtility:ExtractStackTrace ()
UnityEngine.DebugLogHandler:Internal_Log (UnityEngine.LogType,UnityEngine.LogOption,string,UnityEngine.Object)
UnityEngine.DebugLogHandler:LogFormat (UnityEngine.LogType,UnityEngine.Object,string,object[])
UnityEngine.Logger:Log (UnityEngine.LogType,object)
UnityEngine.Debug:LogError (object)
UnityEditor.EditorAssemblies:ProcessInitializeOnLoadAttributes (System.Type[])

[Package Manager] Failed to launch server process. Reason: Unity was launched with the -noUpm command-line argument
[Package Manager] Unable to send message (not connected to server process).
[Package Manager] Cannot connect to Unity Package Manager local server
Mono: successfully reloaded assembly
- Finished resetting the current domain, in  0.668 seconds
Domain Reload Profiling: 1265ms
	BeginReloadAssembly (192ms)
		ExecutionOrderSort (0ms)
		DisableScriptedObjects (7ms)
		BackupInstance (0ms)
		ReleaseScriptingObjects (0ms)
		CreateAndSetChildDomain (45ms)
	RebuildCommonClasses (33ms)
	RebuildNativeTypeToScriptingClass (11ms)
	initialDomainReloadingComplete (28ms)
	LoadAllAssembliesAndSetupDomain (332ms)
		LoadAssemblies (337ms)
		RebuildTransferFunctionScriptingTraits (0ms)
		AnalyzeDomain (92ms)
			TypeCache.Refresh (5ms)
				TypeCache.ScanAssembly (0ms)
			BuildScriptInfoCaches (79ms)
			ResolveRequiredComponents (5ms)
	FinalizeReload (669ms)
		ReleaseScriptCaches (0ms)
		RebuildScriptCaches (0ms)
		SetupLoadedEditorAssemblies (551ms)
			LogAssemblyErrors (0ms)
			InitializePlatformSupportModulesInManaged (12ms)
			SetLoadedEditorAssemblies (4ms)
			BeforeProcessingInitializeOnLoad (103ms)
			ProcessInitializeOnLoadAttributes (270ms)
			ProcessInitializeOnLoadMethodAttributes (156ms)
			AfterProcessingInitializeOnLoad (5ms)
			EditorAssembliesLoaded (0ms)
		ExecutionOrderSort2 (0ms)
		AwakeInstancesAfterBackupRestoration (6ms)
Refreshing native plugins compatible for Editor in 8.28 ms, found 2 plugins.
Preloading 0 native plugins for Editor in 0.00 ms.
Unloading 0 Unused Serialized files (Serialized files now loaded: 0)
Unloading 3369 unused Assets / (0.8 MB). Loaded Objects now: 3846.
Memory consumption went from 87.1 MB to 86.3 MB.
Total: 11.239300 ms (FindLiveObjects: 0.479000 ms CreateObjectMapping: 0.252500 ms MarkObjects: 9.364800 ms  DeleteObjects: 1.141400 ms)

Prepare: number of updated asset objects reloaded= 0
========================================================================
Received Prepare
ETC Legacy compression has been deprecated and will be removed in a future release. You can review compressors in "Project Settings > Editor > Texture Compressors".
[Licensing::Client] Successfully resolved entitlement details
Begin MonoManager ReloadAssembly
[Licensing::Client] Successfully resolved entitlement details
Symbol file LoadedFromMemory is not a mono symbol file
- Loaded All Assemblies, in  0.634 seconds
Refreshing native plugins compatible for Editor in 7.11 ms, found 2 plugins.
Native extension for iOS target not found
Native extension for Android target not found
Native extension for WindowsStandalone target not found
System.FormatException: Input string was not in a correct format.
  at System.Number.ThrowOverflowOrFormatException (System.Boolean overflow, System.String overflowResourceKey) [0x0001a] in <715c8f689fc74561a4fef078d73c94aa>:0 
  at System.Number.ParseInt64 (System.ReadOnlySpan`1[T] value, System.Globalization.NumberStyles styles, System.Globalization.NumberFormatInfo info) [0x00016] in <715c8f689fc74561a4fef078d73c94aa>:0 
  at System.Int64.Parse (System.String s, System.IFormatProvider provider) [0x00017] in <715c8f689fc74561a4fef078d73c94aa>:0 
  at System.Convert.ToInt64 (System.String value) [0x0000c] in <715c8f689fc74561a4fef078d73c94aa>:0 
  at Google.VersionHandler+FileMetadata.CalculateVersion (System.String versionString) [0x0003d] in <0c07e6ebb33d4e07b6cbf2c03554fea6>:0 
  at Google.VersionHandler+FileMetadata.CalculateVersion () [0x00000] in <0c07e6ebb33d4e07b6cbf2c03554fea6>:0 
  at Google.VersionHandler+FileMetadataByVersion.Add (Google.VersionHandler+FileMetadata metadata) [0x00024] in <0c07e6ebb33d4e07b6cbf2c03554fea6>:0 
  at Google.VersionHandler+FileMetadataSet.Add (Google.VersionHandler+FileMetadata metadata) [0x00021] in <0c07e6ebb33d4e07b6cbf2c03554fea6>:0 
  at Google.VersionHandler+FileMetadataSet.ParseFromFilenames (System.String[] filenames) [0x0001a] in <0c07e6ebb33d4e07b6cbf2c03554fea6>:0 
  at Google.VersionHandler.UpdateVersionedAssets (System.Boolean forceUpdate) [0x00016] in <0c07e6ebb33d4e07b6cbf2c03554fea6>:0 
  at Google.VersionHandler..cctor () [0x00000] in <0c07e6ebb33d4e07b6cbf2c03554fea6>:0 
UnityEngine.Debug:ExtractStackTraceNoAlloc (byte*,int,string)
UnityEngine.StackTraceUtility:ExtractStackTrace ()
UnityEngine.DebugLogHandler:Internal_Log (UnityEngine.LogType,UnityEngine.LogOption,string,UnityEngine.Object)
UnityEngine.DebugLogHandler:LogFormat (UnityEngine.LogType,UnityEngine.Object,string,object[])
UnityEngine.Logger:Log (UnityEngine.LogType,object)
UnityEngine.Debug:LogError (object)
UnityEditor.EditorAssemblies:ProcessInitializeOnLoadAttributes (System.Type[])

System.TypeInitializationException: The type initializer for 'Google.VersionHandler' threw an exception. ---> System.FormatException: Input string was not in a correct format.
  at System.Number.ThrowOverflowOrFormatException (System.Boolean overflow, System.String overflowResourceKey) [0x0001a] in <715c8f689fc74561a4fef078d73c94aa>:0 
  at System.Number.ParseInt64 (System.ReadOnlySpan`1[T] value, System.Globalization.NumberStyles styles, System.Globalization.NumberFormatInfo info) [0x00016] in <715c8f689fc74561a4fef078d73c94aa>:0 
  at System.Int64.Parse (System.String s, System.IFormatProvider provider) [0x00017] in <715c8f689fc74561a4fef078d73c94aa>:0 
  at System.Convert.ToInt64 (System.String value) [0x0000c] in <715c8f689fc74561a4fef078d73c94aa>:0 
  at Google.VersionHandler+FileMetadata.CalculateVersion (System.String versionString) [0x0003d] in <0c07e6ebb33d4e07b6cbf2c03554fea6>:0 
  at Google.VersionHandler+FileMetadata.CalculateVersion () [0x00000] in <0c07e6ebb33d4e07b6cbf2c03554fea6>:0 
  at Google.VersionHandler+FileMetadataByVersion.Add (Google.VersionHandler+FileMetadata metadata) [0x00024] in <0c07e6ebb33d4e07b6cbf2c03554fea6>:0 
  at Google.VersionHandler+FileMetadataSet.Add (Google.VersionHandler+FileMetadata metadata) [0x00021] in <0c07e6ebb33d4e07b6cbf2c03554fea6>:0 
  at Google.VersionHandler+FileMetadataSet.ParseFromFilenames (System.String[] filenames) [0x0001a] in <0c07e6ebb33d4e07b6cbf2c03554fea6>:0 
  at Google.VersionHandler.UpdateVersionedAssets (System.Boolean forceUpdate) [0x00016] in <0c07e6ebb33d4e07b6cbf2c03554fea6>:0 
  at Google.VersionHandler..cctor () [0x00000] in <0c07e6ebb33d4e07b6cbf2c03554fea6>:0 
   --- End of inner exception stack trace ---
  at AdMobDependencies.SetupDeps () [0x00000] in C:\Projects\IMadeABug\NextGame\Assets\GoogleMobileAds\Editor\AdMobDependencies.cs:30 
  at AdMobDependencies..cctor () [0x00000] in C:\Projects\IMadeABug\NextGame\Assets\GoogleMobileAds\Editor\AdMobDependencies.cs:24 
UnityEngine.Debug:ExtractStackTraceNoAlloc (byte*,int,string)
UnityEngine.StackTraceUtility:ExtractStackTrace ()
UnityEngine.DebugLogHandler:Internal_Log (UnityEngine.LogType,UnityEngine.LogOption,string,UnityEngine.Object)
UnityEngine.DebugLogHandler:LogFormat (UnityEngine.LogType,UnityEngine.Object,string,object[])
UnityEngine.Logger:Log (UnityEngine.LogType,object)
UnityEngine.Debug:LogError (object)
UnityEditor.EditorAssemblies:ProcessInitializeOnLoadAttributes (System.Type[])

[Package Manager] Failed to launch server process. Reason: Unity was launched with the -noUpm command-line argument
[Package Manager] Unable to send message (not connected to server process).
[Package Manager] Cannot connect to Unity Package Manager local server
Mono: successfully reloaded assembly
- Finished resetting the current domain, in  0.606 seconds
Domain Reload Profiling: 1238ms
	BeginReloadAssembly (199ms)
		ExecutionOrderSort (0ms)
		DisableScriptedObjects (7ms)
		BackupInstance (0ms)
		ReleaseScriptingObjects (0ms)
		CreateAndSetChildDomain (45ms)
	RebuildCommonClasses (38ms)
	RebuildNativeTypeToScriptingClass (11ms)
	initialDomainReloadingComplete (27ms)
	LoadAllAssembliesAndSetupDomain (356ms)
		LoadAssemblies (341ms)
		RebuildTransferFunctionScriptingTraits (0ms)
		AnalyzeDomain (120ms)
			TypeCache.Refresh (42ms)
				TypeCache.ScanAssembly (33ms)
			BuildScriptInfoCaches (70ms)
			ResolveRequiredComponents (5ms)
	FinalizeReload (606ms)
		ReleaseScriptCaches (0ms)
		RebuildScriptCaches (0ms)
		SetupLoadedEditorAssemblies (485ms)
			LogAssemblyErrors (0ms)
			InitializePlatformSupportModulesInManaged (13ms)
			SetLoadedEditorAssemblies (4ms)
			BeforeProcessingInitializeOnLoad (97ms)
			ProcessInitializeOnLoadAttributes (225ms)
			ProcessInitializeOnLoadMethodAttributes (140ms)
			AfterProcessingInitializeOnLoad (5ms)
			EditorAssembliesLoaded (0ms)
		ExecutionOrderSort2 (0ms)
		AwakeInstancesAfterBackupRestoration (6ms)
Refreshing native plugins compatible for Editor in 6.88 ms, found 2 plugins.
Preloading 0 native plugins for Editor in 0.00 ms.
Unloading 0 Unused Serialized files (Serialized files now loaded: 0)
Unloading 3364 unused Assets / (1.0 MB). Loaded Objects now: 3838.
Memory consumption went from 87.0 MB to 86.0 MB.
Total: 10.696000 ms (FindLiveObjects: 0.357800 ms CreateObjectMapping: 0.416000 ms MarkObjects: 8.857500 ms  DeleteObjects: 1.063800 ms)

Prepare: number of updated asset objects reloaded= 0
========================================================================
Received Prepare
ETC Legacy compression has been deprecated and will be removed in a future release. You can review compressors in "Project Settings > Editor > Texture Compressors".
Refreshing native plugins compatible for Editor in 10.36 ms, found 2 plugins.
Preloading 0 native plugins for Editor in 0.00 ms.
Unloading 0 Unused Serialized files (Serialized files now loaded: 0)
Unloading 3305 unused Assets / (0.8 MB). Loaded Objects now: 3833.
Memory consumption went from 86.9 MB to 86.0 MB.
Total: 10.264100 ms (FindLiveObjects: 0.409800 ms CreateObjectMapping: 0.208300 ms MarkObjects: 8.712300 ms  DeleteObjects: 0.932600 ms)

Prepare: number of updated asset objects reloaded= 0
========================================================================
Received Prepare
ETC Legacy compression has been deprecated and will be removed in a future release. You can review compressors in "Project Settings > Editor > Texture Compressors".
Refreshing native plugins compatible for Editor in 12.65 ms, found 2 plugins.
Preloading 0 native plugins for Editor in 0.00 ms.
Unloading 0 Unused Serialized files (Serialized files now loaded: 0)
Unloading 3265 unused Assets / (1.0 MB). Loaded Objects now: 3793.
Memory consumption went from 86.6 MB to 85.7 MB.
Total: 12.423200 ms (FindLiveObjects: 0.489000 ms CreateObjectMapping: 0.517900 ms MarkObjects: 10.258000 ms  DeleteObjects: 1.156300 ms)

Prepare: number of updated asset objects reloaded= 0
========================================================================
Received Prepare
ETC Legacy compression has been deprecated and will be removed in a future release. You can review compressors in "Project Settings > Editor > Texture Compressors".
[Licensing::Client] Successfully resolved entitlement details
Begin MonoManager ReloadAssembly
[Licensing::Client] Successfully resolved entitlement details
Symbol file LoadedFromMemory is not a mono symbol file
- Loaded All Assemblies, in  1.782 seconds
Refreshing native plugins compatible for Editor in 8.80 ms, found 2 plugins.
Native extension for iOS target not found
Native extension for Android target not found
Native extension for WindowsStandalone target not found
[Package Manager] Failed to launch server process. Reason: Unity was launched with the -noUpm command-line argument
[Package Manager] Unable to send message (not connected to server process).
[Package Manager] Cannot connect to Unity Package Manager local server
Mono: successfully reloaded assembly
- Finished resetting the current domain, in  1.535 seconds
Domain Reload Profiling: 3305ms
	BeginReloadAssembly (456ms)
		ExecutionOrderSort (0ms)
		DisableScriptedObjects (12ms)
		BackupInstance (0ms)
		ReleaseScriptingObjects (0ms)
		CreateAndSetChildDomain (114ms)
	RebuildCommonClasses (155ms)
	RebuildNativeTypeToScriptingClass (46ms)
	initialDomainReloadingComplete (149ms)
	LoadAllAssembliesAndSetupDomain (962ms)
		LoadAssemblies (1005ms)
		RebuildTransferFunctionScriptingTraits (0ms)
		AnalyzeDomain (199ms)
			TypeCache.Refresh (59ms)
				TypeCache.ScanAssembly (46ms)
			BuildScriptInfoCaches (127ms)
			ResolveRequiredComponents (8ms)
	FinalizeReload (1536ms)
		ReleaseScriptCaches (0ms)
		RebuildScriptCaches (0ms)
		SetupLoadedEditorAssemblies (1323ms)
			LogAssemblyErrors (0ms)
			InitializePlatformSupportModulesInManaged (64ms)
			SetLoadedEditorAssemblies (36ms)
			BeforeProcessingInitializeOnLoad (222ms)
			ProcessInitializeOnLoadAttributes (527ms)
			ProcessInitializeOnLoadMethodAttributes (466ms)
			AfterProcessingInitializeOnLoad (8ms)
			EditorAssembliesLoaded (0ms)
		ExecutionOrderSort2 (0ms)
		AwakeInstancesAfterBackupRestoration (8ms)
Refreshing native plugins compatible for Editor in 11.06 ms, found 2 plugins.
Preloading 0 native plugins for Editor in 0.00 ms.
Unloading 0 Unused Serialized files (Serialized files now loaded: 0)
Unloading 3321 unused Assets / (1.1 MB). Loaded Objects now: 3793.
Memory consumption went from 86.6 MB to 85.6 MB.
Total: 17.322600 ms (FindLiveObjects: 0.609200 ms CreateObjectMapping: 0.999300 ms MarkObjects: 13.651300 ms  DeleteObjects: 2.060400 ms)

Prepare: number of updated asset objects reloaded= 0
========================================================================
Received Import Request.
  Time since last request: 2892.691488 seconds.
  path: Assets/TheraBytes/BetterUI/Editor/Icons/Resources/allign_center.png
  artifactKey: Guid(95df24704ac4aff439c35c398b37be42) Importer(815301076,1909f56bfc062723c751e8b465ee728b)
Start importing Assets/TheraBytes/BetterUI/Editor/Icons/Resources/allign_center.png using Guid(95df24704ac4aff439c35c398b37be42) Importer(815301076,1909f56bfc062723c751e8b465ee728b) (PreviewImporter) -> (artifact id: 'ec859906818827932395a6a3a6fc8c12') in 0.086037 seconds
Number of updated asset objects reloaded before import = 0Number of asset objects unloaded after import = 2

========================================================================
Received Import Request.
  Time since last request: 0.000025 seconds.
  path: Assets/TheraBytes/BetterUI/Editor/Icons/Resources/allign_middle.png
  artifactKey: Guid(11784201599e4a94e90f5ab8368f4ec6) Importer(815301076,1909f56bfc062723c751e8b465ee728b)
Start importing Assets/TheraBytes/BetterUI/Editor/Icons/Resources/allign_middle.png using Guid(11784201599e4a94e90f5ab8368f4ec6) Importer(815301076,1909f56bfc062723c751e8b465ee728b) (PreviewImporter) -> (artifact id: '7db57b25308124055a6adfa9f6873382') in 0.0102816 seconds
Number of updated asset objects reloaded before import = 0Number of asset objects unloaded after import = 2

========================================================================
Received Import Request.
  Time since last request: 0.000025 seconds.
  path: Assets/TheraBytes/BetterUI/Editor/Icons/Resources/allign_top.png
  artifactKey: Guid(61812105362df424b8ed297cb1d46008) Importer(815301076,1909f56bfc062723c751e8b465ee728b)
Start importing Assets/TheraBytes/BetterUI/Editor/Icons/Resources/allign_top.png using Guid(61812105362df424b8ed297cb1d46008) Importer(815301076,1909f56bfc062723c751e8b465ee728b) (PreviewImporter) -> (artifact id: '7106a3ea08f1ea20697842e2c0a9409d') in 0.0078497 seconds
Number of updated asset objects reloaded before import = 0Number of asset objects unloaded after import = 2

========================================================================
Received Import Request.
  Time since last request: 0.000032 seconds.
  path: Assets/TheraBytes/BetterUI/Editor/Icons/Resources/allign_left.png
  artifactKey: Guid(5f23a3d5770025b4babd5815c27f83fa) Importer(815301076,1909f56bfc062723c751e8b465ee728b)
Start importing Assets/TheraBytes/BetterUI/Editor/Icons/Resources/allign_left.png using Guid(5f23a3d5770025b4babd5815c27f83fa) Importer(815301076,1909f56bfc062723c751e8b465ee728b) (PreviewImporter) -> (artifact id: '4a8fb9913547d415c250aab07127bf46') in 0.0071662 seconds
Number of updated asset objects reloaded before import = 0Number of asset objects unloaded after import = 2

========================================================================
Received Import Request.
  Time since last request: 0.317858 seconds.
  path: Assets/Resources/Sprites/GameIcon_asCursor.png
  artifactKey: Guid(cac5a38749a1c744087fcd2188964882) Importer(815301076,1909f56bfc062723c751e8b465ee728b)
Start importing Assets/Resources/Sprites/GameIcon_asCursor.png using Guid(cac5a38749a1c744087fcd2188964882) Importer(815301076,1909f56bfc062723c751e8b465ee728b) (PreviewImporter) -> (artifact id: '144a9c0d7afd6b6ca2641e5f6e2d9d52') in 0.0442896 seconds
Number of updated asset objects reloaded before import = 0Number of asset objects unloaded after import = 3

========================================================================
Received Import Request.
  Time since last request: 29.257758 seconds.
  path: Assets/TextMesh Pro/Examples & Extras/Resources/Fonts & Materials/Electronic Highway Sign SDF.asset
  artifactKey: Guid(dc36b3fdc14f47ebb36fd484a67e268a) Importer(815301076,1909f56bfc062723c751e8b465ee728b)
Start importing Assets/TextMesh Pro/Examples & Extras/Resources/Fonts & Materials/Electronic Highway Sign SDF.asset using Guid(dc36b3fdc14f47ebb36fd484a67e268a) Importer(815301076,1909f56bfc062723c751e8b465ee728b) (PreviewImporter) -> (artifact id: '1dbf43ebb94a1b7c0837bf6b20a1ee1a') in 0.1034161 seconds
Number of updated asset objects reloaded before import = 0Number of asset objects unloaded after import = 6

========================================================================
Received Import Request.
  Time since last request: 0.000025 seconds.
  path: Assets/TextMesh Pro/Resources/Fonts & Materials/LiberationSans SDF - Fallback.asset
  artifactKey: Guid(2e498d1c8094910479dc3e1b768306a4) Importer(815301076,1909f56bfc062723c751e8b465ee728b)
Start importing Assets/TextMesh Pro/Resources/Fonts & Materials/LiberationSans SDF - Fallback.asset using Guid(2e498d1c8094910479dc3e1b768306a4) Importer(815301076,1909f56bfc062723c751e8b465ee728b) (PreviewImporter) -> (artifact id: '7e03e220f18d72b0b62ec443ab58913e') in 0.012668 seconds
Number of updated asset objects reloaded before import = 0Number of asset objects unloaded after import = 6

========================================================================
Received Import Request.
  Time since last request: 0.000029 seconds.
  path: Assets/TextMesh Pro/Examples & Extras/Resources/Fonts & Materials/Unity SDF.asset
  artifactKey: Guid(c9adb1f542a93ae489bacfeae21e8394) Importer(815301076,1909f56bfc062723c751e8b465ee728b)
Start importing Assets/TextMesh Pro/Examples & Extras/Resources/Fonts & Materials/Unity SDF.asset using Guid(c9adb1f542a93ae489bacfeae21e8394) Importer(815301076,1909f56bfc062723c751e8b465ee728b) (PreviewImporter) -> (artifact id: '387128f89ba8b9e893df68b6c34ab47d') in 0.0248579 seconds
Number of updated asset objects reloaded before import = 0Number of asset objects unloaded after import = 4

========================================================================
Received Import Request.
  Time since last request: 0.000017 seconds.
  path: Assets/Fonts/Roboto-Regular SDF.asset
  artifactKey: Guid(3332804ae67014f4c8c0dbc60b909473) Importer(815301076,1909f56bfc062723c751e8b465ee728b)
Start importing Assets/Fonts/Roboto-Regular SDF.asset using Guid(3332804ae67014f4c8c0dbc60b909473) Importer(815301076,1909f56bfc062723c751e8b465ee728b) (PreviewImporter) -> (artifact id: '2b47d56b5af7447aac96a0f7c1c502d4') in 0.0570562 seconds
Number of updated asset objects reloaded before import = 0Number of asset objects unloaded after import = 4

========================================================================
Received Prepare
ETC Legacy compression has been deprecated and will be removed in a future release. You can review compressors in "Project Settings > Editor > Texture Compressors".
[Licensing::Client] Successfully resolved entitlement details
Begin MonoManager ReloadAssembly
[Licensing::Client] Successfully resolved entitlement details
Symbol file LoadedFromMemory is not a mono symbol file
- Loaded All Assemblies, in  0.667 seconds
Refreshing native plugins compatible for Editor in 6.92 ms, found 2 plugins.
Native extension for iOS target not found
Native extension for Android target not found
Native extension for WindowsStandalone target not found
[Package Manager] Failed to launch server process. Reason: Unity was launched with the -noUpm command-line argument
[Package Manager] Unable to send message (not connected to server process).
[Package Manager] Cannot connect to Unity Package Manager local server
Mono: successfully reloaded assembly
- Finished resetting the current domain, in  0.732 seconds
Domain Reload Profiling: 1398ms
	BeginReloadAssembly (229ms)
		ExecutionOrderSort (0ms)
		DisableScriptedObjects (7ms)
		BackupInstance (0ms)
		ReleaseScriptingObjects (0ms)
		CreateAndSetChildDomain (55ms)
	RebuildCommonClasses (33ms)
	RebuildNativeTypeToScriptingClass (12ms)
	initialDomainReloadingComplete (28ms)
	LoadAllAssembliesAndSetupDomain (364ms)
		LoadAssemblies (382ms)
		RebuildTransferFunctionScriptingTraits (0ms)
		AnalyzeDomain (97ms)
			TypeCache.Refresh (5ms)
				TypeCache.ScanAssembly (0ms)
			BuildScriptInfoCaches (83ms)
			ResolveRequiredComponents (5ms)
	FinalizeReload (733ms)
		ReleaseScriptCaches (0ms)
		RebuildScriptCaches (0ms)
		SetupLoadedEditorAssemblies (595ms)
			LogAssemblyErrors (0ms)
			InitializePlatformSupportModulesInManaged (13ms)
			SetLoadedEditorAssemblies (5ms)
			BeforeProcessingInitializeOnLoad (122ms)
			ProcessInitializeOnLoadAttributes (262ms)
			ProcessInitializeOnLoadMethodAttributes (186ms)
			AfterProcessingInitializeOnLoad (6ms)
			EditorAssembliesLoaded (0ms)
		ExecutionOrderSort2 (0ms)
		AwakeInstancesAfterBackupRestoration (7ms)
Refreshing native plugins compatible for Editor in 7.86 ms, found 2 plugins.
Preloading 0 native plugins for Editor in 0.00 ms.
Unloading 0 Unused Serialized files (Serialized files now loaded: 0)
Unloading 3321 unused Assets / (0.8 MB). Loaded Objects now: 3839.
Memory consumption went from 87.4 MB to 86.6 MB.
Total: 12.515500 ms (FindLiveObjects: 0.507700 ms CreateObjectMapping: 0.203300 ms MarkObjects: 10.744200 ms  DeleteObjects: 1.058600 ms)

Prepare: number of updated asset objects reloaded= 0
========================================================================
Received Prepare
ETC Legacy compression has been deprecated and will be removed in a future release. You can review compressors in "Project Settings > Editor > Texture Compressors".
Refreshing native plugins compatible for Editor in 7.85 ms, found 2 plugins.
Preloading 0 native plugins for Editor in 0.00 ms.
Unloading 0 Unused Serialized files (Serialized files now loaded: 0)
Unloading 3265 unused Assets / (1.0 MB). Loaded Objects now: 3839.
Memory consumption went from 87.3 MB to 86.2 MB.
Total: 21.046500 ms (FindLiveObjects: 0.710100 ms CreateObjectMapping: 0.461200 ms MarkObjects: 18.315000 ms  DeleteObjects: 1.558000 ms)

Prepare: number of updated asset objects reloaded= 0
========================================================================
Received Prepare
ETC Legacy compression has been deprecated and will be removed in a future release. You can review compressors in "Project Settings > Editor > Texture Compressors".
[Licensing::Client] Successfully resolved entitlement details
Begin MonoManager ReloadAssembly
[Licensing::Client] Successfully resolved entitlement details
Symbol file LoadedFromMemory is not a mono symbol file
- Loaded All Assemblies, in  1.166 seconds
Refreshing native plugins compatible for Editor in 8.88 ms, found 2 plugins.
Native extension for iOS target not found
Native extension for Android target not found
Native extension for WindowsStandalone target not found
[Package Manager] Failed to launch server process. Reason: Unity was launched with the -noUpm command-line argument
[Package Manager] Unable to send message (not connected to server process).
[Package Manager] Cannot connect to Unity Package Manager local server
Mono: successfully reloaded assembly
- Finished resetting the current domain, in  0.978 seconds
Domain Reload Profiling: 2138ms
	BeginReloadAssembly (321ms)
		ExecutionOrderSort (0ms)
		DisableScriptedObjects (10ms)
		BackupInstance (0ms)
		ReleaseScriptingObjects (0ms)
		CreateAndSetChildDomain (90ms)
	RebuildCommonClasses (61ms)
	RebuildNativeTypeToScriptingClass (15ms)
	initialDomainReloadingComplete (37ms)
	LoadAllAssembliesAndSetupDomain (727ms)
		LoadAssemblies (648ms)
		RebuildTransferFunctionScriptingTraits (0ms)
		AnalyzeDomain (233ms)
			TypeCache.Refresh (56ms)
				TypeCache.ScanAssembly (6ms)
			BuildScriptInfoCaches (160ms)
			ResolveRequiredComponents (11ms)
	FinalizeReload (978ms)
		ReleaseScriptCaches (0ms)
		RebuildScriptCaches (0ms)
		SetupLoadedEditorAssemblies (815ms)
			LogAssemblyErrors (0ms)
			InitializePlatformSupportModulesInManaged (18ms)
			SetLoadedEditorAssemblies (8ms)
			BeforeProcessingInitializeOnLoad (150ms)
			ProcessInitializeOnLoadAttributes (369ms)
			ProcessInitializeOnLoadMethodAttributes (261ms)
			AfterProcessingInitializeOnLoad (9ms)
			EditorAssembliesLoaded (0ms)
		ExecutionOrderSort2 (0ms)
		AwakeInstancesAfterBackupRestoration (7ms)
Refreshing native plugins compatible for Editor in 7.70 ms, found 2 plugins.
Preloading 0 native plugins for Editor in 0.00 ms.
Unloading 0 Unused Serialized files (Serialized files now loaded: 0)
Unloading 3321 unused Assets / (1.0 MB). Loaded Objects now: 3839.
Memory consumption went from 87.4 MB to 86.4 MB.
Total: 11.237300 ms (FindLiveObjects: 0.410400 ms CreateObjectMapping: 0.398400 ms MarkObjects: 9.280600 ms  DeleteObjects: 1.146700 ms)

Prepare: number of updated asset objects reloaded= 0
========================================================================
Received Import Request.
  Time since last request: 534.056923 seconds.
  path: Assets/Resources/Sprites/CursorNovo.png
  artifactKey: Guid(79587e8850401e04a9ecd357b640d75d) Importer(815301076,1909f56bfc062723c751e8b465ee728b)
Start importing Assets/Resources/Sprites/CursorNovo.png using Guid(79587e8850401e04a9ecd357b640d75d) Importer(815301076,1909f56bfc062723c751e8b465ee728b) (PreviewImporter) -> (artifact id: '9d4bdbf63ebec99925cc3f88c0954c90') in 0.1727433 seconds
Number of updated asset objects reloaded before import = 0Number of asset objects unloaded after import = 3

========================================================================
Received Import Request.
  Time since last request: 0.000024 seconds.
  path: Assets/Resources/Sprites/SquareNovo.png
  artifactKey: Guid(43d9cc1d46ae191408f1c981db1091ef) Importer(815301076,1909f56bfc062723c751e8b465ee728b)
Start importing Assets/Resources/Sprites/SquareNovo.png using Guid(43d9cc1d46ae191408f1c981db1091ef) Importer(815301076,1909f56bfc062723c751e8b465ee728b) (PreviewImporter) -> (artifact id: '2db68e64a4ad39bfcfbddc62dcad3bd2') in 0.0174844 seconds
Number of updated asset objects reloaded before import = 0Number of asset objects unloaded after import = 3

========================================================================
Received Import Request.
  Time since last request: 0.000016 seconds.
  path: Assets/Resources/Sprites/SettingsButton.png
  artifactKey: Guid(89a8cf9c482145f45af62ad7a0da6cca) Importer(815301076,1909f56bfc062723c751e8b465ee728b)
Start importing Assets/Resources/Sprites/SettingsButton.png using Guid(89a8cf9c482145f45af62ad7a0da6cca) Importer(815301076,1909f56bfc062723c751e8b465ee728b) (PreviewImporter) -> (artifact id: '65dc44d380103dbc2cec5367a55572f6') in 0.0237987 seconds
Number of updated asset objects reloaded before import = 0Number of asset objects unloaded after import = 3

========================================================================
Received Import Request.
  Time since last request: 0.000029 seconds.
  path: Assets/Resources/Sprites/toggle.png
  artifactKey: Guid(292b775629d3d02418c20d18549d78fc) Importer(815301076,1909f56bfc062723c751e8b465ee728b)
Start importing Assets/Resources/Sprites/toggle.png using Guid(292b775629d3d02418c20d18549d78fc) Importer(815301076,1909f56bfc062723c751e8b465ee728b) (PreviewImporter) -> (artifact id: '98463358dc18bcfcf938a9ed7271d8f2') in 0.0123849 seconds
Number of updated asset objects reloaded before import = 0Number of asset objects unloaded after import = 3

========================================================================
Received Import Request.
  Time since last request: 0.000041 seconds.
  path: Assets/Resources/Sprites/square.png
  artifactKey: Guid(1240c12f79e537b47b74bab2bcca8f63) Importer(815301076,1909f56bfc062723c751e8b465ee728b)
Start importing Assets/Resources/Sprites/square.png using Guid(1240c12f79e537b47b74bab2bcca8f63) Importer(815301076,1909f56bfc062723c751e8b465ee728b) (PreviewImporter) -> (artifact id: 'b99841e223e1e4940ede5efb596cdb66') in 0.0180081 seconds
Number of updated asset objects reloaded before import = 0Number of asset objects unloaded after import = 3

========================================================================
Received Import Request.
  Time since last request: 0.000022 seconds.
  path: Assets/Resources/Sprites/squareNoRound.png
  artifactKey: Guid(2cb92bf1cfe59564aabe72ca3ec41b5a) Importer(815301076,1909f56bfc062723c751e8b465ee728b)
Start importing Assets/Resources/Sprites/squareNoRound.png using Guid(2cb92bf1cfe59564aabe72ca3ec41b5a) Importer(815301076,1909f56bfc062723c751e8b465ee728b) (PreviewImporter) -> (artifact id: '580a7bdd8441c6970722b3374109dbc7') in 0.0292022 seconds
Number of updated asset objects reloaded before import = 0Number of asset objects unloaded after import = 3

========================================================================
Received Import Request.
  Time since last request: 0.000029 seconds.
  path: Assets/Resources/Sprites/undoIcon.png
  artifactKey: Guid(66aa4c55915e4864a931d2d62907e569) Importer(815301076,1909f56bfc062723c751e8b465ee728b)
Start importing Assets/Resources/Sprites/undoIcon.png using Guid(66aa4c55915e4864a931d2d62907e569) Importer(815301076,1909f56bfc062723c751e8b465ee728b) (PreviewImporter) -> (artifact id: 'dee1ec847b6d76f0cb53b4e22af8cac8') in 0.0159528 seconds
Number of updated asset objects reloaded before import = 0Number of asset objects unloaded after import = 3

========================================================================
Received Import Request.
  Time since last request: 0.000018 seconds.
  path: Assets/Resources/Sprites/hintIcon.png
  artifactKey: Guid(f9c9465022b353e4aae06df37976343f) Importer(815301076,1909f56bfc062723c751e8b465ee728b)
Start importing Assets/Resources/Sprites/hintIcon.png using Guid(f9c9465022b353e4aae06df37976343f) Importer(815301076,1909f56bfc062723c751e8b465ee728b) (PreviewImporter) -> (artifact id: 'c2be130ac08f0a053fb925ba06dd6f56') in 0.0152279 seconds
Number of updated asset objects reloaded before import = 0Number of asset objects unloaded after import = 3

Editor requested this worker to shutdown with reason: Scaling down because of idle timeout
AssetImportWorker is now disconnected from the server
Process exiting
Exiting without the bug reporter. Application will terminate with return code 0