[Licensing::Module] Trying to connect to existing licensing client channel...
Built from '6000.2/respin/6000.2.8f1-e4064264ae96' branch; Version is '6000.2.8f1 (c9992ac36c34) revision 13211946'; Using compiler version '194234433'; Build Type 'Release'
[Licensing::IpcConnector] Successfully connected to: "LicenseClient-Alex" at "2025-10-22T13:32:24.290844Z"
OS: 'Windows 10  (10.0.19045) 64bit Education' Language: 'en' Physical Memory: 14188 MB
BatchMode: 1, IsHumanControllingUs: 0, StartBugReporterOnCrash: 0, Is64bit: 1
Date: 2025-10-22T13:32:24Z

COMMAND LINE ARGUMENTS:
C:\Program Files\Unity\Hub\Editor\6000.2.8f1\Editor\Unity.exe
-adb2
-batchMode
-noUpm
-name
AssetImportWorker3
-projectPath
C:/Projects/IMadeABug/NextGame
-logFile
Logs/AssetImportWorker3.log
-srvPort
51185
-licensingIpc
LicenseClient-Alex
-job-worker-count
7
-background-job-worker-count
8
-gc-helper-count
1
-name
AssetImport
Successfully changed project path to: C:/Projects/IMadeABug/NextGame
C:/Projects/IMadeABug/NextGame
[UnityMemory] Configuration Parameters - Can be set up in boot.config
    "memorysetup-allocator-temp-initial-block-size-main=262144"
    "memorysetup-allocator-temp-initial-block-size-worker=262144"
    "memorysetup-bucket-allocator-granularity=16"
    "memorysetup-bucket-allocator-bucket-count=8"
    "memorysetup-bucket-allocator-block-size=33554432"
    "memorysetup-bucket-allocator-block-count=8"
    "memorysetup-main-allocator-block-size=16777216"
    "memorysetup-thread-allocator-block-size=16777216"
    "memorysetup-gfx-main-allocator-block-size=16777216"
    "memorysetup-gfx-thread-allocator-block-size=16777216"
    "memorysetup-cache-allocator-block-size=4194304"
    "memorysetup-typetree-allocator-block-size=2097152"
    "memorysetup-profiler-bucket-allocator-granularity=16"
    "memorysetup-profiler-bucket-allocator-bucket-count=8"
    "memorysetup-profiler-bucket-allocator-block-size=33554432"
    "memorysetup-profiler-bucket-allocator-block-count=8"
    "memorysetup-profiler-allocator-block-size=16777216"
    "memorysetup-profiler-editor-allocator-block-size=1048576"
    "memorysetup-temp-allocator-size-main=16777216"
    "memorysetup-job-temp-allocator-block-size=2097152"
    "memorysetup-job-temp-allocator-block-size-background=1048576"
    "memorysetup-job-temp-allocator-reduction-small-platforms=262144"
    "memorysetup-temp-allocator-size-background-worker=32768"
    "memorysetup-temp-allocator-size-job-worker=262144"
    "memorysetup-temp-allocator-size-preload-manager=33554432"
    "memorysetup-temp-allocator-size-nav-mesh-worker=65536"
    "memorysetup-temp-allocator-size-audio-worker=65536"
    "memorysetup-temp-allocator-size-cloud-worker=32768"
    "memorysetup-temp-allocator-size-gi-baking-worker=262144"
    "memorysetup-temp-allocator-size-gi-baking-worker=262144"
    "memorysetup-temp-allocator-size-gi-baking-worker=262144"
    "memorysetup-temp-allocator-size-gi-baking-worker=262144"
    "memorysetup-temp-allocator-size-gi-baking-worker=262144"
    "memorysetup-temp-allocator-size-gfx=262144"
Player connection [6804]  Target information:

Player connection [6804]  * "[IP] 192.168.1.112 [Port] 0 [Flags] 2 [Guid] 486792684 [EditorId] 486792684 [Version] 1048832 [Id] WindowsEditor(7,DESKTOP-03TCB66) [Debug] 1 [PackageName] WindowsEditor [ProjectName] Editor" 

Player connection [6804] Host joined multi-casting on [225.0.0.222:54997]...
Player connection [6804] Host joined alternative multi-casting on [225.0.0.222:34997]...
JobSystem: Creating JobQueue using job-worker-count value 7
Input System module state changed to: Initialized.
[Physics::Module] Initialized fallback backend.
[Physics::Module] Id: 0xdecafbad
[Licensing::Client] Code 10 while verifying Licensing Client signature (process Id: 1460, path: "C:/Program Files/Unity Hub/UnityLicensingClient_V1/Unity.Licensing.Client.exe")
[Licensing::Module] LicensingClient has failed validation; ignoring
[Licensing::Client] Handshaking with LicensingClient:
  Version:                 1.17.3+a4e98f1
  Session Id:              3b7b23b4915241cba968796fcbaf6fc8
  Correlation Id:          88772166087d9d6a352cee585c3cebb5
  External correlation Id: 1889445930455035967
  Machine Id:              71G6J/UZ86scWB+dwwiFx5AVkFw=
[Licensing::Module] Successfully connected to LicensingClient on channel: "LicenseClient-Alex" (connect: 0.00s, validation: 0.00s, handshake: 0.03s)
[Licensing::IpcConnector] Successfully connected to: "LicenseClient-Alex-notifications" at "2025-10-22T13:32:24.3248058Z"
[Licensing::Module] Licensing Background thread has ended after 0.03s
Library Redirect Path: Library/
[Physics::Module] Selected backend.
[Physics::Module] Name: PhysX
[Physics::Module] Id: 0xf2b8ea05
[Physics::Module] SDK Version: 4.1.2
[Physics::Module] Integration Version: 1.0.0
[Physics::Module] Threading Mode: Multi-Threaded
ETC Legacy compression has been deprecated and will be removed in a future release. You can review compressors in "Project Settings > Editor > Texture Compressors".
[Licensing::Client] Successfully resolved entitlement details
[Licensing::Module] License group:
  Id: 6872212463810-UnityPersXXXX
  Product: Unity Personal
  Type: Assigned
  Expiration: Unlimited
Refreshing native plugins compatible for Editor in 12.19 ms, found 2 plugins.
Preloading 0 native plugins for Editor in 0.00 ms.
Initialize engine version: 6000.2.8f1 (c9992ac36c34)
[Subsystems] Discovering subsystems at path C:/Program Files/Unity/Hub/Editor/6000.2.8f1/Editor/Data/Resources/UnitySubsystems
[Subsystems] Discovering subsystems at path C:/Projects/IMadeABug/NextGame/Assets
GfxDevice: creating device client; kGfxThreadingModeNonThreaded
Direct3D:
    Version:  Direct3D 11.0 [level 11.1]
    Renderer: NVIDIA GeForce RTX 3050 Laptop GPU (ID=0x25a2)
    Vendor:   NVIDIA
    VRAM:     3965 MB
    Driver:   32.0.15.6603
Initialize mono
Mono path[0] = 'C:/Program Files/Unity/Hub/Editor/6000.2.8f1/Editor/Data/Managed'
Mono path[1] = 'C:/Program Files/Unity/Hub/Editor/6000.2.8f1/Editor/Data/MonoBleedingEdge/lib/mono/unityjit-win32'
Mono config path = 'C:/Program Files/Unity/Hub/Editor/6000.2.8f1/Editor/Data/MonoBleedingEdge/etc'
Using monoOptions --debugger-agent=transport=dt_socket,embedding=1,server=y,suspend=n,address=127.0.0.1:56408
Begin MonoManager ReloadAssembly
Registering precompiled unity dll's ...
Register platform support module: C:/Program Files/Unity/Hub/Editor/6000.2.8f1/Editor/Data/PlaybackEngines/WindowsStandaloneSupport/UnityEditor.WindowsStandalone.Extensions.dll
Register platform support module: C:/Program Files/Unity/Hub/Editor/6000.2.8f1/Editor/Data/PlaybackEngines/AndroidPlayer/UnityEditor.Android.Extensions.dll
[Licensing::Client] Successfully resolved entitlement details
Register platform support module: C:/Program Files/Unity/Hub/Editor/6000.2.8f1/Editor/Data/PlaybackEngines/iOSSupport/UnityEditor.iOS.Extensions.dll
Registered in 0.004305 seconds.
- Loaded All Assemblies, in  0.395 seconds
[usbmuxd] Start listen thread
[usbmuxd] Listen thread started
Native extension for iOS target not found
Native extension for Android target not found
Android Extension - Scanning For ADB Devices 279 ms
Native extension for WindowsStandalone target not found
Mono: successfully reloaded assembly
- Finished resetting the current domain, in  0.691 seconds
Domain Reload Profiling: 1084ms
	BeginReloadAssembly (129ms)
		ExecutionOrderSort (0ms)
		DisableScriptedObjects (0ms)
		BackupInstance (0ms)
		ReleaseScriptingObjects (0ms)
		CreateAndSetChildDomain (1ms)
	RebuildCommonClasses (36ms)
	RebuildNativeTypeToScriptingClass (12ms)
	initialDomainReloadingComplete (52ms)
	LoadAllAssembliesAndSetupDomain (162ms)
		LoadAssemblies (127ms)
		RebuildTransferFunctionScriptingTraits (0ms)
		AnalyzeDomain (158ms)
			TypeCache.Refresh (156ms)
				TypeCache.ScanAssembly (144ms)
			BuildScriptInfoCaches (0ms)
			ResolveRequiredComponents (1ms)
	FinalizeReload (692ms)
		ReleaseScriptCaches (0ms)
		RebuildScriptCaches (0ms)
		SetupLoadedEditorAssemblies (653ms)
			LogAssemblyErrors (0ms)
			InitializePlatformSupportModulesInManaged (396ms)
			SetLoadedEditorAssemblies (4ms)
			BeforeProcessingInitializeOnLoad (70ms)
			ProcessInitializeOnLoadAttributes (126ms)
			ProcessInitializeOnLoadMethodAttributes (57ms)
			AfterProcessingInitializeOnLoad (0ms)
			EditorAssembliesLoaded (0ms)
		ExecutionOrderSort2 (0ms)
		AwakeInstancesAfterBackupRestoration (0ms)
========================================================================
Worker process is ready to serve import requests
Import Worker Mode flag is 0x00
Begin MonoManager ReloadAssembly
[Licensing::Client] Successfully resolved entitlement details
Symbol file LoadedFromMemory is not a mono symbol file
- Loaded All Assemblies, in  0.795 seconds
Refreshing native plugins compatible for Editor in 8.62 ms, found 2 plugins.
Native extension for iOS target not found
Native extension for Android target not found
Native extension for WindowsStandalone target not found
Package Manager log level set to [2]
[Package Manager] Failed to launch server process. Reason: Unity was launched with the -noUpm command-line argument
[Package Manager] Unable to send message (not connected to server process).
[Package Manager] Cannot connect to Unity Package Manager local server
Mono: successfully reloaded assembly
- Finished resetting the current domain, in  0.766 seconds
Domain Reload Profiling: 1556ms
	BeginReloadAssembly (214ms)
		ExecutionOrderSort (0ms)
		DisableScriptedObjects (8ms)
		BackupInstance (0ms)
		ReleaseScriptingObjects (0ms)
		CreateAndSetChildDomain (34ms)
	RebuildCommonClasses (44ms)
	RebuildNativeTypeToScriptingClass (14ms)
	initialDomainReloadingComplete (42ms)
	LoadAllAssembliesAndSetupDomain (475ms)
		LoadAssemblies (434ms)
		RebuildTransferFunctionScriptingTraits (0ms)
		AnalyzeDomain (161ms)
			TypeCache.Refresh (120ms)
				TypeCache.ScanAssembly (100ms)
			BuildScriptInfoCaches (33ms)
			ResolveRequiredComponents (6ms)
	FinalizeReload (767ms)
		ReleaseScriptCaches (0ms)
		RebuildScriptCaches (0ms)
		SetupLoadedEditorAssemblies (629ms)
			LogAssemblyErrors (0ms)
			InitializePlatformSupportModulesInManaged (15ms)
			SetLoadedEditorAssemblies (6ms)
			BeforeProcessingInitializeOnLoad (130ms)
			ProcessInitializeOnLoadAttributes (313ms)
			ProcessInitializeOnLoadMethodAttributes (160ms)
			AfterProcessingInitializeOnLoad (5ms)
			EditorAssembliesLoaded (0ms)
		ExecutionOrderSort2 (0ms)
		AwakeInstancesAfterBackupRestoration (6ms)
ETC Legacy compression has been deprecated and will be removed in a future release. You can review compressors in "Project Settings > Editor > Texture Compressors".
Launched and connected shader compiler UnityShaderCompiler.exe after 0.01 seconds
Refreshing native plugins compatible for Editor in 10.04 ms, found 2 plugins.
Preloading 0 native plugins for Editor in 0.00 ms.
Unloading 0 Unused Serialized files (Serialized files now loaded: 0)
Unloading 3386 unused Assets / (1.1 MB). Loaded Objects now: 3833.
Memory consumption went from 81.9 MB to 80.8 MB.
Total: 14.355900 ms (FindLiveObjects: 0.458900 ms CreateObjectMapping: 0.225200 ms MarkObjects: 12.592000 ms  DeleteObjects: 1.077000 ms)

========================================================================
Received Import Request.
  Time since last request: 1836.728245 seconds.
  path: Assets/Plugins/Android/support-compat-25.2.0.aar
  artifactKey: Guid(623dc0a8e3e7e2a46b614d6719d353ce) Importer(2089858483,192608db42251d675da83286b1cce702)
Start importing Assets/Plugins/Android/support-compat-25.2.0.aar using Guid(623dc0a8e3e7e2a46b614d6719d353ce) Importer(2089858483,192608db42251d675da83286b1cce702) (ScriptedImporter) -> (artifact id: '73b11962ae60e128ae048355b1302f4a') in 0.1000784 seconds
Number of updated asset objects reloaded before import = 0Number of asset objects unloaded after import = 0

========================================================================
Received Import Request.
  Time since last request: 0.000017 seconds.
  path: Assets/Scripts/Cursor.cs
  artifactKey: Guid(53bf82edaa46ac14d91abebe316c4e62) Importer(2089858483,192608db42251d675da83286b1cce702)
Start importing Assets/Scripts/Cursor.cs using Guid(53bf82edaa46ac14d91abebe316c4e62) Importer(2089858483,192608db42251d675da83286b1cce702) (ScriptedImporter) -> (artifact id: 'aa038d3a3aa60b79f3ea969e497a8ca1') in 0.0103445 seconds
Number of updated asset objects reloaded before import = 0Number of asset objects unloaded after import = 0

========================================================================
Received Import Request.
  Time since last request: 0.000046 seconds.
  path: Assets/PlayServicesResolver/generate_gradle_prebuild.exe
  artifactKey: Guid(c2ebea73530f4801aa5cedf7ff3e5ff6) Importer(2089858483,192608db42251d675da83286b1cce702)
Start importing Assets/PlayServicesResolver/generate_gradle_prebuild.exe using Guid(c2ebea73530f4801aa5cedf7ff3e5ff6) Importer(2089858483,192608db42251d675da83286b1cce702) (ScriptedImporter) -> (artifact id: '8acfc3cb43dfd6bcdc7280d59381f143') in 0.0027661 seconds
Number of updated asset objects reloaded before import = 0Number of asset objects unloaded after import = 1

========================================================================
Received Import Request.
  Time since last request: 0.000026 seconds.
  path: Assets/GoogleMobileAds/Api/Gender.cs
  artifactKey: Guid(c223413fd650846c1b3c07959a4429ef) Importer(2089858483,192608db42251d675da83286b1cce702)
Start importing Assets/GoogleMobileAds/Api/Gender.cs using Guid(c223413fd650846c1b3c07959a4429ef) Importer(2089858483,192608db42251d675da83286b1cce702) (ScriptedImporter) -> (artifact id: '89e2d639fc989b7809eacc6efc48c78d') in 0.0025405 seconds
Number of updated asset objects reloaded before import = 0Number of asset objects unloaded after import = 0

========================================================================
Received Import Request.
  Time since last request: 0.000035 seconds.
  path: Assets/GoogleMobileAds/Api/AdPosition.cs
  artifactKey: Guid(1e16a5ae359514f3ba0f1471a9d96744) Importer(2089858483,192608db42251d675da83286b1cce702)
Start importing Assets/GoogleMobileAds/Api/AdPosition.cs using Guid(1e16a5ae359514f3ba0f1471a9d96744) Importer(2089858483,192608db42251d675da83286b1cce702) (ScriptedImporter) -> (artifact id: 'c44c2800794f6e66569941d8a5106fe3') in 0.0028002 seconds
Number of updated asset objects reloaded before import = 0Number of asset objects unloaded after import = 0

========================================================================
Received Import Request.
  Time since last request: 0.000056 seconds.
  path: Assets/Plugins/Android/support-fragment-25.2.0.aar
  artifactKey: Guid(bd4db1a6712b8654bbab145f59e96bfa) Importer(2089858483,192608db42251d675da83286b1cce702)
Start importing Assets/Plugins/Android/support-fragment-25.2.0.aar using Guid(bd4db1a6712b8654bbab145f59e96bfa) Importer(2089858483,192608db42251d675da83286b1cce702) (ScriptedImporter) -> (artifact id: '59f9b6ef5bb33dec057be2b9c753ad83') in 0.0063675 seconds
Number of updated asset objects reloaded before import = 0Number of asset objects unloaded after import = 0

========================================================================
Received Import Request.
  Time since last request: 0.000029 seconds.
  path: Assets/Materials/FinishSpriteMat.mat
  artifactKey: Guid(5ec10a080c6732949821229cfd36d525) Importer(2089858483,192608db42251d675da83286b1cce702)
Start importing Assets/Materials/FinishSpriteMat.mat using Guid(5ec10a080c6732949821229cfd36d525) Importer(2089858483,192608db42251d675da83286b1cce702) (ScriptedImporter) -> (artifact id: '6e44f7d9578056610925ae0ec8b6028f') in 0.0385638 seconds
Number of updated asset objects reloaded before import = 0Number of asset objects unloaded after import = 1

========================================================================
Received Import Request.
  Time since last request: 0.000016 seconds.
  path: Assets/Plugins/Android/AndroidManifest.xml
  artifactKey: Guid(cbdefd3e2b68a894c9272963cef1129a) Importer(2089858483,192608db42251d675da83286b1cce702)
Start importing Assets/Plugins/Android/AndroidManifest.xml using Guid(cbdefd3e2b68a894c9272963cef1129a) Importer(2089858483,192608db42251d675da83286b1cce702) (ScriptedImporter) -> (artifact id: '3d9085574cf0a937da040cb17c41f8ec') in 0.002987 seconds
Number of updated asset objects reloaded before import = 0Number of asset objects unloaded after import = 1

========================================================================
Received Import Request.
  Time since last request: 0.000017 seconds.
  path: Assets/GoogleMobileAds/Api/NativeExpressAdView.cs
  artifactKey: Guid(92d8da4994b504efebe2dd8d27be7f91) Importer(2089858483,192608db42251d675da83286b1cce702)
Start importing Assets/GoogleMobileAds/Api/NativeExpressAdView.cs using Guid(92d8da4994b504efebe2dd8d27be7f91) Importer(2089858483,192608db42251d675da83286b1cce702) (ScriptedImporter) -> (artifact id: 'fac643c38ae7362a167f10d52384897c') in 0.0034136 seconds
Number of updated asset objects reloaded before import = 0Number of asset objects unloaded after import = 0

========================================================================
Received Import Request.
  Time since last request: 0.000015 seconds.
  path: Assets/Scripts/Piece.cs
  artifactKey: Guid(827edbaac9313234983ca82417fc04ad) Importer(2089858483,192608db42251d675da83286b1cce702)
Start importing Assets/Scripts/Piece.cs using Guid(827edbaac9313234983ca82417fc04ad) Importer(2089858483,192608db42251d675da83286b1cce702) (ScriptedImporter) -> (artifact id: 'b47422c0fab6599be5e55e8783a5c19f') in 0.0034019 seconds
Number of updated asset objects reloaded before import = 0Number of asset objects unloaded after import = 0

========================================================================
Received Import Request.
  Time since last request: 0.000080 seconds.
  path: Assets/Materials/Sprites_RoundedCornerOutline.mat
  artifactKey: Guid(6199ca06928be284f8545a149fadf01b) Importer(2089858483,192608db42251d675da83286b1cce702)
Start importing Assets/Materials/Sprites_RoundedCornerOutline.mat using Guid(6199ca06928be284f8545a149fadf01b) Importer(2089858483,192608db42251d675da83286b1cce702) (ScriptedImporter) -> (artifact id: 'b85f2aa1bcde11067676504f28284551') in 0.0080196 seconds
Number of updated asset objects reloaded before import = 0Number of asset objects unloaded after import = 1

========================================================================
Received Import Request.
  Time since last request: 0.000013 seconds.
  path: Assets/ShadowPiece.cs
  artifactKey: Guid(2d32281d184538e46a746b0d11cbeef2) Importer(2089858483,192608db42251d675da83286b1cce702)
Start importing Assets/ShadowPiece.cs using Guid(2d32281d184538e46a746b0d11cbeef2) Importer(2089858483,192608db42251d675da83286b1cce702) (ScriptedImporter) -> (artifact id: '345d31ca4f435618d3c71217284f8e95') in 0.0034173 seconds
Number of updated asset objects reloaded before import = 0Number of asset objects unloaded after import = 0

========================================================================
Received Import Request.
  Time since last request: 0.000024 seconds.
  path: Assets/Scripts/SceneState.cs
  artifactKey: Guid(4dadb65d82f115847aa30029ca339806) Importer(2089858483,192608db42251d675da83286b1cce702)
Start importing Assets/Scripts/SceneState.cs using Guid(4dadb65d82f115847aa30029ca339806) Importer(2089858483,192608db42251d675da83286b1cce702) (ScriptedImporter) -> (artifact id: 'f316922279f86da6968e5a370b64d941') in 0.0040966 seconds
Number of updated asset objects reloaded before import = 0Number of asset objects unloaded after import = 0

========================================================================
Received Import Request.
  Time since last request: 0.000023 seconds.
  path: Assets/Scripts/GameManager.cs
  artifactKey: Guid(f04518ed83fdfae4a898264d1c787508) Importer(2089858483,192608db42251d675da83286b1cce702)
Start importing Assets/Scripts/GameManager.cs using Guid(f04518ed83fdfae4a898264d1c787508) Importer(2089858483,192608db42251d675da83286b1cce702) (ScriptedImporter) -> (artifact id: '62c666351b28880f77b2193f081eeeba') in 0.0044766 seconds
Number of updated asset objects reloaded before import = 0Number of asset objects unloaded after import = 0

========================================================================
Received Import Request.
  Time since last request: 0.000029 seconds.
  path: Assets/GoogleMobileAds/Api/InterstitialAd.cs
  artifactKey: Guid(8e2900126dc684a6aaa9b7afc920845a) Importer(2089858483,192608db42251d675da83286b1cce702)
Start importing Assets/GoogleMobileAds/Api/InterstitialAd.cs using Guid(8e2900126dc684a6aaa9b7afc920845a) Importer(2089858483,192608db42251d675da83286b1cce702) (ScriptedImporter) -> (artifact id: '563a03909c16688d645a984dd9fbf149') in 0.004034 seconds
Number of updated asset objects reloaded before import = 0Number of asset objects unloaded after import = 0

========================================================================
Received Import Request.
  Time since last request: 0.000055 seconds.
  path: Assets/GoogleMobileAds/Api/CustomNativeEventArgs.cs
  artifactKey: Guid(5188b1fa1a1b148ce8e88835595e660d) Importer(2089858483,192608db42251d675da83286b1cce702)
Start importing Assets/GoogleMobileAds/Api/CustomNativeEventArgs.cs using Guid(5188b1fa1a1b148ce8e88835595e660d) Importer(2089858483,192608db42251d675da83286b1cce702) (ScriptedImporter) -> (artifact id: '6485eb29ed3443f4f1d04c5fb0c213d7') in 0.0048022 seconds
Number of updated asset objects reloaded before import = 0Number of asset objects unloaded after import = 0

========================================================================
Received Import Request.
  Time since last request: 0.000022 seconds.
  path: Assets/Plugins/iOS/GADUObjectCache.h
  artifactKey: Guid(68fdd9372cef249429d781a5a3cca6cd) Importer(2089858483,192608db42251d675da83286b1cce702)
Start importing Assets/Plugins/iOS/GADUObjectCache.h using Guid(68fdd9372cef249429d781a5a3cca6cd) Importer(2089858483,192608db42251d675da83286b1cce702) (ScriptedImporter) -> (artifact id: 'b969e93819b5d2ba8f7cf600c8e77a1e') in 0.002936 seconds
Number of updated asset objects reloaded before import = 0Number of asset objects unloaded after import = 0

========================================================================
Received Import Request.
  Time since last request: 0.000023 seconds.
  path: Assets/Materials/ArrowParticle.mat
  artifactKey: Guid(eb2a5e44d01d1bc4682c7ff0a4996978) Importer(2089858483,192608db42251d675da83286b1cce702)
Start importing Assets/Materials/ArrowParticle.mat using Guid(eb2a5e44d01d1bc4682c7ff0a4996978) Importer(2089858483,192608db42251d675da83286b1cce702) (ScriptedImporter) -> (artifact id: 'a998f601158b0410e8cfa71c91dd2ae0') in 0.0457546 seconds
Number of updated asset objects reloaded before import = 0Number of asset objects unloaded after import = 2

========================================================================
Received Import Request.
  Time since last request: 4.901514 seconds.
  path: Assets/Plugins/iOS/GADURequest.m
  artifactKey: Guid(8295da9057f6c4276afc8358d78f5129) Importer(2089858483,192608db42251d675da83286b1cce702)
Start importing Assets/Plugins/iOS/GADURequest.m using Guid(8295da9057f6c4276afc8358d78f5129) Importer(2089858483,192608db42251d675da83286b1cce702) (ScriptedImporter) -> (artifact id: '440eba823b3f2ec59f0b468b47368f0a') in 0.0055752 seconds
Number of updated asset objects reloaded before import = 0Number of asset objects unloaded after import = 0

========================================================================
Received Import Request.
  Time since last request: 0.000019 seconds.
  path: Assets/Resources/LevelsJson/13.json
  artifactKey: Guid(7188bd0da2b4a864984ee82dd765ea28) Importer(2089858483,192608db42251d675da83286b1cce702)
Start importing Assets/Resources/LevelsJson/13.json using Guid(7188bd0da2b4a864984ee82dd765ea28) Importer(2089858483,192608db42251d675da83286b1cce702) (ScriptedImporter) -> (artifact id: '4b9df250b8e520af7d9498a929e4bbdc') in 0.0033042 seconds
Number of updated asset objects reloaded before import = 0Number of asset objects unloaded after import = 1

========================================================================
Received Import Request.
  Time since last request: 0.000017 seconds.
  path: Assets/TextMesh Pro/Shaders/TMP_SDF-Mobile.shader
  artifactKey: Guid(fe393ace9b354375a9cb14cdbbc28be4) Importer(2089858483,192608db42251d675da83286b1cce702)
Start importing Assets/TextMesh Pro/Shaders/TMP_SDF-Mobile.shader using Guid(fe393ace9b354375a9cb14cdbbc28be4) Importer(2089858483,192608db42251d675da83286b1cce702) (ScriptedImporter) -> (artifact id: '28f49bbee84065182f2602b2ff2d31bd') in 0.011279 seconds
Number of updated asset objects reloaded before import = 0Number of asset objects unloaded after import = 1

========================================================================
Received Import Request.
  Time since last request: 0.000019 seconds.
  path: Assets/TextMesh Pro/Resources/TMP Settings.asset
  artifactKey: Guid(3f5b5dff67a942289a9defa416b206f3) Importer(2089858483,192608db42251d675da83286b1cce702)
Start importing Assets/TextMesh Pro/Resources/TMP Settings.asset using Guid(3f5b5dff67a942289a9defa416b206f3) Importer(2089858483,192608db42251d675da83286b1cce702) (ScriptedImporter) -> (artifact id: 'd6d748683338d806323f2dee35e8c8de') in 0.0522954 seconds
Number of updated asset objects reloaded before import = 0Number of asset objects unloaded after import = 15

========================================================================
Received Import Request.
  Time since last request: 0.000018 seconds.
  path: Assets/Resources/LevelsJson/4.json
  artifactKey: Guid(368ef580c6c9cbb49b263177d664fa96) Importer(2089858483,192608db42251d675da83286b1cce702)
Start importing Assets/Resources/LevelsJson/4.json using Guid(368ef580c6c9cbb49b263177d664fa96) Importer(2089858483,192608db42251d675da83286b1cce702) (ScriptedImporter) -> (artifact id: '59ae3643f42cf4615acf17906a46668a') in 0.0055347 seconds
Number of updated asset objects reloaded before import = 0Number of asset objects unloaded after import = 1

========================================================================
Received Import Request.
  Time since last request: 0.000042 seconds.
  path: Assets/Resources/Prefabs/Square.prefab
  artifactKey: Guid(5189b622f09da194f9ea30f4e528215a) Importer(2089858483,192608db42251d675da83286b1cce702)
Start importing Assets/Resources/Prefabs/Square.prefab using Guid(5189b622f09da194f9ea30f4e528215a) Importer(2089858483,192608db42251d675da83286b1cce702) (ScriptedImporter) -> (artifact id: 'fa5c9ba92af7c69fb87b26be6fc595c2') in 0.086308 seconds
Number of updated asset objects reloaded before import = 0Number of asset objects unloaded after import = 31

========================================================================
Received Import Request.
  Time since last request: 0.000019 seconds.
  path: Assets/Resources/LevelsJson/19.json
  artifactKey: Guid(03704b0d3a8c786469592b9608b2cf96) Importer(2089858483,192608db42251d675da83286b1cce702)
Start importing Assets/Resources/LevelsJson/19.json using Guid(03704b0d3a8c786469592b9608b2cf96) Importer(2089858483,192608db42251d675da83286b1cce702) (ScriptedImporter) -> (artifact id: '3574f235576440f39b528aa1172dc687') in 0.0041428 seconds
Number of updated asset objects reloaded before import = 0Number of asset objects unloaded after import = 1

========================================================================
Received Import Request.
  Time since last request: 0.000019 seconds.
  path: Assets/Resources/LevelsJson/7.json
  artifactKey: Guid(a51e9a1e6ef031c49a520e523b0e63c2) Importer(2089858483,192608db42251d675da83286b1cce702)
Start importing Assets/Resources/LevelsJson/7.json using Guid(a51e9a1e6ef031c49a520e523b0e63c2) Importer(2089858483,192608db42251d675da83286b1cce702) (ScriptedImporter) -> (artifact id: '9a2d0cc68fe70672a42460cd52e630e8') in 0.0033737 seconds
Number of updated asset objects reloaded before import = 0Number of asset objects unloaded after import = 1

========================================================================
Received Import Request.
  Time since last request: 0.000029 seconds.
  path: Assets/Scripts/Input/SwipeDetector.cs
  artifactKey: Guid(f1b08367de1f3d94cae6687658d24bce) Importer(2089858483,192608db42251d675da83286b1cce702)
Start importing Assets/Scripts/Input/SwipeDetector.cs using Guid(f1b08367de1f3d94cae6687658d24bce) Importer(2089858483,192608db42251d675da83286b1cce702) (ScriptedImporter) -> (artifact id: '8ff600ff3b841a539b1de0e5bee5779a') in 0.0034055 seconds
Number of updated asset objects reloaded before import = 0Number of asset objects unloaded after import = 0

========================================================================
Received Import Request.
  Time since last request: 0.000036 seconds.
  path: Assets/TextMesh Pro/Sprites/EmojiOne.png
  artifactKey: Guid(dffef66376be4fa480fb02b19edbe903) Importer(2089858483,192608db42251d675da83286b1cce702)
Start importing Assets/TextMesh Pro/Sprites/EmojiOne.png using Guid(dffef66376be4fa480fb02b19edbe903) Importer(2089858483,192608db42251d675da83286b1cce702) (ScriptedImporter) -> (artifact id: '64433541bf485b7145c4ef740b89b611') in 0.0486962 seconds
Number of updated asset objects reloaded before import = 0Number of asset objects unloaded after import = 1

========================================================================
Received Import Request.
  Time since last request: 0.000025 seconds.
  path: Assets/TheraBytes/Resources/ResolutionMonitor.asset
  artifactKey: Guid(375f27994f66eb24bba56ea38b73ba91) Importer(2089858483,192608db42251d675da83286b1cce702)
Start importing Assets/TheraBytes/Resources/ResolutionMonitor.asset using Guid(375f27994f66eb24bba56ea38b73ba91) Importer(2089858483,192608db42251d675da83286b1cce702) (ScriptedImporter) -> (artifact id: '6d96e7f787ca5d772b9afd446c8bb000') in 0.0053296 seconds
Number of updated asset objects reloaded before import = 0Number of asset objects unloaded after import = 1

========================================================================
Received Import Request.
  Time since last request: 0.000028 seconds.
  path: Assets/Resources/LevelsJson/22.json
  artifactKey: Guid(bdd2c99c6a9bcca48b3407c971ec939c) Importer(2089858483,192608db42251d675da83286b1cce702)
Start importing Assets/Resources/LevelsJson/22.json using Guid(bdd2c99c6a9bcca48b3407c971ec939c) Importer(2089858483,192608db42251d675da83286b1cce702) (ScriptedImporter) -> (artifact id: '80f664d95dc132dce4f038608d0feb0c') in 0.0035858 seconds
Number of updated asset objects reloaded before import = 0Number of asset objects unloaded after import = 1

========================================================================
Received Import Request.
  Time since last request: 0.000020 seconds.
  path: Assets/TheraBytes/BetterUI/README.txt
  artifactKey: Guid(e754d5e1d99288f4d928991d2db7c3ac) Importer(2089858483,192608db42251d675da83286b1cce702)
Start importing Assets/TheraBytes/BetterUI/README.txt using Guid(e754d5e1d99288f4d928991d2db7c3ac) Importer(2089858483,192608db42251d675da83286b1cce702) (ScriptedImporter) -> (artifact id: '0fadddbb0b98638557237e801d0f962e') in 0.0040825 seconds
Number of updated asset objects reloaded before import = 0Number of asset objects unloaded after import = 1

========================================================================
Received Import Request.
  Time since last request: 0.000119 seconds.
  path: Assets/Resources/LevelsJson/24.json
  artifactKey: Guid(744396fe18e084c4eadba7dc0ad07627) Importer(2089858483,192608db42251d675da83286b1cce702)
Start importing Assets/Resources/LevelsJson/24.json using Guid(744396fe18e084c4eadba7dc0ad07627) Importer(2089858483,192608db42251d675da83286b1cce702) (ScriptedImporter) -> (artifact id: '22515ae046b622b99d2645abbbd74e29') in 0.0036242 seconds
Number of updated asset objects reloaded before import = 0Number of asset objects unloaded after import = 1

========================================================================
Received Import Request.
  Time since last request: 0.000021 seconds.
  path: Assets/Resources/Sprites/undoIcon.png
  artifactKey: Guid(66aa4c55915e4864a931d2d62907e569) Importer(2089858483,192608db42251d675da83286b1cce702)
Start importing Assets/Resources/Sprites/undoIcon.png using Guid(66aa4c55915e4864a931d2d62907e569) Importer(2089858483,192608db42251d675da83286b1cce702) (ScriptedImporter) -> (artifact id: '3e8e46ca041222d513750f149f3ffa12') in 0.0163297 seconds
Number of updated asset objects reloaded before import = 0Number of asset objects unloaded after import = 3

========================================================================
Received Import Request.
  Time since last request: 0.000020 seconds.
  path: Assets/TextMesh Pro/Shaders/TMP_SDF-Mobile Masking.shader
  artifactKey: Guid(bc1ede39bf3643ee8e493720e4259791) Importer(2089858483,192608db42251d675da83286b1cce702)
Start importing Assets/TextMesh Pro/Shaders/TMP_SDF-Mobile Masking.shader using Guid(bc1ede39bf3643ee8e493720e4259791) Importer(2089858483,192608db42251d675da83286b1cce702) (ScriptedImporter) -> (artifact id: '66468da4ebe8676f4536c3aefb914535') in 0.006346 seconds
Number of updated asset objects reloaded before import = 0Number of asset objects unloaded after import = 1

========================================================================
Received Import Request.
  Time since last request: 0.000020 seconds.
  path: Assets/Resources/LevelsJson/3.json
  artifactKey: Guid(5559db0478d6d5a4885ca9a4116f6035) Importer(2089858483,192608db42251d675da83286b1cce702)
Start importing Assets/Resources/LevelsJson/3.json using Guid(5559db0478d6d5a4885ca9a4116f6035) Importer(2089858483,192608db42251d675da83286b1cce702) (ScriptedImporter) -> (artifact id: '6655edf9f09e548a48f61b23e0fbb219') in 0.0042476 seconds
Number of updated asset objects reloaded before import = 0Number of asset objects unloaded after import = 1

========================================================================
Received Import Request.
  Time since last request: 0.415280 seconds.
  path: Assets/unity-ui-extensions/Scripts/TabNavigation.cs
  artifactKey: Guid(62e5af56445f0d24fb5140ef754aebaf) Importer(2089858483,192608db42251d675da83286b1cce702)
Start importing Assets/unity-ui-extensions/Scripts/TabNavigation.cs using Guid(62e5af56445f0d24fb5140ef754aebaf) Importer(2089858483,192608db42251d675da83286b1cce702) (ScriptedImporter) -> (artifact id: 'f07153ee46e3f9e8757db755e36223ff') in 0.003261 seconds
Number of updated asset objects reloaded before import = 0Number of asset objects unloaded after import = 0

========================================================================
Received Import Request.
  Time since last request: 0.000024 seconds.
  path: Assets/GoogleMobileAds/Platforms/Android/BannerClient.cs
  artifactKey: Guid(cd0003e7fdcd843daa86113292ce0446) Importer(2089858483,192608db42251d675da83286b1cce702)
Start importing Assets/GoogleMobileAds/Platforms/Android/BannerClient.cs using Guid(cd0003e7fdcd843daa86113292ce0446) Importer(2089858483,192608db42251d675da83286b1cce702) (ScriptedImporter) -> (artifact id: 'fe3750801795bb5bd911fbd137a2c73b') in 0.0120279 seconds
Number of updated asset objects reloaded before import = 0Number of asset objects unloaded after import = 0

========================================================================
Received Import Request.
  Time since last request: 0.000034 seconds.
  path: Assets/Plugins/Android/GoogleMobileAdsPlugin/AndroidManifest.xml
  artifactKey: Guid(e869b36b657604102a7166a39ee7d9c9) Importer(2089858483,192608db42251d675da83286b1cce702)
Start importing Assets/Plugins/Android/GoogleMobileAdsPlugin/AndroidManifest.xml using Guid(e869b36b657604102a7166a39ee7d9c9) Importer(2089858483,192608db42251d675da83286b1cce702) (ScriptedImporter) -> (artifact id: 'eab222c22cafa34fcff82af4fd02c65e') in 0.0044244 seconds
Number of updated asset objects reloaded before import = 0Number of asset objects unloaded after import = 1

========================================================================
Received Import Request.
  Time since last request: 0.000018 seconds.
  path: Assets/GoogleMobileAds/Platforms/Android/InterstitialClient.cs
  artifactKey: Guid(0a6253761f8804645a2ab74d916284ed) Importer(2089858483,192608db42251d675da83286b1cce702)
Start importing Assets/GoogleMobileAds/Platforms/Android/InterstitialClient.cs using Guid(0a6253761f8804645a2ab74d916284ed) Importer(2089858483,192608db42251d675da83286b1cce702) (ScriptedImporter) -> (artifact id: '1f062f5b6cc969c929b77e64876cae8c') in 0.0041354 seconds
Number of updated asset objects reloaded before import = 0Number of asset objects unloaded after import = 0

========================================================================
Received Import Request.
  Time since last request: 0.000028 seconds.
  path: Assets/TextMesh Pro/Examples & Extras/Sprites/Default Sprites.png
  artifactKey: Guid(a0fc465d6cf04254a2938578735e2383) Importer(2089858483,192608db42251d675da83286b1cce702)
Start importing Assets/TextMesh Pro/Examples & Extras/Sprites/Default Sprites.png using Guid(a0fc465d6cf04254a2938578735e2383) Importer(2089858483,192608db42251d675da83286b1cce702) (ScriptedImporter) -> (artifact id: '73a151ecf7e7ae3da3b5a0373efb131c') in 0.0154829 seconds
Number of updated asset objects reloaded before import = 0Number of asset objects unloaded after import = 1

========================================================================
Received Import Request.
  Time since last request: 0.000019 seconds.
  path: Assets/TextMesh Pro/Examples & Extras/Scripts/TMP_FrameRateCounter.cs
  artifactKey: Guid(686ec78b56aa445795335fbadafcfaa4) Importer(2089858483,192608db42251d675da83286b1cce702)
Start importing Assets/TextMesh Pro/Examples & Extras/Scripts/TMP_FrameRateCounter.cs using Guid(686ec78b56aa445795335fbadafcfaa4) Importer(2089858483,192608db42251d675da83286b1cce702) (ScriptedImporter) -> (artifact id: 'c5673ac4ac6582e5a4c0fd13b367cb66') in 0.0036958 seconds
Number of updated asset objects reloaded before import = 0Number of asset objects unloaded after import = 0

========================================================================
Received Import Request.
  Time since last request: 0.000024 seconds.
  path: Assets/TextMesh Pro/Resources/Style Sheets/Default Style Sheet.asset
  artifactKey: Guid(f952c082cb03451daed3ee968ac6c63e) Importer(2089858483,192608db42251d675da83286b1cce702)
Start importing Assets/TextMesh Pro/Resources/Style Sheets/Default Style Sheet.asset using Guid(f952c082cb03451daed3ee968ac6c63e) Importer(2089858483,192608db42251d675da83286b1cce702) (ScriptedImporter) -> (artifact id: '24da6e3e190941921112798b81b0a928') in 0.0049159 seconds
Number of updated asset objects reloaded before import = 0Number of asset objects unloaded after import = 1

========================================================================
Received Import Request.
  Time since last request: 0.000021 seconds.
  path: Assets/TextMesh Pro/Resources/Fonts & Materials/LiberationSans SDF.asset
  artifactKey: Guid(8f586378b4e144a9851e7b34d9b748ee) Importer(2089858483,192608db42251d675da83286b1cce702)
Start importing Assets/TextMesh Pro/Resources/Fonts & Materials/LiberationSans SDF.asset using Guid(8f586378b4e144a9851e7b34d9b748ee) Importer(2089858483,192608db42251d675da83286b1cce702) (ScriptedImporter) -> (artifact id: '3fd370dd8f3b13db2dcea70277575c9c') in 0.0532961 seconds
Number of updated asset objects reloaded before import = 0Number of asset objects unloaded after import = 8

========================================================================
Received Import Request.
  Time since last request: 0.000016 seconds.
  path: Assets/TextMesh Pro/Resources/Sprite Assets/EmojiOne.asset
  artifactKey: Guid(c41005c129ba4d66911b75229fd70b45) Importer(2089858483,192608db42251d675da83286b1cce702)
Start importing Assets/TextMesh Pro/Resources/Sprite Assets/EmojiOne.asset using Guid(c41005c129ba4d66911b75229fd70b45) Importer(2089858483,192608db42251d675da83286b1cce702) (ScriptedImporter) -> (artifact id: 'c7e5b63872a72ea9634e1b8b42b45a6b') in 0.0125284 seconds
Number of updated asset objects reloaded before import = 0Number of asset objects unloaded after import = 3

========================================================================
Received Import Request.
  Time since last request: 0.000017 seconds.
  path: Assets/TextMesh Pro/Examples & Extras/Textures/Text Overflow - Linked Text UI Screenshot.png
  artifactKey: Guid(c76d18757a194d618355f05f815cb0a1) Importer(2089858483,192608db42251d675da83286b1cce702)
Start importing Assets/TextMesh Pro/Examples & Extras/Textures/Text Overflow - Linked Text UI Screenshot.png using Guid(c76d18757a194d618355f05f815cb0a1) Importer(2089858483,192608db42251d675da83286b1cce702) (ScriptedImporter) -> (artifact id: '37a424c488784d131578a0b0a8ad3847') in 0.0113103 seconds
Number of updated asset objects reloaded before import = 0Number of asset objects unloaded after import = 1

========================================================================
Received Import Request.
  Time since last request: 0.000018 seconds.
  path: Assets/TextMesh Pro/Examples & Extras/Scripts/ChatController.cs
  artifactKey: Guid(53d91f98a2664f5cb9af11de72ac54ec) Importer(2089858483,192608db42251d675da83286b1cce702)
Start importing Assets/TextMesh Pro/Examples & Extras/Scripts/ChatController.cs using Guid(53d91f98a2664f5cb9af11de72ac54ec) Importer(2089858483,192608db42251d675da83286b1cce702) (ScriptedImporter) -> (artifact id: 'a5b616f303ceb08f710eefe92464e883') in 0.0036085 seconds
Number of updated asset objects reloaded before import = 0Number of asset objects unloaded after import = 0

========================================================================
Received Import Request.
  Time since last request: 0.000043 seconds.
  path: Assets/GoogleMobileAds/Platforms/iOS/Externs.cs
  artifactKey: Guid(2e223930b947b4631aad0c53aa6fb8ba) Importer(2089858483,192608db42251d675da83286b1cce702)
Start importing Assets/GoogleMobileAds/Platforms/iOS/Externs.cs using Guid(2e223930b947b4631aad0c53aa6fb8ba) Importer(2089858483,192608db42251d675da83286b1cce702) (ScriptedImporter) -> (artifact id: 'c70efedc60ef6e885ba91841013f553c') in 0.0034982 seconds
Number of updated asset objects reloaded before import = 0Number of asset objects unloaded after import = 0

========================================================================
Received Import Request.
  Time since last request: 0.000040 seconds.
  path: Assets/TextMesh Pro/Examples & Extras/Scenes/05 - Style Tags.unity
  artifactKey: Guid(70615243e2be4a81afaab9bf5d273d65) Importer(2089858483,192608db42251d675da83286b1cce702)
Start importing Assets/TextMesh Pro/Examples & Extras/Scenes/05 - Style Tags.unity using Guid(70615243e2be4a81afaab9bf5d273d65) Importer(2089858483,192608db42251d675da83286b1cce702) (ScriptedImporter) -> (artifact id: '9337cef2e3b9ec7bc883254a0d5ddd19') in 0.0047104 seconds
Number of updated asset objects reloaded before import = 0Number of asset objects unloaded after import = 1

========================================================================
Received Import Request.
  Time since last request: 0.000017 seconds.
  path: Assets/TextMesh Pro/Examples & Extras/Scenes/16 - Linked text overflow mode example.unity
  artifactKey: Guid(9442cda25baa4a0bb544c4d095b00caa) Importer(2089858483,192608db42251d675da83286b1cce702)
Start importing Assets/TextMesh Pro/Examples & Extras/Scenes/16 - Linked text overflow mode example.unity using Guid(9442cda25baa4a0bb544c4d095b00caa) Importer(2089858483,192608db42251d675da83286b1cce702) (ScriptedImporter) -> (artifact id: 'ab17a6d87771ae073d4f53e746037e47') in 0.0044401 seconds
Number of updated asset objects reloaded before import = 0Number of asset objects unloaded after import = 1

========================================================================
Received Import Request.
  Time since last request: 0.000018 seconds.
  path: Assets/TextMesh Pro/Examples & Extras/Textures/Gradient Horizontal (Color).jpg
  artifactKey: Guid(6eb184de103d4b3f812b38561065192f) Importer(2089858483,192608db42251d675da83286b1cce702)
Start importing Assets/TextMesh Pro/Examples & Extras/Textures/Gradient Horizontal (Color).jpg using Guid(6eb184de103d4b3f812b38561065192f) Importer(2089858483,192608db42251d675da83286b1cce702) (ScriptedImporter) -> (artifact id: '57381840b045d74c7ffb51e5e76daa9f') in 0.011142 seconds
Number of updated asset objects reloaded before import = 0Number of asset objects unloaded after import = 1

========================================================================
Received Import Request.
  Time since last request: 0.000014 seconds.
  path: Assets/TextMesh Pro/Examples & Extras/Sprites/DropCap Numbers.psd
  artifactKey: Guid(fd09957580ac4326916010f1f260975b) Importer(2089858483,192608db42251d675da83286b1cce702)
Start importing Assets/TextMesh Pro/Examples & Extras/Sprites/DropCap Numbers.psd using Guid(fd09957580ac4326916010f1f260975b) Importer(2089858483,192608db42251d675da83286b1cce702) (ScriptedImporter) -> (artifact id: '7e2b4f7e54f1a6f0029f71456bc755f4') in 0.0172514 seconds
Number of updated asset objects reloaded before import = 0Number of asset objects unloaded after import = 1

========================================================================
Received Import Request.
  Time since last request: 0.000022 seconds.
  path: Assets/TextMesh Pro/Examples & Extras/Scripts/TMP_DigitValidator.cs
  artifactKey: Guid(1a7eb92a01ed499a987bde9def05fbce) Importer(2089858483,192608db42251d675da83286b1cce702)
Start importing Assets/TextMesh Pro/Examples & Extras/Scripts/TMP_DigitValidator.cs using Guid(1a7eb92a01ed499a987bde9def05fbce) Importer(2089858483,192608db42251d675da83286b1cce702) (ScriptedImporter) -> (artifact id: 'b174f4a254a280aadd836184ddaf1e9c') in 0.0045494 seconds
Number of updated asset objects reloaded before import = 0Number of asset objects unloaded after import = 0

========================================================================
Received Import Request.
  Time since last request: 0.000034 seconds.
  path: Assets/TextMesh Pro/Examples & Extras/Scenes/12a - Text Interactions.unity
  artifactKey: Guid(08572ab7713642c8a60789750f0bce5c) Importer(2089858483,192608db42251d675da83286b1cce702)
Start importing Assets/TextMesh Pro/Examples & Extras/Scenes/12a - Text Interactions.unity using Guid(08572ab7713642c8a60789750f0bce5c) Importer(2089858483,192608db42251d675da83286b1cce702) (ScriptedImporter) -> (artifact id: '0611ec8bf70f2bcab6d0d8ad7ab1715c') in 0.006832 seconds
Number of updated asset objects reloaded before import = 0Number of asset objects unloaded after import = 1

========================================================================
Received Import Request.
  Time since last request: 0.000022 seconds.
  path: Assets/TheraBytes/BetterUI/Packages/BetterUI_TextMeshPro_EditorPanelUI.unitypackage
  artifactKey: Guid(8ef8d2b8998899c4292e700ce3ed36d8) Importer(2089858483,192608db42251d675da83286b1cce702)
Start importing Assets/TheraBytes/BetterUI/Packages/BetterUI_TextMeshPro_EditorPanelUI.unitypackage using Guid(8ef8d2b8998899c4292e700ce3ed36d8) Importer(2089858483,192608db42251d675da83286b1cce702) (ScriptedImporter) -> (artifact id: '9041993a50acb8d39deff97baa5f9a65') in 0.0037418 seconds
Number of updated asset objects reloaded before import = 0Number of asset objects unloaded after import = 1

========================================================================
Received Import Request.
  Time since last request: 0.000017 seconds.
  path: Assets/TextMesh Pro/Examples & Extras/Scripts/ShaderPropAnimator.cs
  artifactKey: Guid(2787a46a4dc848c1b4b7b9307b614bfd) Importer(2089858483,192608db42251d675da83286b1cce702)
Start importing Assets/TextMesh Pro/Examples & Extras/Scripts/ShaderPropAnimator.cs using Guid(2787a46a4dc848c1b4b7b9307b614bfd) Importer(2089858483,192608db42251d675da83286b1cce702) (ScriptedImporter) -> (artifact id: '4421f89a9cc442461d96ab6e26b80bae') in 0.0040581 seconds
Number of updated asset objects reloaded before import = 0Number of asset objects unloaded after import = 0

========================================================================
Received Import Request.
  Time since last request: 0.000049 seconds.
  path: Assets/TextMesh Pro/Examples & Extras/Scripts/TMP_PhoneNumberValidator.cs
  artifactKey: Guid(83680ab1a69f4102ac67d1459fe76e1f) Importer(2089858483,192608db42251d675da83286b1cce702)
Start importing Assets/TextMesh Pro/Examples & Extras/Scripts/TMP_PhoneNumberValidator.cs using Guid(83680ab1a69f4102ac67d1459fe76e1f) Importer(2089858483,192608db42251d675da83286b1cce702) (ScriptedImporter) -> (artifact id: '659745c6f63222dff75d8c07c8c0862d') in 0.0034598 seconds
Number of updated asset objects reloaded before import = 0Number of asset objects unloaded after import = 0

========================================================================
Received Import Request.
  Time since last request: 0.000073 seconds.
  path: Assets/Plugins/Android/GoogleMobileAdsPlugin/project.properties
  artifactKey: Guid(1d06ef613dfec4baa88b56aeef69cd9c) Importer(2089858483,192608db42251d675da83286b1cce702)
Start importing Assets/Plugins/Android/GoogleMobileAdsPlugin/project.properties using Guid(1d06ef613dfec4baa88b56aeef69cd9c) Importer(2089858483,192608db42251d675da83286b1cce702) (ScriptedImporter) -> (artifact id: '14ecf5a881f3a76b36d255ccabf32db8') in 0.0030332 seconds
Number of updated asset objects reloaded before import = 0Number of asset objects unloaded after import = 1

========================================================================
Received Import Request.
  Time since last request: 0.000025 seconds.
  path: Assets/TextMesh Pro/Examples & Extras/Textures/Small Crate_normal.jpg
  artifactKey: Guid(8878a782f4334ecbbcf683b3ac780966) Importer(2089858483,192608db42251d675da83286b1cce702)
Start importing Assets/TextMesh Pro/Examples & Extras/Textures/Small Crate_normal.jpg using Guid(8878a782f4334ecbbcf683b3ac780966) Importer(2089858483,192608db42251d675da83286b1cce702) (ScriptedImporter) -> (artifact id: '63e0c405181142f050e3eb28577b97e0') in 0.01301 seconds
Number of updated asset objects reloaded before import = 0Number of asset objects unloaded after import = 1

========================================================================
Received Import Request.
  Time since last request: 0.000017 seconds.
  path: Assets/TextMesh Pro/Examples & Extras/Materials/Ground - Logo Scene.mat
  artifactKey: Guid(c719e38f25a9480abd2480ab621a2949) Importer(2089858483,192608db42251d675da83286b1cce702)
Start importing Assets/TextMesh Pro/Examples & Extras/Materials/Ground - Logo Scene.mat using Guid(c719e38f25a9480abd2480ab621a2949) Importer(2089858483,192608db42251d675da83286b1cce702) (ScriptedImporter) -> (artifact id: 'b882a94800a0c476ef6f348a5319b5a4') in 0.0392048 seconds
Number of updated asset objects reloaded before import = 0Number of asset objects unloaded after import = 2

========================================================================
Received Import Request.
  Time since last request: 0.000018 seconds.
  path: Assets/TextMesh Pro/Examples & Extras/Scripts/Benchmark01_UGUI.cs
  artifactKey: Guid(8ef7be1c625941f7ba8ed7cc71718c0d) Importer(2089858483,192608db42251d675da83286b1cce702)
Start importing Assets/TextMesh Pro/Examples & Extras/Scripts/Benchmark01_UGUI.cs using Guid(8ef7be1c625941f7ba8ed7cc71718c0d) Importer(2089858483,192608db42251d675da83286b1cce702) (ScriptedImporter) -> (artifact id: '97f879d34b23b6087b41ec846f93172e') in 0.0051245 seconds
Number of updated asset objects reloaded before import = 0Number of asset objects unloaded after import = 0

========================================================================
Received Import Request.
  Time since last request: 0.000037 seconds.
  path: Assets/TextMesh Pro/Examples & Extras/Scripts/TeleType.cs
  artifactKey: Guid(e32c266ee6204b21a427753cb0694c81) Importer(2089858483,192608db42251d675da83286b1cce702)
Start importing Assets/TextMesh Pro/Examples & Extras/Scripts/TeleType.cs using Guid(e32c266ee6204b21a427753cb0694c81) Importer(2089858483,192608db42251d675da83286b1cce702) (ScriptedImporter) -> (artifact id: '151acc5172761327cb4ebf6cee695483') in 0.0037108 seconds
Number of updated asset objects reloaded before import = 0Number of asset objects unloaded after import = 0

========================================================================
Received Import Request.
  Time since last request: 0.000040 seconds.
  path: Assets/TextMesh Pro/Examples & Extras/Fonts/Electronic Highway Sign.TTF
  artifactKey: Guid(8a2b9e2a607dd2143b58c44bc32410b4) Importer(2089858483,192608db42251d675da83286b1cce702)
Start importing Assets/TextMesh Pro/Examples & Extras/Fonts/Electronic Highway Sign.TTF using Guid(8a2b9e2a607dd2143b58c44bc32410b4) Importer(2089858483,192608db42251d675da83286b1cce702) (ScriptedImporter) -> (artifact id: '0d50f56eaa47bca96b5c861ba54cba3f') in 0.0138763 seconds
Number of updated asset objects reloaded before import = 0Number of asset objects unloaded after import = 3

========================================================================
Received Import Request.
  Time since last request: 0.000019 seconds.
  path: Assets/TextMesh Pro/Examples & Extras/Scripts/TMP_ExampleScript_01.cs
  artifactKey: Guid(6f2c5b59b6874405865e2616e4ec276a) Importer(2089858483,192608db42251d675da83286b1cce702)
Start importing Assets/TextMesh Pro/Examples & Extras/Scripts/TMP_ExampleScript_01.cs using Guid(6f2c5b59b6874405865e2616e4ec276a) Importer(2089858483,192608db42251d675da83286b1cce702) (ScriptedImporter) -> (artifact id: '8c6978eed6b656eaad4a44ab7da47b93') in 0.0038796 seconds
Number of updated asset objects reloaded before import = 0Number of asset objects unloaded after import = 0

========================================================================
Received Import Request.
  Time since last request: 0.000029 seconds.
  path: Assets/TextMesh Pro/Examples & Extras/Scripts/TMP_TextSelector_B.cs
  artifactKey: Guid(a05dcd8be7ec4ccbb35c26219884aa37) Importer(2089858483,192608db42251d675da83286b1cce702)
Start importing Assets/TextMesh Pro/Examples & Extras/Scripts/TMP_TextSelector_B.cs using Guid(a05dcd8be7ec4ccbb35c26219884aa37) Importer(2089858483,192608db42251d675da83286b1cce702) (ScriptedImporter) -> (artifact id: 'bec55f7fbc7483ef08b9b3c3c41ac379') in 0.0035633 seconds
Number of updated asset objects reloaded before import = 0Number of asset objects unloaded after import = 0

========================================================================
Received Import Request.
  Time since last request: 0.000037 seconds.
  path: Assets/TextMesh Pro/Examples & Extras/Materials/Crate - Surface Shader Scene.mat
  artifactKey: Guid(e6b9b44320f4448d9d5e0ee634259966) Importer(2089858483,192608db42251d675da83286b1cce702)
Start importing Assets/TextMesh Pro/Examples & Extras/Materials/Crate - Surface Shader Scene.mat using Guid(e6b9b44320f4448d9d5e0ee634259966) Importer(2089858483,192608db42251d675da83286b1cce702) (ScriptedImporter) -> (artifact id: '50c50093a5bdbe677b6261dc332d5eea') in 0.0218933 seconds
Number of updated asset objects reloaded before import = 0Number of asset objects unloaded after import = 3

========================================================================
Received Import Request.
  Time since last request: 0.000022 seconds.
  path: Assets/TextMesh Pro/Examples & Extras/Textures/Wipe Pattern - Circle.psd
  artifactKey: Guid(10c49fcd9c64421db7c0133e61e55f97) Importer(2089858483,192608db42251d675da83286b1cce702)
Start importing Assets/TextMesh Pro/Examples & Extras/Textures/Wipe Pattern - Circle.psd using Guid(10c49fcd9c64421db7c0133e61e55f97) Importer(2089858483,192608db42251d675da83286b1cce702) (ScriptedImporter) -> (artifact id: 'd0c7664be00231a0b0b31aff3618b1b5') in 0.0091079 seconds
Number of updated asset objects reloaded before import = 0Number of asset objects unloaded after import = 1

========================================================================
Received Import Request.
  Time since last request: 0.000015 seconds.
  path: Assets/TextMesh Pro/Examples & Extras/Scripts/TextMeshProFloatingText.cs
  artifactKey: Guid(a4d4c76e63944cba8c7d00f56334b98c) Importer(2089858483,192608db42251d675da83286b1cce702)
Start importing Assets/TextMesh Pro/Examples & Extras/Scripts/TextMeshProFloatingText.cs using Guid(a4d4c76e63944cba8c7d00f56334b98c) Importer(2089858483,192608db42251d675da83286b1cce702) (ScriptedImporter) -> (artifact id: '917e1699fc2ec4c2fafcf38b82fce750') in 0.006554 seconds
Number of updated asset objects reloaded before import = 0Number of asset objects unloaded after import = 0

========================================================================
Received Import Request.
  Time since last request: 0.000047 seconds.
  path: Assets/TextMesh Pro/Examples & Extras/Scenes/02 - Multi-line TextMesh Pro.unity
  artifactKey: Guid(251716609f634449bfe8ce75c0ed78fe) Importer(2089858483,192608db42251d675da83286b1cce702)
Start importing Assets/TextMesh Pro/Examples & Extras/Scenes/02 - Multi-line TextMesh Pro.unity using Guid(251716609f634449bfe8ce75c0ed78fe) Importer(2089858483,192608db42251d675da83286b1cce702) (ScriptedImporter) -> (artifact id: '8b367fc9492dbaba5fd46a9f68175caa') in 0.0044202 seconds
Number of updated asset objects reloaded before import = 0Number of asset objects unloaded after import = 1

========================================================================
Received Import Request.
  Time since last request: 0.000018 seconds.
  path: Assets/TextMesh Pro/Examples & Extras/Scripts/CameraController.cs
  artifactKey: Guid(2d687537154440a3913a9a3c7977978c) Importer(2089858483,192608db42251d675da83286b1cce702)
Start importing Assets/TextMesh Pro/Examples & Extras/Scripts/CameraController.cs using Guid(2d687537154440a3913a9a3c7977978c) Importer(2089858483,192608db42251d675da83286b1cce702) (ScriptedImporter) -> (artifact id: 'a6f0df4cd8f3155698ce245ade07ab53') in 0.004017 seconds
Number of updated asset objects reloaded before import = 0Number of asset objects unloaded after import = 0

========================================================================
Received Import Request.
  Time since last request: 0.000072 seconds.
  path: Assets/TextMesh Pro/Resources/Fonts & Materials/LiberationSans SDF - Outline.mat
  artifactKey: Guid(79459efec17a4d00a321bdcc27bbc385) Importer(2089858483,192608db42251d675da83286b1cce702)
Start importing Assets/TextMesh Pro/Resources/Fonts & Materials/LiberationSans SDF - Outline.mat using Guid(79459efec17a4d00a321bdcc27bbc385) Importer(2089858483,192608db42251d675da83286b1cce702) (ScriptedImporter) -> (artifact id: 'a118b89cd5421275fe5185a45dce2bb7') in 0.0154167 seconds
Number of updated asset objects reloaded before import = 0Number of asset objects unloaded after import = 2

========================================================================
Received Import Request.
  Time since last request: 0.236485 seconds.
  path: Assets/TheraBytes/BetterUI_TextMeshPro/Editor/TheraBytes.BetterUi.Editor.asmref
  artifactKey: Guid(a54de952667ec94479c8df10284a5f55) Importer(2089858483,192608db42251d675da83286b1cce702)
Start importing Assets/TheraBytes/BetterUI_TextMeshPro/Editor/TheraBytes.BetterUi.Editor.asmref using Guid(a54de952667ec94479c8df10284a5f55) Importer(2089858483,192608db42251d675da83286b1cce702) (ScriptedImporter) -> (artifact id: 'e9307ef762f18cd72ce3f1406ba7f390') in 0.0042027 seconds
Number of updated asset objects reloaded before import = 0Number of asset objects unloaded after import = 1

========================================================================
Received Import Request.
  Time since last request: 0.000015 seconds.
  path: Assets/unity-ui-extensions/Scripts/Layout/HorizontalScrollSnap.cs
  artifactKey: Guid(609dcc22aadcc16418bfac22716ee9a6) Importer(2089858483,192608db42251d675da83286b1cce702)
Start importing Assets/unity-ui-extensions/Scripts/Layout/HorizontalScrollSnap.cs using Guid(609dcc22aadcc16418bfac22716ee9a6) Importer(2089858483,192608db42251d675da83286b1cce702) (ScriptedImporter) -> (artifact id: 'c1a81fcb5784f346e273ab4956bc3e9b') in 0.0036894 seconds
Number of updated asset objects reloaded before import = 0Number of asset objects unloaded after import = 0

========================================================================
Received Import Request.
  Time since last request: 0.000042 seconds.
  path: Assets/TheraBytes/BetterUI/Editor/Icons/interaction_area_icon.png
  artifactKey: Guid(1417391e3445b7646ae0bf82f83ba1cc) Importer(2089858483,192608db42251d675da83286b1cce702)
Start importing Assets/TheraBytes/BetterUI/Editor/Icons/interaction_area_icon.png using Guid(1417391e3445b7646ae0bf82f83ba1cc) Importer(2089858483,192608db42251d675da83286b1cce702) (ScriptedImporter) -> (artifact id: '457b81c6f58d38c79d8a480719a89a25') in 0.0096929 seconds
Number of updated asset objects reloaded before import = 0Number of asset objects unloaded after import = 1

========================================================================
Received Import Request.
  Time since last request: 0.000014 seconds.
  path: Assets/TheraBytes/BetterUI/Editor/Icons/content_size_fitter_icon.png
  artifactKey: Guid(2a7b4fa8de202654dbd0144e296a505d) Importer(2089858483,192608db42251d675da83286b1cce702)
Start importing Assets/TheraBytes/BetterUI/Editor/Icons/content_size_fitter_icon.png using Guid(2a7b4fa8de202654dbd0144e296a505d) Importer(2089858483,192608db42251d675da83286b1cce702) (ScriptedImporter) -> (artifact id: '46da5ebc443502dc05cc57922d2bfb6b') in 0.0105288 seconds
Number of updated asset objects reloaded before import = 0Number of asset objects unloaded after import = 1

========================================================================
Received Import Request.
  Time since last request: 0.000016 seconds.
  path: Assets/Plugins/Demigiant/DOTween/Editor/DOTweenEditor.dll.mdb
  artifactKey: Guid(8f46310a8b0a8f04a92993c37c713243) Importer(2089858483,192608db42251d675da83286b1cce702)
Start importing Assets/Plugins/Demigiant/DOTween/Editor/DOTweenEditor.dll.mdb using Guid(8f46310a8b0a8f04a92993c37c713243) Importer(2089858483,192608db42251d675da83286b1cce702) (ScriptedImporter) -> (artifact id: 'a01e05eeb263404254ba0b1df4ee90f3') in 0.0039585 seconds
Number of updated asset objects reloaded before import = 0Number of asset objects unloaded after import = 1

========================================================================
Received Import Request.
  Time since last request: 0.000016 seconds.
  path: Assets/unity-ui-extensions/Scripts/ToolTips/HoverTooltip.cs
  artifactKey: Guid(87cd933870c6506418344281b3cb86fc) Importer(2089858483,192608db42251d675da83286b1cce702)
Start importing Assets/unity-ui-extensions/Scripts/ToolTips/HoverTooltip.cs using Guid(87cd933870c6506418344281b3cb86fc) Importer(2089858483,192608db42251d675da83286b1cce702) (ScriptedImporter) -> (artifact id: '776439a7c91de2effe17c204fa30587d') in 0.0036791 seconds
Number of updated asset objects reloaded before import = 0Number of asset objects unloaded after import = 0

========================================================================
Received Import Request.
  Time since last request: 0.000051 seconds.
  path: Assets/unity-ui-extensions/Scripts/Effects/Gradient2.cs
  artifactKey: Guid(45facfdc6a639f041b007c036dc527b8) Importer(2089858483,192608db42251d675da83286b1cce702)
Start importing Assets/unity-ui-extensions/Scripts/Effects/Gradient2.cs using Guid(45facfdc6a639f041b007c036dc527b8) Importer(2089858483,192608db42251d675da83286b1cce702) (ScriptedImporter) -> (artifact id: 'cbeb29b11205302723dd3753bc85c454') in 0.0036032 seconds
Number of updated asset objects reloaded before import = 0Number of asset objects unloaded after import = 0

========================================================================
Received Import Request.
  Time since last request: 0.000048 seconds.
  path: Assets/TheraBytes/BetterUI/Editor/Icons/axis_aligned_layout_group_icon.png
  artifactKey: Guid(7b79a7919cb4b8a429d661f17bd459f1) Importer(2089858483,192608db42251d675da83286b1cce702)
Start importing Assets/TheraBytes/BetterUI/Editor/Icons/axis_aligned_layout_group_icon.png using Guid(7b79a7919cb4b8a429d661f17bd459f1) Importer(2089858483,192608db42251d675da83286b1cce702) (ScriptedImporter) -> (artifact id: 'e1c8843bda494a6b5c95b8e645220428') in 0.0095005 seconds
Number of updated asset objects reloaded before import = 0Number of asset objects unloaded after import = 1

========================================================================
Received Import Request.
  Time since last request: 0.000019 seconds.
  path: Assets/TheraBytes/BetterUI/Editor/Icons/InputField Icon.png
  artifactKey: Guid(426524914a5ce0a4fa8c6474fab09d6f) Importer(2089858483,192608db42251d675da83286b1cce702)
Start importing Assets/TheraBytes/BetterUI/Editor/Icons/InputField Icon.png using Guid(426524914a5ce0a4fa8c6474fab09d6f) Importer(2089858483,192608db42251d675da83286b1cce702) (ScriptedImporter) -> (artifact id: '3cf5319fae968de93597c9c35e0ddcfb') in 0.0109038 seconds
Number of updated asset objects reloaded before import = 0Number of asset objects unloaded after import = 1

========================================================================
Received Import Request.
  Time since last request: 0.000023 seconds.
  path: Assets/unity-ui-extensions/Scripts/InputModules/GamePadInputModule.cs
  artifactKey: Guid(26158f38115d49a4a915f46c7eced4ab) Importer(2089858483,192608db42251d675da83286b1cce702)
Start importing Assets/unity-ui-extensions/Scripts/InputModules/GamePadInputModule.cs using Guid(26158f38115d49a4a915f46c7eced4ab) Importer(2089858483,192608db42251d675da83286b1cce702) (ScriptedImporter) -> (artifact id: '9da1a33c7531bc59269d7ccf21c489ba') in 0.0038649 seconds
Number of updated asset objects reloaded before import = 0Number of asset objects unloaded after import = 0

========================================================================
Received Import Request.
  Time since last request: 0.000033 seconds.
  path: Assets/TextMesh Pro/Examples & Extras/Resources/Fonts & Materials/LiberationSans SDF - Soft Mask.mat
  artifactKey: Guid(42df1c7856584b6b8db9a509b6b10074) Importer(2089858483,192608db42251d675da83286b1cce702)
Start importing Assets/TextMesh Pro/Examples & Extras/Resources/Fonts & Materials/LiberationSans SDF - Soft Mask.mat using Guid(42df1c7856584b6b8db9a509b6b10074) Importer(2089858483,192608db42251d675da83286b1cce702) (ScriptedImporter) -> (artifact id: '957ec6fd1eca08dc435306b85d660a6f') in 0.0152347 seconds
Number of updated asset objects reloaded before import = 0Number of asset objects unloaded after import = 3

========================================================================
Received Import Request.
  Time since last request: 0.000021 seconds.
  path: Assets/unity-ui-extensions/Scripts/Primitives/DiamondGraph.cs
  artifactKey: Guid(891530df3841c0041ab9982359e02e0f) Importer(2089858483,192608db42251d675da83286b1cce702)
Start importing Assets/unity-ui-extensions/Scripts/Primitives/DiamondGraph.cs using Guid(891530df3841c0041ab9982359e02e0f) Importer(2089858483,192608db42251d675da83286b1cce702) (ScriptedImporter) -> (artifact id: '58f962e85640b0eb137fd7c6dad37d11') in 0.0033528 seconds
Number of updated asset objects reloaded before import = 0Number of asset objects unloaded after import = 0

========================================================================
Received Import Request.
  Time since last request: 0.000041 seconds.
  path: Assets/TheraBytes/BetterUI_TextMeshPro/Runtime/TheraBytes.BetterUi.asmref
  artifactKey: Guid(44cf00f82dc2b384d9a258021428a524) Importer(2089858483,192608db42251d675da83286b1cce702)
Start importing Assets/TheraBytes/BetterUI_TextMeshPro/Runtime/TheraBytes.BetterUi.asmref using Guid(44cf00f82dc2b384d9a258021428a524) Importer(2089858483,192608db42251d675da83286b1cce702) (ScriptedImporter) -> (artifact id: '71863eab9888dcff3ad2d812a20d753a') in 0.0040213 seconds
Number of updated asset objects reloaded before import = 0Number of asset objects unloaded after import = 1

========================================================================
Received Import Request.
  Time since last request: 0.000016 seconds.
  path: Assets/Plugins/Android/GoogleMobileAdsPlugin/libs/unity-plugin-library.jar
  artifactKey: Guid(5838f2ab426d84006a7f399537c93f93) Importer(2089858483,192608db42251d675da83286b1cce702)
Start importing Assets/Plugins/Android/GoogleMobileAdsPlugin/libs/unity-plugin-library.jar using Guid(5838f2ab426d84006a7f399537c93f93) Importer(2089858483,192608db42251d675da83286b1cce702) (ScriptedImporter) -> (artifact id: '623cd4f593eb5a3e4189f014cc273025') in 0.0050835 seconds
Number of updated asset objects reloaded before import = 0Number of asset objects unloaded after import = 0

========================================================================
Received Import Request.
  Time since last request: 0.000283 seconds.
  path: Assets/unity-ui-extensions/Scripts/Layout/TableLayoutGroup.cs
  artifactKey: Guid(6cee1f3bb43ca9c4c9e00b54a998d9ce) Importer(2089858483,192608db42251d675da83286b1cce702)
Start importing Assets/unity-ui-extensions/Scripts/Layout/TableLayoutGroup.cs using Guid(6cee1f3bb43ca9c4c9e00b54a998d9ce) Importer(2089858483,192608db42251d675da83286b1cce702) (ScriptedImporter) -> (artifact id: '562a9c111c017351562204ab1b7211a2') in 0.0042587 seconds
Number of updated asset objects reloaded before import = 0Number of asset objects unloaded after import = 0

========================================================================
Received Import Request.
  Time since last request: 0.000016 seconds.
  path: Assets/TheraBytes/BetterUI_TextMeshPro/Runtime/BetterTextMeshProDropdown.cs
  artifactKey: Guid(e88b4e1f11d57214bb1aa2550affff2e) Importer(2089858483,192608db42251d675da83286b1cce702)
Start importing Assets/TheraBytes/BetterUI_TextMeshPro/Runtime/BetterTextMeshProDropdown.cs using Guid(e88b4e1f11d57214bb1aa2550affff2e) Importer(2089858483,192608db42251d675da83286b1cce702) (ScriptedImporter) -> (artifact id: 'ad52b695b91042c45ab6b936a2b702d3') in 0.0043102 seconds
Number of updated asset objects reloaded before import = 0Number of asset objects unloaded after import = 1

========================================================================
Received Import Request.
  Time since last request: 0.000020 seconds.
  path: Assets/TheraBytes/BetterUI/Editor/Icons/size_change_tracker_icon.png
  artifactKey: Guid(f0425eaddc4818a43b9e983a993327f1) Importer(2089858483,192608db42251d675da83286b1cce702)
Start importing Assets/TheraBytes/BetterUI/Editor/Icons/size_change_tracker_icon.png using Guid(f0425eaddc4818a43b9e983a993327f1) Importer(2089858483,192608db42251d675da83286b1cce702) (ScriptedImporter) -> (artifact id: '74ac2d6c80026cc639ef5728d4fd5d2e') in 0.0110467 seconds
Number of updated asset objects reloaded before import = 0Number of asset objects unloaded after import = 1

========================================================================
Received Import Request.
  Time since last request: 0.000016 seconds.
  path: Assets/Plugins/Demigiant/DOTween/Modules/DOTweenModuleUI.cs
  artifactKey: Guid(a060394c03331a64392db53a10e7f2d1) Importer(2089858483,192608db42251d675da83286b1cce702)
Start importing Assets/Plugins/Demigiant/DOTween/Modules/DOTweenModuleUI.cs using Guid(a060394c03331a64392db53a10e7f2d1) Importer(2089858483,192608db42251d675da83286b1cce702) (ScriptedImporter) -> (artifact id: '102f34fe3e234eeee80c235fa29d2c2a') in 0.0043719 seconds
Number of updated asset objects reloaded before import = 0Number of asset objects unloaded after import = 0

========================================================================
Received Import Request.
  Time since last request: 0.000017 seconds.
  path: Assets/unity-ui-extensions/Scripts/Effects/ShineEffect.cs
  artifactKey: Guid(453baf32313c0bc41a532c409ec25177) Importer(2089858483,192608db42251d675da83286b1cce702)
Start importing Assets/unity-ui-extensions/Scripts/Effects/ShineEffect.cs using Guid(453baf32313c0bc41a532c409ec25177) Importer(2089858483,192608db42251d675da83286b1cce702) (ScriptedImporter) -> (artifact id: '197f12e337185a85f58e61c7c1bee439') in 0.0037852 seconds
Number of updated asset objects reloaded before import = 0Number of asset objects unloaded after import = 0

========================================================================
Received Import Request.
  Time since last request: 0.000058 seconds.
  path: Assets/TheraBytes/BetterUI/Editor/Icons/layout_element_icon.png
  artifactKey: Guid(0c7cf13e3248d7e42a85251d3deaf039) Importer(2089858483,192608db42251d675da83286b1cce702)
Start importing Assets/TheraBytes/BetterUI/Editor/Icons/layout_element_icon.png using Guid(0c7cf13e3248d7e42a85251d3deaf039) Importer(2089858483,192608db42251d675da83286b1cce702) (ScriptedImporter) -> (artifact id: '6b2367bd5665a7a110a692a891209a70') in 0.0095481 seconds
Number of updated asset objects reloaded before import = 0Number of asset objects unloaded after import = 1

========================================================================
Received Import Request.
  Time since last request: 0.000017 seconds.
  path: Assets/unity-ui-extensions/Scripts/Effects/UIParticleSystem.cs
  artifactKey: Guid(f5f85388e938d9e4599afc6d9441ed57) Importer(2089858483,192608db42251d675da83286b1cce702)
Start importing Assets/unity-ui-extensions/Scripts/Effects/UIParticleSystem.cs using Guid(f5f85388e938d9e4599afc6d9441ed57) Importer(2089858483,192608db42251d675da83286b1cce702) (ScriptedImporter) -> (artifact id: '9313df2ae7400c1aa9b93c8b16fe13fa') in 0.0054937 seconds
Number of updated asset objects reloaded before import = 0Number of asset objects unloaded after import = 0

========================================================================
Received Import Request.
  Time since last request: 0.000019 seconds.
  path: Assets/unity-ui-extensions/Scripts/Utilities/ExtensionsToggle.cs
  artifactKey: Guid(bc733ccacdce62148ac1f46d1dd84ff6) Importer(2089858483,192608db42251d675da83286b1cce702)
Start importing Assets/unity-ui-extensions/Scripts/Utilities/ExtensionsToggle.cs using Guid(bc733ccacdce62148ac1f46d1dd84ff6) Importer(2089858483,192608db42251d675da83286b1cce702) (ScriptedImporter) -> (artifact id: '0c105b57dcea4414a974b8dd91d23d5f') in 0.0039962 seconds
Number of updated asset objects reloaded before import = 0Number of asset objects unloaded after import = 0

========================================================================
Received Import Request.
  Time since last request: 0.000033 seconds.
  path: Assets/TextMesh Pro/Examples & Extras/Scenes/28 - HDRP Shader Example/Sky and Fog Volume Profile.asset
  artifactKey: Guid(83ba2e375bed45f48bce43e5a5f7c88a) Importer(2089858483,192608db42251d675da83286b1cce702)
Start importing Assets/TextMesh Pro/Examples & Extras/Scenes/28 - HDRP Shader Example/Sky and Fog Volume Profile.asset using Guid(83ba2e375bed45f48bce43e5a5f7c88a) Importer(2089858483,192608db42251d675da83286b1cce702) (ScriptedImporter) -> (artifact id: 'cce8d7d1c6cfdbff572e8ff67d697802') in 0.003382 seconds
Number of updated asset objects reloaded before import = 0Number of asset objects unloaded after import = 1

========================================================================
Received Import Request.
  Time since last request: 0.000015 seconds.
  path: Assets/TheraBytes/BetterUI/Editor/Icons/d_HorizontalLayoutGroup Icon.png
  artifactKey: Guid(26f6cebae6047e8459e76cfd314d7506) Importer(2089858483,192608db42251d675da83286b1cce702)
Start importing Assets/TheraBytes/BetterUI/Editor/Icons/d_HorizontalLayoutGroup Icon.png using Guid(26f6cebae6047e8459e76cfd314d7506) Importer(2089858483,192608db42251d675da83286b1cce702) (ScriptedImporter) -> (artifact id: '9480200d4664e8d8ec3a91809f06cdbc') in 0.0090168 seconds
Number of updated asset objects reloaded before import = 0Number of asset objects unloaded after import = 1

========================================================================
Received Import Request.
  Time since last request: 0.000019 seconds.
  path: Assets/TheraBytes/BetterUI/Editor/Icons/ScrollRect Icon.png
  artifactKey: Guid(3b75e557c466e2a4eb08c6202466911f) Importer(2089858483,192608db42251d675da83286b1cce702)
Start importing Assets/TheraBytes/BetterUI/Editor/Icons/ScrollRect Icon.png using Guid(3b75e557c466e2a4eb08c6202466911f) Importer(2089858483,192608db42251d675da83286b1cce702) (ScriptedImporter) -> (artifact id: '5cb3773e2bb9049cb07641bdbc2d6b45') in 0.0085838 seconds
Number of updated asset objects reloaded before import = 0Number of asset objects unloaded after import = 1

========================================================================
Received Import Request.
  Time since last request: 0.000017 seconds.
  path: Assets/unity-ui-extensions/Scripts/Primitives/UILineTextureRenderer.cs
  artifactKey: Guid(b801876ddb189f94f905cd1646564fbf) Importer(2089858483,192608db42251d675da83286b1cce702)
Start importing Assets/unity-ui-extensions/Scripts/Primitives/UILineTextureRenderer.cs using Guid(b801876ddb189f94f905cd1646564fbf) Importer(2089858483,192608db42251d675da83286b1cce702) (ScriptedImporter) -> (artifact id: '6279164f6cd40090f47c7817a52c9b3b') in 0.0034825 seconds
Number of updated asset objects reloaded before import = 0Number of asset objects unloaded after import = 0

========================================================================
Received Import Request.
  Time since last request: 0.000064 seconds.
  path: Assets/TextMesh Pro/Examples & Extras/Resources/Fonts & Materials/Roboto-Bold SDF - HDRP Unlit.mat
  artifactKey: Guid(2ddca8f46aa0838419d568affb0ca6b4) Importer(2089858483,192608db42251d675da83286b1cce702)
Start importing Assets/TextMesh Pro/Examples & Extras/Resources/Fonts & Materials/Roboto-Bold SDF - HDRP Unlit.mat using Guid(2ddca8f46aa0838419d568affb0ca6b4) Importer(2089858483,192608db42251d675da83286b1cce702) (ScriptedImporter) -> (artifact id: '2ea289aea39f9b6cf515aabe8b583dc4') in 0.0106274 seconds
Number of updated asset objects reloaded before import = 0Number of asset objects unloaded after import = 1

========================================================================
Received Import Request.
  Time since last request: 0.000017 seconds.
  path: Assets/TheraBytes/BetterUI/Editor/Icons/Text Icon.png
  artifactKey: Guid(aa696b8fb7679de4897b3a30d1b26de0) Importer(2089858483,192608db42251d675da83286b1cce702)
Start importing Assets/TheraBytes/BetterUI/Editor/Icons/Text Icon.png using Guid(aa696b8fb7679de4897b3a30d1b26de0) Importer(2089858483,192608db42251d675da83286b1cce702) (ScriptedImporter) -> (artifact id: '9401e81372fefd224e76fac09a79867e') in 0.0089577 seconds
Number of updated asset objects reloaded before import = 0Number of asset objects unloaded after import = 1

========================================================================
Received Import Request.
  Time since last request: 0.000040 seconds.
  path: Assets/TextMesh Pro/Examples & Extras/Resources/Fonts & Materials/Bangers SDF Logo.mat
  artifactKey: Guid(f4e195ac1e204eff960149d1cb34e18c) Importer(2089858483,192608db42251d675da83286b1cce702)
Start importing Assets/TextMesh Pro/Examples & Extras/Resources/Fonts & Materials/Bangers SDF Logo.mat using Guid(f4e195ac1e204eff960149d1cb34e18c) Importer(2089858483,192608db42251d675da83286b1cce702) (ScriptedImporter) -> (artifact id: '3509c9a56b3894f1da92e6fab7561e98') in 0.040463 seconds
Number of updated asset objects reloaded before import = 0Number of asset objects unloaded after import = 4

========================================================================
Received Import Request.
  Time since last request: 0.000022 seconds.
  path: Assets/unity-ui-extensions/Scripts/InputModules/AimerInputModule.cs
  artifactKey: Guid(08b9f423b73fdfb47b59e7de89863600) Importer(2089858483,192608db42251d675da83286b1cce702)
Start importing Assets/unity-ui-extensions/Scripts/InputModules/AimerInputModule.cs using Guid(08b9f423b73fdfb47b59e7de89863600) Importer(2089858483,192608db42251d675da83286b1cce702) (ScriptedImporter) -> (artifact id: 'c0c592a25351e2a3e7e20319d4f2aaea') in 0.0038511 seconds
Number of updated asset objects reloaded before import = 0Number of asset objects unloaded after import = 0

========================================================================
Received Import Request.
  Time since last request: 0.000040 seconds.
  path: Assets/unity-ui-extensions/Scripts/Controls/TextPic.cs
  artifactKey: Guid(b41c7c4761612e4419bd8a5d44c35a6c) Importer(2089858483,192608db42251d675da83286b1cce702)
Start importing Assets/unity-ui-extensions/Scripts/Controls/TextPic.cs using Guid(b41c7c4761612e4419bd8a5d44c35a6c) Importer(2089858483,192608db42251d675da83286b1cce702) (ScriptedImporter) -> (artifact id: 'f44f60d97a11ed2f328ef07db414a3de') in 0.0046939 seconds
Number of updated asset objects reloaded before import = 0Number of asset objects unloaded after import = 0

========================================================================
Received Import Request.
  Time since last request: 0.000022 seconds.
  path: Assets/Plugins/Demigiant/DOTween/Modules/DOTweenModuleAudio.cs
  artifactKey: Guid(b766d08851589514b97afb23c6f30a70) Importer(2089858483,192608db42251d675da83286b1cce702)
Start importing Assets/Plugins/Demigiant/DOTween/Modules/DOTweenModuleAudio.cs using Guid(b766d08851589514b97afb23c6f30a70) Importer(2089858483,192608db42251d675da83286b1cce702) (ScriptedImporter) -> (artifact id: '899ca6f37ba98e329fc1d55453d36e7c') in 0.0062532 seconds
Number of updated asset objects reloaded before import = 0Number of asset objects unloaded after import = 0

========================================================================
Received Import Request.
  Time since last request: 0.000045 seconds.
  path: Assets/TheraBytes/BetterUI/Editor/Icons/ValueDragger.png
  artifactKey: Guid(d654d44770d114441a4f37eb02208001) Importer(2089858483,192608db42251d675da83286b1cce702)
Start importing Assets/TheraBytes/BetterUI/Editor/Icons/ValueDragger.png using Guid(d654d44770d114441a4f37eb02208001) Importer(2089858483,192608db42251d675da83286b1cce702) (ScriptedImporter) -> (artifact id: '98c81f0c2db17fc93d3c19b58c000d9b') in 0.0111808 seconds
Number of updated asset objects reloaded before import = 0Number of asset objects unloaded after import = 1

========================================================================
Received Import Request.
  Time since last request: 0.000016 seconds.
  path: Assets/unity-ui-extensions/Scripts/ToolTips/ToolTip.cs
  artifactKey: Guid(8a649d0fc284fb7458094a7a02315f07) Importer(2089858483,192608db42251d675da83286b1cce702)
Start importing Assets/unity-ui-extensions/Scripts/ToolTips/ToolTip.cs using Guid(8a649d0fc284fb7458094a7a02315f07) Importer(2089858483,192608db42251d675da83286b1cce702) (ScriptedImporter) -> (artifact id: '558fe30d32ca1d735681c937b37d8325') in 0.0036674 seconds
Number of updated asset objects reloaded before import = 0Number of asset objects unloaded after import = 0

========================================================================
Received Import Request.
  Time since last request: 0.000025 seconds.
  path: Assets/Plugins/Demigiant/DOTween/Editor/DOTweenEditor.XML
  artifactKey: Guid(2e2c6224d345d9249acfa6e8ef40bb2d) Importer(2089858483,192608db42251d675da83286b1cce702)
Start importing Assets/Plugins/Demigiant/DOTween/Editor/DOTweenEditor.XML using Guid(2e2c6224d345d9249acfa6e8ef40bb2d) Importer(2089858483,192608db42251d675da83286b1cce702) (ScriptedImporter) -> (artifact id: '1337bc47559b51ad34e2c7f382e4e470') in 0.0037714 seconds
Number of updated asset objects reloaded before import = 0Number of asset objects unloaded after import = 1

========================================================================
Received Import Request.
  Time since last request: 0.000018 seconds.
  path: Assets/TextMesh Pro/Examples & Extras/Resources/Fonts & Materials/Bangers SDF Logo - URP.mat
  artifactKey: Guid(6751ce1a4611b3940812c13a6847d94f) Importer(2089858483,192608db42251d675da83286b1cce702)
Start importing Assets/TextMesh Pro/Examples & Extras/Resources/Fonts & Materials/Bangers SDF Logo - URP.mat using Guid(6751ce1a4611b3940812c13a6847d94f) Importer(2089858483,192608db42251d675da83286b1cce702) (ScriptedImporter) -> (artifact id: 'bab2b760e1393968aa5f4930878596f9') in 0.0060573 seconds
Number of updated asset objects reloaded before import = 0Number of asset objects unloaded after import = 1

========================================================================
Received Import Request.
  Time since last request: 0.000020 seconds.
  path: Assets/TheraBytes/BetterUI_TextMeshPro/Editor/Scripts/BetterTextMeshProInputFieldEditor.cs
  artifactKey: Guid(179eff590984bb345b630eb09bc05d2f) Importer(2089858483,192608db42251d675da83286b1cce702)
Start importing Assets/TheraBytes/BetterUI_TextMeshPro/Editor/Scripts/BetterTextMeshProInputFieldEditor.cs using Guid(179eff590984bb345b630eb09bc05d2f) Importer(2089858483,192608db42251d675da83286b1cce702) (ScriptedImporter) -> (artifact id: '12c0305773a33680694a63b94036b8f4') in 0.004233 seconds
Number of updated asset objects reloaded before import = 0Number of asset objects unloaded after import = 0

========================================================================
Received Import Request.
  Time since last request: 0.000022 seconds.
  path: Assets/unity-ui-extensions/Scripts/Controls/BoxSlider.cs
  artifactKey: Guid(a3fd655d1aa9c684d88cdfdd0da9aa34) Importer(2089858483,192608db42251d675da83286b1cce702)
Start importing Assets/unity-ui-extensions/Scripts/Controls/BoxSlider.cs using Guid(a3fd655d1aa9c684d88cdfdd0da9aa34) Importer(2089858483,192608db42251d675da83286b1cce702) (ScriptedImporter) -> (artifact id: '1c8e979e8a4194fe6b2587c7c7336c79') in 0.0035431 seconds
Number of updated asset objects reloaded before import = 0Number of asset objects unloaded after import = 0

========================================================================
Received Import Request.
  Time since last request: 0.209585 seconds.
  path: Assets/unity-ui-extensions/Scripts/Controls/ColorPicker/ColorLabel.cs
  artifactKey: Guid(b32edf53f1ae84f479c9439b4b5f5b91) Importer(2089858483,192608db42251d675da83286b1cce702)
Start importing Assets/unity-ui-extensions/Scripts/Controls/ColorPicker/ColorLabel.cs using Guid(b32edf53f1ae84f479c9439b4b5f5b91) Importer(2089858483,192608db42251d675da83286b1cce702) (ScriptedImporter) -> (artifact id: 'bcf75e1c44d0dddbf60c5b3484cb3425') in 0.014085 seconds
Number of updated asset objects reloaded before import = 0Number of asset objects unloaded after import = 0

========================================================================
Received Import Request.
  Time since last request: 0.000014 seconds.
  path: Assets/TheraBytes/BetterUI/Runtime/Resources/Materials/Grayscale_LinearDodge.mat
  artifactKey: Guid(7a64b8e6a37255045a66d6b098f372d1) Importer(2089858483,192608db42251d675da83286b1cce702)
Start importing Assets/TheraBytes/BetterUI/Runtime/Resources/Materials/Grayscale_LinearDodge.mat using Guid(7a64b8e6a37255045a66d6b098f372d1) Importer(2089858483,192608db42251d675da83286b1cce702) (ScriptedImporter) -> (artifact id: 'c9e81827bf92725996ff3768a180d6e9') in 0.0050474 seconds
Number of updated asset objects reloaded before import = 0Number of asset objects unloaded after import = 1

========================================================================
Received Import Request.
  Time since last request: 0.000019 seconds.
  path: Assets/TheraBytes/BetterUI/Runtime/Resources/Materials/Standard_Multiply.mat
  artifactKey: Guid(86324b44d233d2c4792001b255c1c034) Importer(2089858483,192608db42251d675da83286b1cce702)
Start importing Assets/TheraBytes/BetterUI/Runtime/Resources/Materials/Standard_Multiply.mat using Guid(86324b44d233d2c4792001b255c1c034) Importer(2089858483,192608db42251d675da83286b1cce702) (ScriptedImporter) -> (artifact id: 'b4417d9f8ce8dc7af3622877aaed1397') in 0.0087522 seconds
Number of updated asset objects reloaded before import = 0Number of asset objects unloaded after import = 1

========================================================================
Received Import Request.
  Time since last request: 0.000019 seconds.
  path: Assets/unity-ui-extensions/Scripts/Utilities/Serialization/ObjectIdentifier.cs
  artifactKey: Guid(0c19f3e134862e74dbc98cb514a82ef5) Importer(2089858483,192608db42251d675da83286b1cce702)
Start importing Assets/unity-ui-extensions/Scripts/Utilities/Serialization/ObjectIdentifier.cs using Guid(0c19f3e134862e74dbc98cb514a82ef5) Importer(2089858483,192608db42251d675da83286b1cce702) (ScriptedImporter) -> (artifact id: '56d23fd3bae27f93997d54c47ae4af35') in 0.006827 seconds
Number of updated asset objects reloaded before import = 0Number of asset objects unloaded after import = 0

========================================================================
Received Import Request.
  Time since last request: 0.000054 seconds.
  path: Assets/TheraBytes/BetterUI/Runtime/Scripts/Utils/ImageAppearanceProviderHelper.cs
  artifactKey: Guid(527218a581b3b1442aa405d2b5a7b831) Importer(2089858483,192608db42251d675da83286b1cce702)
Start importing Assets/TheraBytes/BetterUI/Runtime/Scripts/Utils/ImageAppearanceProviderHelper.cs using Guid(527218a581b3b1442aa405d2b5a7b831) Importer(2089858483,192608db42251d675da83286b1cce702) (ScriptedImporter) -> (artifact id: '80c2723e2defc9905ae83dd5cfc7ba7c') in 0.0065329 seconds
Number of updated asset objects reloaded before import = 0Number of asset objects unloaded after import = 0

========================================================================
Received Import Request.
  Time since last request: 0.000024 seconds.
  path: Assets/TheraBytes/BetterUI/Editor/Scripts/UiElements/ValueDraggerEditor.cs
  artifactKey: Guid(49e827b8b104a46448a610b7d100413f) Importer(2089858483,192608db42251d675da83286b1cce702)
Start importing Assets/TheraBytes/BetterUI/Editor/Scripts/UiElements/ValueDraggerEditor.cs using Guid(49e827b8b104a46448a610b7d100413f) Importer(2089858483,192608db42251d675da83286b1cce702) (ScriptedImporter) -> (artifact id: '26a4c8d5a3bfd51f2b8b996f20308472') in 0.005372 seconds
Number of updated asset objects reloaded before import = 0Number of asset objects unloaded after import = 0

========================================================================
Received Import Request.
  Time since last request: 0.000032 seconds.
  path: Assets/unity-ui-extensions/Scripts/Utilities/Serialization/SaveLoadMenu.cs
  artifactKey: Guid(bd4dc9485ec174c44bb7aa7b9d65f7e4) Importer(2089858483,192608db42251d675da83286b1cce702)
Start importing Assets/unity-ui-extensions/Scripts/Utilities/Serialization/SaveLoadMenu.cs using Guid(bd4dc9485ec174c44bb7aa7b9d65f7e4) Importer(2089858483,192608db42251d675da83286b1cce702) (ScriptedImporter) -> (artifact id: '146b4a7cf1aa1c82de6d11e5d0a9fd3e') in 0.0037156 seconds
Number of updated asset objects reloaded before import = 0Number of asset objects unloaded after import = 0

========================================================================
Received Import Request.
  Time since last request: 0.000033 seconds.
  path: Assets/unity-ui-extensions/Scripts/Controls/ColorPicker/SVBoxSlider.cs
  artifactKey: Guid(7a0647785ed421e449239dbd6512e156) Importer(2089858483,192608db42251d675da83286b1cce702)
Start importing Assets/unity-ui-extensions/Scripts/Controls/ColorPicker/SVBoxSlider.cs using Guid(7a0647785ed421e449239dbd6512e156) Importer(2089858483,192608db42251d675da83286b1cce702) (ScriptedImporter) -> (artifact id: '49b13211b704887400809c934530eed0') in 0.0038973 seconds
Number of updated asset objects reloaded before import = 0Number of asset objects unloaded after import = 0

========================================================================
Received Import Request.
  Time since last request: 0.000023 seconds.
  path: Assets/TheraBytes/BetterUI/Editor/Scripts/UiLayout/BetterContentSizeFitterEditor.cs
  artifactKey: Guid(878411ef784a6c945b383477042beddb) Importer(2089858483,192608db42251d675da83286b1cce702)
Start importing Assets/TheraBytes/BetterUI/Editor/Scripts/UiLayout/BetterContentSizeFitterEditor.cs using Guid(878411ef784a6c945b383477042beddb) Importer(2089858483,192608db42251d675da83286b1cce702) (ScriptedImporter) -> (artifact id: '56ec529b26d58a8b2f3eece7ef769ea2') in 0.004024 seconds
Number of updated asset objects reloaded before import = 0Number of asset objects unloaded after import = 0

========================================================================
Received Import Request.
  Time since last request: 0.000045 seconds.
  path: Assets/TheraBytes/BetterUI/Runtime/Scripts/BetterUiLayout/SizeDeltaSizer.cs
  artifactKey: Guid(a77240bb0b2fc06488f72013eab21c0e) Importer(2089858483,192608db42251d675da83286b1cce702)
Start importing Assets/TheraBytes/BetterUI/Runtime/Scripts/BetterUiLayout/SizeDeltaSizer.cs using Guid(a77240bb0b2fc06488f72013eab21c0e) Importer(2089858483,192608db42251d675da83286b1cce702) (ScriptedImporter) -> (artifact id: '5cdc785ad318f5bef31ea375bc56af13') in 0.0044306 seconds
Number of updated asset objects reloaded before import = 0Number of asset objects unloaded after import = 1

========================================================================
Received Import Request.
  Time since last request: 0.000020 seconds.
  path: Assets/unity-ui-extensions/Scripts/Utilities/Serialization/SaveLoad.cs
  artifactKey: Guid(b920ef6d49aee1a48926564263c95432) Importer(2089858483,192608db42251d675da83286b1cce702)
Start importing Assets/unity-ui-extensions/Scripts/Utilities/Serialization/SaveLoad.cs using Guid(b920ef6d49aee1a48926564263c95432) Importer(2089858483,192608db42251d675da83286b1cce702) (ScriptedImporter) -> (artifact id: 'f464aeb685b891c3f475efc47477fd80') in 0.0037091 seconds
Number of updated asset objects reloaded before import = 0Number of asset objects unloaded after import = 0

========================================================================
Received Import Request.
  Time since last request: 0.000039 seconds.
  path: Assets/Plugins/Demigiant/DOTween/Editor/Imgs/Footer.png
  artifactKey: Guid(7051dba417b3d53409f2918f1ea4938d) Importer(2089858483,192608db42251d675da83286b1cce702)
Start importing Assets/Plugins/Demigiant/DOTween/Editor/Imgs/Footer.png using Guid(7051dba417b3d53409f2918f1ea4938d) Importer(2089858483,192608db42251d675da83286b1cce702) (ScriptedImporter) -> (artifact id: '9ee5f8f552c189541b55a575747c53fe') in 0.0093809 seconds
Number of updated asset objects reloaded before import = 0Number of asset objects unloaded after import = 1

========================================================================
Received Import Request.
  Time since last request: 0.000021 seconds.
  path: Assets/unity-ui-extensions/Scripts/Controls/ColorPicker/HexColorField.cs
  artifactKey: Guid(7343402602909bd4f928d58433c5c87f) Importer(2089858483,192608db42251d675da83286b1cce702)
Start importing Assets/unity-ui-extensions/Scripts/Controls/ColorPicker/HexColorField.cs using Guid(7343402602909bd4f928d58433c5c87f) Importer(2089858483,192608db42251d675da83286b1cce702) (ScriptedImporter) -> (artifact id: '0ee6b1d73517d544513c85b751ad56e5') in 0.0039235 seconds
Number of updated asset objects reloaded before import = 0Number of asset objects unloaded after import = 0

========================================================================
Received Import Request.
  Time since last request: 0.000019 seconds.
  path: Assets/TheraBytes/BetterUI/Editor/Scripts/Utils/ScriptableObjectInstantiator.cs
  artifactKey: Guid(15b666569485f614cb70320f5f5f6b76) Importer(2089858483,192608db42251d675da83286b1cce702)
Start importing Assets/TheraBytes/BetterUI/Editor/Scripts/Utils/ScriptableObjectInstantiator.cs using Guid(15b666569485f614cb70320f5f5f6b76) Importer(2089858483,192608db42251d675da83286b1cce702) (ScriptedImporter) -> (artifact id: 'b829790c5109a743451ef05205612b5d') in 0.0056291 seconds
Number of updated asset objects reloaded before import = 0Number of asset objects unloaded after import = 0

========================================================================
Received Import Request.
  Time since last request: 0.000043 seconds.
  path: Assets/unity-ui-extensions/Scripts/Effects/ShaderEffects/UIAdditiveEffect.cs
  artifactKey: Guid(7a29c8587a101744ea9e6198d89cb2df) Importer(2089858483,192608db42251d675da83286b1cce702)
Start importing Assets/unity-ui-extensions/Scripts/Effects/ShaderEffects/UIAdditiveEffect.cs using Guid(7a29c8587a101744ea9e6198d89cb2df) Importer(2089858483,192608db42251d675da83286b1cce702) (ScriptedImporter) -> (artifact id: 'c4f15dad5f5ecb3366e535aa4b0c75b9') in 0.003652 seconds
Number of updated asset objects reloaded before import = 0Number of asset objects unloaded after import = 0

========================================================================
Received Import Request.
  Time since last request: 0.000037 seconds.
  path: Assets/TheraBytes/BetterUI/Runtime/Resources/Materials/HueSaturationBrightness_Overlay.mat
  artifactKey: Guid(026177ce1dce5834ba5f333de6c3f003) Importer(2089858483,192608db42251d675da83286b1cce702)
Start importing Assets/TheraBytes/BetterUI/Runtime/Resources/Materials/HueSaturationBrightness_Overlay.mat using Guid(026177ce1dce5834ba5f333de6c3f003) Importer(2089858483,192608db42251d675da83286b1cce702) (ScriptedImporter) -> (artifact id: '190bde84a7e66eb96fe3c85086c780f1') in 0.005197 seconds
Number of updated asset objects reloaded before import = 0Number of asset objects unloaded after import = 1

========================================================================
Received Import Request.
  Time since last request: 0.000243 seconds.
  path: Assets/unity-ui-extensions/Scripts/Utilities/Serialization/Surrogates/GameObjectSurrogate.cs
  artifactKey: Guid(2e0e2f61dca10bf4e95ecd579cc58e1a) Importer(2089858483,192608db42251d675da83286b1cce702)
Start importing Assets/unity-ui-extensions/Scripts/Utilities/Serialization/Surrogates/GameObjectSurrogate.cs using Guid(2e0e2f61dca10bf4e95ecd579cc58e1a) Importer(2089858483,192608db42251d675da83286b1cce702) (ScriptedImporter) -> (artifact id: '12f860986036a5d7f72312eefd569caf') in 0.0038694 seconds
Number of updated asset objects reloaded before import = 0Number of asset objects unloaded after import = 0

========================================================================
Received Import Request.
  Time since last request: 0.000033 seconds.
  path: Assets/TheraBytes/BetterUI/Runtime/Resources/Materials/HueSaturationBrightness_Additive.mat
  artifactKey: Guid(b6cf0e5d1e8d5da40a274c41b883a2d4) Importer(2089858483,192608db42251d675da83286b1cce702)
Start importing Assets/TheraBytes/BetterUI/Runtime/Resources/Materials/HueSaturationBrightness_Additive.mat using Guid(b6cf0e5d1e8d5da40a274c41b883a2d4) Importer(2089858483,192608db42251d675da83286b1cce702) (ScriptedImporter) -> (artifact id: '876f1ce83b3b92bfc1d11c5010dbb9e7') in 0.0053925 seconds
Number of updated asset objects reloaded before import = 0Number of asset objects unloaded after import = 1

========================================================================
Received Import Request.
  Time since last request: 0.000017 seconds.
  path: Assets/TheraBytes/BetterUI/Editor/Scripts/UiElements/BetterToggleEditor.cs
  artifactKey: Guid(7ada987c1e6e7294e872f25502f7527c) Importer(2089858483,192608db42251d675da83286b1cce702)
Start importing Assets/TheraBytes/BetterUI/Editor/Scripts/UiElements/BetterToggleEditor.cs using Guid(7ada987c1e6e7294e872f25502f7527c) Importer(2089858483,192608db42251d675da83286b1cce702) (ScriptedImporter) -> (artifact id: 'bf4d411420c95e59a143c765d2f3a036') in 0.0043762 seconds
Number of updated asset objects reloaded before import = 0Number of asset objects unloaded after import = 0

========================================================================
Received Import Request.
  Time since last request: 0.000015 seconds.
  path: Assets/unity-ui-extensions/Scripts/Controls/SelectionBox/SelectionBox.cs
  artifactKey: Guid(0f143353fa45b4df79a3722ad82431d5) Importer(2089858483,192608db42251d675da83286b1cce702)
Start importing Assets/unity-ui-extensions/Scripts/Controls/SelectionBox/SelectionBox.cs using Guid(0f143353fa45b4df79a3722ad82431d5) Importer(2089858483,192608db42251d675da83286b1cce702) (ScriptedImporter) -> (artifact id: '7f4e0e9ead2c04369ecdc648d995befb') in 0.0041639 seconds
Number of updated asset objects reloaded before import = 0Number of asset objects unloaded after import = 0

========================================================================
Received Import Request.
  Time since last request: 0.000023 seconds.
  path: Assets/TheraBytes/BetterUI/Runtime/Scripts/BetterUiElements/BetterScrollRect.cs
  artifactKey: Guid(c63d04e4b381f6d41a7b8358e94f2477) Importer(2089858483,192608db42251d675da83286b1cce702)
Start importing Assets/TheraBytes/BetterUI/Runtime/Scripts/BetterUiElements/BetterScrollRect.cs using Guid(c63d04e4b381f6d41a7b8358e94f2477) Importer(2089858483,192608db42251d675da83286b1cce702) (ScriptedImporter) -> (artifact id: '1b4d58ec9c8a9bf13c66e80d4ee17ad9') in 0.0054488 seconds
Number of updated asset objects reloaded before import = 0Number of asset objects unloaded after import = 1

========================================================================
Received Import Request.
  Time since last request: 0.000017 seconds.
  path: Assets/TheraBytes/BetterUI/Runtime/Resources/Materials/ColorOverlay_Overlay.mat
  artifactKey: Guid(bddb3f5c322946245b7eb02fcd1abb91) Importer(2089858483,192608db42251d675da83286b1cce702)
Start importing Assets/TheraBytes/BetterUI/Runtime/Resources/Materials/ColorOverlay_Overlay.mat using Guid(bddb3f5c322946245b7eb02fcd1abb91) Importer(2089858483,192608db42251d675da83286b1cce702) (ScriptedImporter) -> (artifact id: '8f330f640227b8ec685042bfc8a671a8') in 0.0050441 seconds
Number of updated asset objects reloaded before import = 0Number of asset objects unloaded after import = 1

========================================================================
Received Import Request.
  Time since last request: 0.000015 seconds.
  path: Assets/TheraBytes/BetterUI/Runtime/Scripts/BetterUiLayout/ResolutionSizer.cs
  artifactKey: Guid(b69864c2fb898184e9aec7d90d94304e) Importer(2089858483,192608db42251d675da83286b1cce702)
Start importing Assets/TheraBytes/BetterUI/Runtime/Scripts/BetterUiLayout/ResolutionSizer.cs using Guid(b69864c2fb898184e9aec7d90d94304e) Importer(2089858483,192608db42251d675da83286b1cce702) (ScriptedImporter) -> (artifact id: '99328b97f780d18fcf16ee00a821b93f') in 0.0050774 seconds
Number of updated asset objects reloaded before import = 0Number of asset objects unloaded after import = 0

========================================================================
Received Import Request.
  Time since last request: 0.000021 seconds.
  path: Assets/unity-ui-extensions/Scripts/Controls/ComboBox/DropDownList.cs
  artifactKey: Guid(7a00cad80d8a47b438b394bebe77d0d2) Importer(2089858483,192608db42251d675da83286b1cce702)
Start importing Assets/unity-ui-extensions/Scripts/Controls/ComboBox/DropDownList.cs using Guid(7a00cad80d8a47b438b394bebe77d0d2) Importer(2089858483,192608db42251d675da83286b1cce702) (ScriptedImporter) -> (artifact id: '7df60b8588c72c3334807f024735e523') in 0.0037438 seconds
Number of updated asset objects reloaded before import = 0Number of asset objects unloaded after import = 0

========================================================================
Received Import Request.
  Time since last request: 0.000038 seconds.
  path: Assets/TheraBytes/BetterUI/Runtime/Resources/Materials/ColorOverlay_Additive.mat
  artifactKey: Guid(39dc841024640234ebd134df350be24a) Importer(2089858483,192608db42251d675da83286b1cce702)
Start importing Assets/TheraBytes/BetterUI/Runtime/Resources/Materials/ColorOverlay_Additive.mat using Guid(39dc841024640234ebd134df350be24a) Importer(2089858483,192608db42251d675da83286b1cce702) (ScriptedImporter) -> (artifact id: '4b851d2d3732c02714c1bba97b5b6e8a') in 0.00468 seconds
Number of updated asset objects reloaded before import = 0Number of asset objects unloaded after import = 1

========================================================================
Received Import Request.
  Time since last request: 0.000020 seconds.
  path: Assets/TheraBytes/BetterUI/Runtime/Resources/Materials/HueSaturationBrightness_LinearDodge.mat
  artifactKey: Guid(5bfdd0e8aeda83f46bf49548ce5fb6ed) Importer(2089858483,192608db42251d675da83286b1cce702)
Start importing Assets/TheraBytes/BetterUI/Runtime/Resources/Materials/HueSaturationBrightness_LinearDodge.mat using Guid(5bfdd0e8aeda83f46bf49548ce5fb6ed) Importer(2089858483,192608db42251d675da83286b1cce702) (ScriptedImporter) -> (artifact id: '78ceafb94abf5abd093cc3d42c5554dc') in 0.0047846 seconds
Number of updated asset objects reloaded before import = 0Number of asset objects unloaded after import = 1

========================================================================
Received Import Request.
  Time since last request: 0.000018 seconds.
  path: Assets/unity-ui-extensions/Scripts/Utilities/Serialization/Non-Mono Classes/ObjectComponent.cs
  artifactKey: Guid(ab93d4079c9c0724f9855a7e549d3189) Importer(2089858483,192608db42251d675da83286b1cce702)
Start importing Assets/unity-ui-extensions/Scripts/Utilities/Serialization/Non-Mono Classes/ObjectComponent.cs using Guid(ab93d4079c9c0724f9855a7e549d3189) Importer(2089858483,192608db42251d675da83286b1cce702) (ScriptedImporter) -> (artifact id: '815cd510597d3c30310f9c358ac06aec') in 0.0041155 seconds
Number of updated asset objects reloaded before import = 0Number of asset objects unloaded after import = 0

========================================================================
Received Import Request.
  Time since last request: 0.000048 seconds.
  path: Assets/TheraBytes/BetterUI/Runtime/Scripts/BetterUiElements/BetterRawImage.cs
  artifactKey: Guid(6b757614bd4027546ad5f73e597e08b7) Importer(2089858483,192608db42251d675da83286b1cce702)
Start importing Assets/TheraBytes/BetterUI/Runtime/Scripts/BetterUiElements/BetterRawImage.cs using Guid(6b757614bd4027546ad5f73e597e08b7) Importer(2089858483,192608db42251d675da83286b1cce702) (ScriptedImporter) -> (artifact id: '23414f637564c2ec909dd98019e36be1') in 0.0043485 seconds
Number of updated asset objects reloaded before import = 0Number of asset objects unloaded after import = 1

========================================================================
Received Import Request.
  Time since last request: 0.000017 seconds.
  path: Assets/unity-ui-extensions/Scripts/Utilities/Serialization/Surrogates/Vector3Surrogate.cs
  artifactKey: Guid(b812bdab84e09a8478923cbe2b562d61) Importer(2089858483,192608db42251d675da83286b1cce702)
Start importing Assets/unity-ui-extensions/Scripts/Utilities/Serialization/Surrogates/Vector3Surrogate.cs using Guid(b812bdab84e09a8478923cbe2b562d61) Importer(2089858483,192608db42251d675da83286b1cce702) (ScriptedImporter) -> (artifact id: 'dc8418da2dedf1cce412ccf1ff1f067d') in 0.0038322 seconds
Number of updated asset objects reloaded before import = 0Number of asset objects unloaded after import = 0

========================================================================
Received Import Request.
  Time since last request: 0.000020 seconds.
  path: Assets/TheraBytes/BetterUI/Runtime/Scripts/BetterUiLayout/LocationAnimations.cs
  artifactKey: Guid(fbf511209ead75448bda470f26a3ea37) Importer(2089858483,192608db42251d675da83286b1cce702)
Start importing Assets/TheraBytes/BetterUI/Runtime/Scripts/BetterUiLayout/LocationAnimations.cs using Guid(fbf511209ead75448bda470f26a3ea37) Importer(2089858483,192608db42251d675da83286b1cce702) (ScriptedImporter) -> (artifact id: 'a27423f1292220f748753c754d994b88') in 0.0047525 seconds
Number of updated asset objects reloaded before import = 0Number of asset objects unloaded after import = 1

========================================================================
Received Import Request.
  Time since last request: 0.000022 seconds.
  path: Assets/unity-ui-extensions/Scripts/Controls/SelectionBox/ExampleSelectable.cs
  artifactKey: Guid(d0644987412a04edd8105e64bdd008b2) Importer(2089858483,192608db42251d675da83286b1cce702)
Start importing Assets/unity-ui-extensions/Scripts/Controls/SelectionBox/ExampleSelectable.cs using Guid(d0644987412a04edd8105e64bdd008b2) Importer(2089858483,192608db42251d675da83286b1cce702) (ScriptedImporter) -> (artifact id: '52913e3467ef7f64e385da204b3c6256') in 0.0036239 seconds
Number of updated asset objects reloaded before import = 0Number of asset objects unloaded after import = 0

========================================================================
Received Import Request.
  Time since last request: 0.000015 seconds.
  path: Assets/TheraBytes/BetterUI/Runtime/Scripts/BetterUiElements/BetterInputField.cs
  artifactKey: Guid(3b604e70dc2f85d46bf0c1dd0f9fd10a) Importer(2089858483,192608db42251d675da83286b1cce702)
Start importing Assets/TheraBytes/BetterUI/Runtime/Scripts/BetterUiElements/BetterInputField.cs using Guid(3b604e70dc2f85d46bf0c1dd0f9fd10a) Importer(2089858483,192608db42251d675da83286b1cce702) (ScriptedImporter) -> (artifact id: '7cab6b319859a274d0484999425db27a') in 0.0058868 seconds
Number of updated asset objects reloaded before import = 0Number of asset objects unloaded after import = 1

========================================================================
Received Import Request.
  Time since last request: 0.000016 seconds.
  path: Assets/TheraBytes/BetterUI/Runtime/Scripts/BetterUiLayout/TransformScaler.cs
  artifactKey: Guid(eb084b623b6a7eb47931bf032b234ad1) Importer(2089858483,192608db42251d675da83286b1cce702)
Start importing Assets/TheraBytes/BetterUI/Runtime/Scripts/BetterUiLayout/TransformScaler.cs using Guid(eb084b623b6a7eb47931bf032b234ad1) Importer(2089858483,192608db42251d675da83286b1cce702) (ScriptedImporter) -> (artifact id: '2858ba007eb638301a7f1efb326355e7') in 0.005108 seconds
Number of updated asset objects reloaded before import = 0Number of asset objects unloaded after import = 1

========================================================================
Received Import Request.
  Time since last request: 0.000017 seconds.
  path: Assets/unity-ui-extensions/Scripts/Utilities/Serialization/Surrogates/TransformSurrogate.cs
  artifactKey: Guid(c882de0bea6973f4fa729fa1dd81a99a) Importer(2089858483,192608db42251d675da83286b1cce702)
Start importing Assets/unity-ui-extensions/Scripts/Utilities/Serialization/Surrogates/TransformSurrogate.cs using Guid(c882de0bea6973f4fa729fa1dd81a99a) Importer(2089858483,192608db42251d675da83286b1cce702) (ScriptedImporter) -> (artifact id: 'a63d6ec4f3056a31ea830db715d9dbac') in 0.0033743 seconds
Number of updated asset objects reloaded before import = 0Number of asset objects unloaded after import = 0

========================================================================
Received Import Request.
  Time since last request: 0.000053 seconds.
  path: Assets/TheraBytes/BetterUI/Runtime/Scripts/Interfaces/IResolutionDependency.cs
  artifactKey: Guid(a870d4fbd16bfb74b9b7f8cca238ea0e) Importer(2089858483,192608db42251d675da83286b1cce702)
Start importing Assets/TheraBytes/BetterUI/Runtime/Scripts/Interfaces/IResolutionDependency.cs using Guid(a870d4fbd16bfb74b9b7f8cca238ea0e) Importer(2089858483,192608db42251d675da83286b1cce702) (ScriptedImporter) -> (artifact id: 'e745a13ef5f7b3f31760b40125f96e66') in 0.0038681 seconds
Number of updated asset objects reloaded before import = 0Number of asset objects unloaded after import = 0

========================================================================
Received Import Request.
  Time since last request: 0.000049 seconds.
  path: Assets/unity-ui-extensions/Scripts/Controls/ReorderableList/ReorderableListContent.cs
  artifactKey: Guid(252dd148b2c1dbe40b7d938a553e3caf) Importer(2089858483,192608db42251d675da83286b1cce702)
Start importing Assets/unity-ui-extensions/Scripts/Controls/ReorderableList/ReorderableListContent.cs using Guid(252dd148b2c1dbe40b7d938a553e3caf) Importer(2089858483,192608db42251d675da83286b1cce702) (ScriptedImporter) -> (artifact id: 'e4ec317f13f56c68084cfe1dc5ad3acc') in 0.003969 seconds
Number of updated asset objects reloaded before import = 0Number of asset objects unloaded after import = 0

========================================================================
Received Import Request.
  Time since last request: 0.000037 seconds.
  path: Assets/TheraBytes/BetterUI/Editor/Scripts/UiLayout/BetterAxisAlignedLayoutGroupEditor.cs
  artifactKey: Guid(4f32fa5598853954bb2a59e8d83bdf02) Importer(2089858483,192608db42251d675da83286b1cce702)
Start importing Assets/TheraBytes/BetterUI/Editor/Scripts/UiLayout/BetterAxisAlignedLayoutGroupEditor.cs using Guid(4f32fa5598853954bb2a59e8d83bdf02) Importer(2089858483,192608db42251d675da83286b1cce702) (ScriptedImporter) -> (artifact id: '8ca00e471dfd6eb5deb53510da9efe60') in 0.0053438 seconds
Number of updated asset objects reloaded before import = 0Number of asset objects unloaded after import = 0

========================================================================
Received Import Request.
  Time since last request: 0.000058 seconds.
  path: Assets/unity-ui-extensions/Scripts/Effects/ShaderEffects/UIMultiplyEffect.cs
  artifactKey: Guid(3a1216dfb98544e44afb7fb3abc093f2) Importer(2089858483,192608db42251d675da83286b1cce702)
Start importing Assets/unity-ui-extensions/Scripts/Effects/ShaderEffects/UIMultiplyEffect.cs using Guid(3a1216dfb98544e44afb7fb3abc093f2) Importer(2089858483,192608db42251d675da83286b1cce702) (ScriptedImporter) -> (artifact id: 'fd92d65a74c57fff1b2f6a3ce3e080de') in 0.0041328 seconds
Number of updated asset objects reloaded before import = 0Number of asset objects unloaded after import = 0

========================================================================
Received Import Request.
  Time since last request: 0.000048 seconds.
  path: Assets/TheraBytes/BetterUI/Editor/Scripts/UiLayout/LocationAnimationsEditor.cs
  artifactKey: Guid(123534b4a7e8a794fa13d2ed29b686a2) Importer(2089858483,192608db42251d675da83286b1cce702)
Start importing Assets/TheraBytes/BetterUI/Editor/Scripts/UiLayout/LocationAnimationsEditor.cs using Guid(123534b4a7e8a794fa13d2ed29b686a2) Importer(2089858483,192608db42251d675da83286b1cce702) (ScriptedImporter) -> (artifact id: 'ce137d970dfab882237dbc214181602f') in 0.0039026 seconds
Number of updated asset objects reloaded before import = 0Number of asset objects unloaded after import = 0

========================================================================
Received Import Request.
  Time since last request: 0.000028 seconds.
  path: Assets/TheraBytes/BetterUI/Editor/Icons/Resources/snap_to_childs_h.png
  artifactKey: Guid(c1cef49bc7d864f4e9c45c7f5f629ad2) Importer(2089858483,192608db42251d675da83286b1cce702)
Start importing Assets/TheraBytes/BetterUI/Editor/Icons/Resources/snap_to_childs_h.png using Guid(c1cef49bc7d864f4e9c45c7f5f629ad2) Importer(2089858483,192608db42251d675da83286b1cce702) (ScriptedImporter) -> (artifact id: '7d5a28378c0e6c977da0dd8fc65ca65e') in 0.0128799 seconds
Number of updated asset objects reloaded before import = 0Number of asset objects unloaded after import = 1

========================================================================
Received Import Request.
  Time since last request: 0.000020 seconds.
  path: Assets/TheraBytes/BetterUI/Editor/Scripts/ThirdParty/ReorderableList/IReorderableListAdaptor.cs
  artifactKey: Guid(a255cf98c12446540b9af39bae872fc5) Importer(2089858483,192608db42251d675da83286b1cce702)
Start importing Assets/TheraBytes/BetterUI/Editor/Scripts/ThirdParty/ReorderableList/IReorderableListAdaptor.cs using Guid(a255cf98c12446540b9af39bae872fc5) Importer(2089858483,192608db42251d675da83286b1cce702) (ScriptedImporter) -> (artifact id: '1ba4ab2cd829b3769be2c2eecb7da4ef') in 0.0042931 seconds
Number of updated asset objects reloaded before import = 0Number of asset objects unloaded after import = 0

========================================================================
Received Import Request.
  Time since last request: 0.000038 seconds.
  path: Assets/TheraBytes/BetterUI/Runtime/Scripts/BetterUiLayout/RectTransformData.cs
  artifactKey: Guid(512cc5633e7c4a44bb87e57ea449e960) Importer(2089858483,192608db42251d675da83286b1cce702)
Start importing Assets/TheraBytes/BetterUI/Runtime/Scripts/BetterUiLayout/RectTransformData.cs using Guid(512cc5633e7c4a44bb87e57ea449e960) Importer(2089858483,192608db42251d675da83286b1cce702) (ScriptedImporter) -> (artifact id: '00b949fdbf19ac6507e8a868a4a37e41') in 0.0045943 seconds
Number of updated asset objects reloaded before import = 0Number of asset objects unloaded after import = 0

========================================================================
Received Import Request.
  Time since last request: 0.000049 seconds.
  path: Assets/TheraBytes/BetterUI/Runtime/Scripts/BetterUiElements/BetterSelectable.cs
  artifactKey: Guid(03b2123599ba7d34cb675041d750546e) Importer(2089858483,192608db42251d675da83286b1cce702)
Start importing Assets/TheraBytes/BetterUI/Runtime/Scripts/BetterUiElements/BetterSelectable.cs using Guid(03b2123599ba7d34cb675041d750546e) Importer(2089858483,192608db42251d675da83286b1cce702) (ScriptedImporter) -> (artifact id: '7545cbc540e42d5d91915f6a75b62be1') in 0.0046885 seconds
Number of updated asset objects reloaded before import = 0Number of asset objects unloaded after import = 1

========================================================================
Received Import Request.
  Time since last request: 0.000017 seconds.
  path: Assets/TheraBytes/BetterUI/Runtime/Scripts/BetterUiLayout/ILayoutChildDependency.cs
  artifactKey: Guid(b874a58ee88dc8d42b688a550e66f4c3) Importer(2089858483,192608db42251d675da83286b1cce702)
Start importing Assets/TheraBytes/BetterUI/Runtime/Scripts/BetterUiLayout/ILayoutChildDependency.cs using Guid(b874a58ee88dc8d42b688a550e66f4c3) Importer(2089858483,192608db42251d675da83286b1cce702) (ScriptedImporter) -> (artifact id: '46c506dc20b9fba1151f5609e23f72fa') in 0.0038312 seconds
Number of updated asset objects reloaded before import = 0Number of asset objects unloaded after import = 0

========================================================================
Received Import Request.
  Time since last request: 0.000023 seconds.
  path: Assets/TheraBytes/BetterUI/Runtime/Scripts/BetterUiElements/InteractionArea.cs
  artifactKey: Guid(1f381873eeb561242ab6daa60c714da9) Importer(2089858483,192608db42251d675da83286b1cce702)
Start importing Assets/TheraBytes/BetterUI/Runtime/Scripts/BetterUiElements/InteractionArea.cs using Guid(1f381873eeb561242ab6daa60c714da9) Importer(2089858483,192608db42251d675da83286b1cce702) (ScriptedImporter) -> (artifact id: 'b5a3ecc9eaa85556d774b4e768f00078') in 0.0046767 seconds
Number of updated asset objects reloaded before import = 0Number of asset objects unloaded after import = 1

========================================================================
Received Import Request.
  Time since last request: 0.000019 seconds.
  path: Assets/TheraBytes/BetterUI/Runtime/Scripts/BetterUiElements/ValueDragger.cs
  artifactKey: Guid(346aaccc049be7741be287cf1408104a) Importer(2089858483,192608db42251d675da83286b1cce702)
Start importing Assets/TheraBytes/BetterUI/Runtime/Scripts/BetterUiElements/ValueDragger.cs using Guid(346aaccc049be7741be287cf1408104a) Importer(2089858483,192608db42251d675da83286b1cce702) (ScriptedImporter) -> (artifact id: '97f10a5106a055dc737907e70bd437f0') in 0.0051066 seconds
Number of updated asset objects reloaded before import = 0Number of asset objects unloaded after import = 1

========================================================================
Received Import Request.
  Time since last request: 0.000019 seconds.
  path: Assets/TheraBytes/BetterUI/Runtime/Resources/Materials/ColorOverlay_Multiply.mat
  artifactKey: Guid(acc23fe83dbd01948844148dc4339b86) Importer(2089858483,192608db42251d675da83286b1cce702)
Start importing Assets/TheraBytes/BetterUI/Runtime/Resources/Materials/ColorOverlay_Multiply.mat using Guid(acc23fe83dbd01948844148dc4339b86) Importer(2089858483,192608db42251d675da83286b1cce702) (ScriptedImporter) -> (artifact id: 'fccd703dd6d251fa6ff31206b03fef1e') in 0.0048281 seconds
Number of updated asset objects reloaded before import = 0Number of asset objects unloaded after import = 1

========================================================================
Received Import Request.
  Time since last request: 0.000018 seconds.
  path: Assets/Plugins/Demigiant/DOTween/Editor/Imgs/Header.jpg
  artifactKey: Guid(78a59ca99f8987941adb61f9e14a06a7) Importer(2089858483,192608db42251d675da83286b1cce702)
Start importing Assets/Plugins/Demigiant/DOTween/Editor/Imgs/Header.jpg using Guid(78a59ca99f8987941adb61f9e14a06a7) Importer(2089858483,192608db42251d675da83286b1cce702) (ScriptedImporter) -> (artifact id: '2fc8b24808cca6b7e4d679380f86f160') in 0.0116416 seconds
Number of updated asset objects reloaded before import = 0Number of asset objects unloaded after import = 1

========================================================================
Received Import Request.
  Time since last request: 0.000023 seconds.
  path: Assets/TheraBytes/BetterUI/Runtime/Resources/Materials/ColorOverlay_LinearDodge.mat
  artifactKey: Guid(901b9d47b383617458cac60992125a1b) Importer(2089858483,192608db42251d675da83286b1cce702)
Start importing Assets/TheraBytes/BetterUI/Runtime/Resources/Materials/ColorOverlay_LinearDodge.mat using Guid(901b9d47b383617458cac60992125a1b) Importer(2089858483,192608db42251d675da83286b1cce702) (ScriptedImporter) -> (artifact id: '18a1949d2c18a3c589a02facd32b0bc9') in 0.0068974 seconds
Number of updated asset objects reloaded before import = 0Number of asset objects unloaded after import = 1

========================================================================
Received Import Request.
  Time since last request: 0.000020 seconds.
  path: Assets/unity-ui-extensions/Scripts/Utilities/Serialization/Utilities/TypeSystem.cs
  artifactKey: Guid(ee3f0396a2ae70749a914a63018d074f) Importer(2089858483,192608db42251d675da83286b1cce702)
Start importing Assets/unity-ui-extensions/Scripts/Utilities/Serialization/Utilities/TypeSystem.cs using Guid(ee3f0396a2ae70749a914a63018d074f) Importer(2089858483,192608db42251d675da83286b1cce702) (ScriptedImporter) -> (artifact id: '17fb937874cc38773ef0e32959b1a438') in 0.003883 seconds
Number of updated asset objects reloaded before import = 0Number of asset objects unloaded after import = 0

========================================================================
Received Import Request.
  Time since last request: 0.000035 seconds.
  path: Assets/TheraBytes/BetterUI/Runtime/Scripts/BetterUiLayout/BetterAxisAlignedLayoutGroup.cs
  artifactKey: Guid(6b54b16f2fcdba244b49be1f398b6562) Importer(2089858483,192608db42251d675da83286b1cce702)
Start importing Assets/TheraBytes/BetterUI/Runtime/Scripts/BetterUiLayout/BetterAxisAlignedLayoutGroup.cs using Guid(6b54b16f2fcdba244b49be1f398b6562) Importer(2089858483,192608db42251d675da83286b1cce702) (ScriptedImporter) -> (artifact id: '4b8fa17d734bed9ba43cb12c95b15ce7') in 0.0042252 seconds
Number of updated asset objects reloaded before import = 0Number of asset objects unloaded after import = 1

========================================================================
Received Import Request.
  Time since last request: 0.000017 seconds.
  path: Assets/TheraBytes/BetterUI/Runtime/Resources/Materials/HueSaturationBrightness_Normal.mat
  artifactKey: Guid(693e6385dbc5a424c8bcc27a7ca81333) Importer(2089858483,192608db42251d675da83286b1cce702)
Start importing Assets/TheraBytes/BetterUI/Runtime/Resources/Materials/HueSaturationBrightness_Normal.mat using Guid(693e6385dbc5a424c8bcc27a7ca81333) Importer(2089858483,192608db42251d675da83286b1cce702) (ScriptedImporter) -> (artifact id: '6c7135c9e72a4d448b335c18475541bc') in 0.0053235 seconds
Number of updated asset objects reloaded before import = 0Number of asset objects unloaded after import = 1

========================================================================
Received Import Request.
  Time since last request: 0.000025 seconds.
  path: Assets/unity-ui-extensions/Scripts/Utilities/Serialization/Surrogates/QuaternionSurrogate.cs
  artifactKey: Guid(095b25ad2d34e594bb0fdafe57f1cdcf) Importer(2089858483,192608db42251d675da83286b1cce702)
Start importing Assets/unity-ui-extensions/Scripts/Utilities/Serialization/Surrogates/QuaternionSurrogate.cs using Guid(095b25ad2d34e594bb0fdafe57f1cdcf) Importer(2089858483,192608db42251d675da83286b1cce702) (ScriptedImporter) -> (artifact id: '553eed8b857a0d133ee99c71ea6639dd') in 0.0037108 seconds
Number of updated asset objects reloaded before import = 0Number of asset objects unloaded after import = 0

========================================================================
Received Import Request.
  Time since last request: 0.000086 seconds.
  path: Assets/Plugins/Demigiant/DOTween/Editor/Imgs/Footer_dark.png
  artifactKey: Guid(519694efe2bb2914788b151fbd8c01f4) Importer(2089858483,192608db42251d675da83286b1cce702)
Start importing Assets/Plugins/Demigiant/DOTween/Editor/Imgs/Footer_dark.png using Guid(519694efe2bb2914788b151fbd8c01f4) Importer(2089858483,192608db42251d675da83286b1cce702) (ScriptedImporter) -> (artifact id: '55974745ad3207ebe05aa2a9f6ef274c') in 0.0122751 seconds
Number of updated asset objects reloaded before import = 0Number of asset objects unloaded after import = 1

========================================================================
Received Import Request.
  Time since last request: 0.000040 seconds.
  path: Assets/TheraBytes/BetterUI/Runtime/Scripts/BetterUiElements/BetterSlider.cs
  artifactKey: Guid(ee7ee8733f4fb44469ce42a15823e8d6) Importer(2089858483,192608db42251d675da83286b1cce702)
Start importing Assets/TheraBytes/BetterUI/Runtime/Scripts/BetterUiElements/BetterSlider.cs using Guid(ee7ee8733f4fb44469ce42a15823e8d6) Importer(2089858483,192608db42251d675da83286b1cce702) (ScriptedImporter) -> (artifact id: '7563072e846db23a81a859e9d1f7eb9b') in 0.0042094 seconds
Number of updated asset objects reloaded before import = 0Number of asset objects unloaded after import = 1

========================================================================
Received Import Request.
  Time since last request: 0.000021 seconds.
  path: Assets/TheraBytes/BetterUI/Editor/Scripts/UiElements/BetterRawImageEditor.cs
  artifactKey: Guid(62bfeb84e8fd9af4cb64893c2aeeb5dc) Importer(2089858483,192608db42251d675da83286b1cce702)
Start importing Assets/TheraBytes/BetterUI/Editor/Scripts/UiElements/BetterRawImageEditor.cs using Guid(62bfeb84e8fd9af4cb64893c2aeeb5dc) Importer(2089858483,192608db42251d675da83286b1cce702) (ScriptedImporter) -> (artifact id: '5ca25a50feccd39ebca7417c32d822b8') in 0.0047822 seconds
Number of updated asset objects reloaded before import = 0Number of asset objects unloaded after import = 0

========================================================================
Received Import Request.
  Time since last request: 0.000048 seconds.
  path: Assets/TheraBytes/BetterUI/Editor/Scripts/Windows/SmartParentWindow.cs
  artifactKey: Guid(837f7a97be8550240809cd0347130506) Importer(2089858483,192608db42251d675da83286b1cce702)
Start importing Assets/TheraBytes/BetterUI/Editor/Scripts/Windows/SmartParentWindow.cs using Guid(837f7a97be8550240809cd0347130506) Importer(2089858483,192608db42251d675da83286b1cce702) (ScriptedImporter) -> (artifact id: '2edc15427df1ff781b07aad4ab53fb1f') in 0.0044643 seconds
Number of updated asset objects reloaded before import = 0Number of asset objects unloaded after import = 0

========================================================================
Received Import Request.
  Time since last request: 0.000016 seconds.
  path: Assets/TheraBytes/BetterUI/Editor/Icons/Resources/snap_to_childs_v.png
  artifactKey: Guid(0d813229cf5e4b6449d2ae27d5479954) Importer(2089858483,192608db42251d675da83286b1cce702)
Start importing Assets/TheraBytes/BetterUI/Editor/Icons/Resources/snap_to_childs_v.png using Guid(0d813229cf5e4b6449d2ae27d5479954) Importer(2089858483,192608db42251d675da83286b1cce702) (ScriptedImporter) -> (artifact id: '42ea0de4cacc602d14513e61e9649b85') in 0.0089893 seconds
Number of updated asset objects reloaded before import = 0Number of asset objects unloaded after import = 1

========================================================================
Received Import Request.
  Time since last request: 0.000017 seconds.
  path: Assets/unity-ui-extensions/Scripts/Controls/ColorPicker/ColorSliderImage.cs
  artifactKey: Guid(cd3cce5a27f2db94fa394c4719bddecd) Importer(2089858483,192608db42251d675da83286b1cce702)
Start importing Assets/unity-ui-extensions/Scripts/Controls/ColorPicker/ColorSliderImage.cs using Guid(cd3cce5a27f2db94fa394c4719bddecd) Importer(2089858483,192608db42251d675da83286b1cce702) (ScriptedImporter) -> (artifact id: '65e5f85c50659f6528d17c5ac59e6b76') in 0.0035715 seconds
Number of updated asset objects reloaded before import = 0Number of asset objects unloaded after import = 0

========================================================================
Received Import Request.
  Time since last request: 0.000021 seconds.
  path: Assets/TheraBytes/BetterUI/Runtime/Resources/Materials/Grayscale_Normal.mat
  artifactKey: Guid(de76183b7331d044d9f9c34e97e2f62b) Importer(2089858483,192608db42251d675da83286b1cce702)
Start importing Assets/TheraBytes/BetterUI/Runtime/Resources/Materials/Grayscale_Normal.mat using Guid(de76183b7331d044d9f9c34e97e2f62b) Importer(2089858483,192608db42251d675da83286b1cce702) (ScriptedImporter) -> (artifact id: '8d646e88ab666d4ce77f2966e11daf6a') in 0.0046796 seconds
Number of updated asset objects reloaded before import = 0Number of asset objects unloaded after import = 1

========================================================================
Received Import Request.
  Time since last request: 0.144429 seconds.
  path: Assets/TheraBytes/BetterUI/Editor/Scripts/ThirdParty/ReorderableList/ReorderableListFlags.cs
  artifactKey: Guid(3ada5184e62929e49bf744627300d218) Importer(2089858483,192608db42251d675da83286b1cce702)
Start importing Assets/TheraBytes/BetterUI/Editor/Scripts/ThirdParty/ReorderableList/ReorderableListFlags.cs using Guid(3ada5184e62929e49bf744627300d218) Importer(2089858483,192608db42251d675da83286b1cce702) (ScriptedImporter) -> (artifact id: 'b7398ae8a0efa559259dbc36c5466ff2') in 0.0047198 seconds
Number of updated asset objects reloaded before import = 0Number of asset objects unloaded after import = 0

========================================================================
Received Import Request.
  Time since last request: 0.000025 seconds.
  path: Assets/TheraBytes/BetterUI/Editor/Scripts/Wizard/WizardFramework/PageElements/UnserializedButtonPageElement.cs
  artifactKey: Guid(18c8724ec541db34a9ddf3b0d88e55d5) Importer(2089858483,192608db42251d675da83286b1cce702)
Start importing Assets/TheraBytes/BetterUI/Editor/Scripts/Wizard/WizardFramework/PageElements/UnserializedButtonPageElement.cs using Guid(18c8724ec541db34a9ddf3b0d88e55d5) Importer(2089858483,192608db42251d675da83286b1cce702) (ScriptedImporter) -> (artifact id: '250c8f2e521b2bf25245db111edb7c5c') in 0.0149996 seconds
Number of updated asset objects reloaded before import = 0Number of asset objects unloaded after import = 0

========================================================================
Received Import Request.
  Time since last request: 0.000031 seconds.
  path: Assets/TheraBytes/BetterUI/Editor/Scripts/Wizard/Pages/ExampleScenesPage.cs
  artifactKey: Guid(a53b879ed637b7a479f74b24c5ecec12) Importer(2089858483,192608db42251d675da83286b1cce702)
Start importing Assets/TheraBytes/BetterUI/Editor/Scripts/Wizard/Pages/ExampleScenesPage.cs using Guid(a53b879ed637b7a479f74b24c5ecec12) Importer(2089858483,192608db42251d675da83286b1cce702) (ScriptedImporter) -> (artifact id: '1182234956411880cf804aa8ed05511d') in 0.0037678 seconds
Number of updated asset objects reloaded before import = 0Number of asset objects unloaded after import = 0

========================================================================
Received Import Request.
  Time since last request: 0.000035 seconds.
  path: Assets/TheraBytes/BetterUI/Editor/Scripts/ThirdParty/ReorderableList/Element Adder Menu/IElementAdderMenu.cs
  artifactKey: Guid(26c2f899d5c3c724ca87ed616ed34635) Importer(2089858483,192608db42251d675da83286b1cce702)
Start importing Assets/TheraBytes/BetterUI/Editor/Scripts/ThirdParty/ReorderableList/Element Adder Menu/IElementAdderMenu.cs using Guid(26c2f899d5c3c724ca87ed616ed34635) Importer(2089858483,192608db42251d675da83286b1cce702) (ScriptedImporter) -> (artifact id: '5a721958c39548a2dbe0f925cbdb5fb5') in 0.0048061 seconds
Number of updated asset objects reloaded before import = 0Number of asset objects unloaded after import = 0

========================================================================
Received Import Request.
  Time since last request: 0.000038 seconds.
  path: Assets/TheraBytes/BetterUI/Runtime/Scripts/BetterUiLayout/SizeModifiers/Vector3SizeModifier.cs
  artifactKey: Guid(95af1a84896626c46ae9040c36482ba1) Importer(2089858483,192608db42251d675da83286b1cce702)
Start importing Assets/TheraBytes/BetterUI/Runtime/Scripts/BetterUiLayout/SizeModifiers/Vector3SizeModifier.cs using Guid(95af1a84896626c46ae9040c36482ba1) Importer(2089858483,192608db42251d675da83286b1cce702) (ScriptedImporter) -> (artifact id: 'f9617f98e81711bd0deda06ca67e3f6d') in 0.0040694 seconds
Number of updated asset objects reloaded before import = 0Number of asset objects unloaded after import = 0

========================================================================
Received Import Request.
  Time since last request: 0.000030 seconds.
  path: Assets/TheraBytes/BetterUI/Runtime/Scripts/BetterUiElements/Transitions/SpriteSwapTransitions.cs
  artifactKey: Guid(0c9a82fd5e6f2d849904d22aad6bcc9a) Importer(2089858483,192608db42251d675da83286b1cce702)
Start importing Assets/TheraBytes/BetterUI/Runtime/Scripts/BetterUiElements/Transitions/SpriteSwapTransitions.cs using Guid(0c9a82fd5e6f2d849904d22aad6bcc9a) Importer(2089858483,192608db42251d675da83286b1cce702) (ScriptedImporter) -> (artifact id: 'eb8131207c912eb72b49c87a4ba96988') in 0.0045244 seconds
Number of updated asset objects reloaded before import = 0Number of asset objects unloaded after import = 0

========================================================================
Received Import Request.
  Time since last request: 0.000043 seconds.
  path: Assets/TheraBytes/BetterUI/Runtime/Scripts/Utils/ScreenType/IScreenTypeCheck.cs
  artifactKey: Guid(a53c90477448b3640bdaec4706756b7f) Importer(2089858483,192608db42251d675da83286b1cce702)
Start importing Assets/TheraBytes/BetterUI/Runtime/Scripts/Utils/ScreenType/IScreenTypeCheck.cs using Guid(a53c90477448b3640bdaec4706756b7f) Importer(2089858483,192608db42251d675da83286b1cce702) (ScriptedImporter) -> (artifact id: '8615dfd3e747069c2714713210fa634d') in 0.0039112 seconds
Number of updated asset objects reloaded before import = 0Number of asset objects unloaded after import = 0

========================================================================
Received Import Request.
  Time since last request: 0.000021 seconds.
  path: Assets/TheraBytes/BetterUI/Editor/Scripts/ThirdParty/ReorderableList/ReorderableListStyles.cs
  artifactKey: Guid(d175c87f9ff104447b9374aa036e9210) Importer(2089858483,192608db42251d675da83286b1cce702)
Start importing Assets/TheraBytes/BetterUI/Editor/Scripts/ThirdParty/ReorderableList/ReorderableListStyles.cs using Guid(d175c87f9ff104447b9374aa036e9210) Importer(2089858483,192608db42251d675da83286b1cce702) (ScriptedImporter) -> (artifact id: 'f4c5a50a2dd49c51e9ed5947ddc82f74') in 0.0037361 seconds
Number of updated asset objects reloaded before import = 0Number of asset objects unloaded after import = 0

========================================================================
Received Import Request.
  Time since last request: 0.000042 seconds.
  path: Assets/TheraBytes/BetterUI/Editor/Scripts/Wizard/Pages/RefreshingPage.cs
  artifactKey: Guid(03e4e32d9f63d0d4f98be83ed783bd6f) Importer(2089858483,192608db42251d675da83286b1cce702)
Start importing Assets/TheraBytes/BetterUI/Editor/Scripts/Wizard/Pages/RefreshingPage.cs using Guid(03e4e32d9f63d0d4f98be83ed783bd6f) Importer(2089858483,192608db42251d675da83286b1cce702) (ScriptedImporter) -> (artifact id: 'bb56baee2120a909227a1884c7eb8b52') in 0.0045854 seconds
Number of updated asset objects reloaded before import = 0Number of asset objects unloaded after import = 0

========================================================================
Received Import Request.
  Time since last request: 0.000054 seconds.
  path: Assets/TheraBytes/BetterUI/Editor/Scripts/Wizard/WizardFramework/PageElements/InfoWithButtonWizardPageElement.cs
  artifactKey: Guid(408f0b928b663884296ac5d5f881e490) Importer(2089858483,192608db42251d675da83286b1cce702)
Start importing Assets/TheraBytes/BetterUI/Editor/Scripts/Wizard/WizardFramework/PageElements/InfoWithButtonWizardPageElement.cs using Guid(408f0b928b663884296ac5d5f881e490) Importer(2089858483,192608db42251d675da83286b1cce702) (ScriptedImporter) -> (artifact id: 'c85d1b14cb1e95133a958d63b78c965b') in 0.0048257 seconds
Number of updated asset objects reloaded before import = 0Number of asset objects unloaded after import = 0

========================================================================
Received Import Request.
  Time since last request: 0.000016 seconds.
  path: Assets/TheraBytes/BetterUI/Editor/Scripts/Wizard/Pages/AssemblyDefinitionsPage.cs
  artifactKey: Guid(e0f3b03aebbe02d48955de9f03fe4642) Importer(2089858483,192608db42251d675da83286b1cce702)
Start importing Assets/TheraBytes/BetterUI/Editor/Scripts/Wizard/Pages/AssemblyDefinitionsPage.cs using Guid(e0f3b03aebbe02d48955de9f03fe4642) Importer(2089858483,192608db42251d675da83286b1cce702) (ScriptedImporter) -> (artifact id: 'af9d89cf2b09f4a715dfc7e9d9e3c913') in 0.0055191 seconds
Number of updated asset objects reloaded before import = 0Number of asset objects unloaded after import = 0

========================================================================
Received Import Request.
  Time since last request: 0.000030 seconds.
  path: Assets/TheraBytes/BetterUI/Editor/Scripts/Wizard/Pages/ToolsPage.cs
  artifactKey: Guid(7b62bc17eaf280447ac6d43181f55321) Importer(2089858483,192608db42251d675da83286b1cce702)
Start importing Assets/TheraBytes/BetterUI/Editor/Scripts/Wizard/Pages/ToolsPage.cs using Guid(7b62bc17eaf280447ac6d43181f55321) Importer(2089858483,192608db42251d675da83286b1cce702) (ScriptedImporter) -> (artifact id: '87762648a7f3d2b5557c56768212947f') in 0.0043095 seconds
Number of updated asset objects reloaded before import = 0Number of asset objects unloaded after import = 0

========================================================================
Received Import Request.
  Time since last request: 0.000020 seconds.
  path: Assets/TheraBytes/BetterUI/Editor/Scripts/Wizard/WizardFramework/PageElements/CustomWizardPageElement.cs
  artifactKey: Guid(f478fbd47410cbf4fa61756fd0c0300a) Importer(2089858483,192608db42251d675da83286b1cce702)
Start importing Assets/TheraBytes/BetterUI/Editor/Scripts/Wizard/WizardFramework/PageElements/CustomWizardPageElement.cs using Guid(f478fbd47410cbf4fa61756fd0c0300a) Importer(2089858483,192608db42251d675da83286b1cce702) (ScriptedImporter) -> (artifact id: '312ae49a2109b0a112856436df6ec969') in 0.0040556 seconds
Number of updated asset objects reloaded before import = 0Number of asset objects unloaded after import = 0

========================================================================
Received Import Request.
  Time since last request: 0.000027 seconds.
  path: Assets/TheraBytes/BetterUI/Editor/Scripts/ThirdParty/ReorderableList/Element Adder Menu/ElementAdderMeta.cs
  artifactKey: Guid(e9ef6e707442368408c1f63c13a8953e) Importer(2089858483,192608db42251d675da83286b1cce702)
Start importing Assets/TheraBytes/BetterUI/Editor/Scripts/ThirdParty/ReorderableList/Element Adder Menu/ElementAdderMeta.cs using Guid(e9ef6e707442368408c1f63c13a8953e) Importer(2089858483,192608db42251d675da83286b1cce702) (ScriptedImporter) -> (artifact id: '80d3437d47079b889b99ffa75005bf96') in 0.0041201 seconds
Number of updated asset objects reloaded before import = 0Number of asset objects unloaded after import = 0

========================================================================
Received Import Request.
  Time since last request: 0.000046 seconds.
  path: Assets/TheraBytes/BetterUI/Editor/Scripts/Wizard/Pages/ThirdPartySupportPage.cs
  artifactKey: Guid(8e125d9306c7d5f41b9b921eaab0fb1a) Importer(2089858483,192608db42251d675da83286b1cce702)
Start importing Assets/TheraBytes/BetterUI/Editor/Scripts/Wizard/Pages/ThirdPartySupportPage.cs using Guid(8e125d9306c7d5f41b9b921eaab0fb1a) Importer(2089858483,192608db42251d675da83286b1cce702) (ScriptedImporter) -> (artifact id: 'e223c5abd0abb7245467468705ca7e05') in 0.0038901 seconds
Number of updated asset objects reloaded before import = 0Number of asset objects unloaded after import = 0

========================================================================
Received Import Request.
  Time since last request: 0.000041 seconds.
  path: Assets/TheraBytes/BetterUI/Editor/Scripts/ThirdParty/ReorderableList/Element Adder Menu/ElementAdderMenuCommandAttribute.cs
  artifactKey: Guid(c6692dc7278c41040b20c5d595942b10) Importer(2089858483,192608db42251d675da83286b1cce702)
Start importing Assets/TheraBytes/BetterUI/Editor/Scripts/ThirdParty/ReorderableList/Element Adder Menu/ElementAdderMenuCommandAttribute.cs using Guid(c6692dc7278c41040b20c5d595942b10) Importer(2089858483,192608db42251d675da83286b1cce702) (ScriptedImporter) -> (artifact id: '80f0d8f2445c16e6376231193d2a38e1') in 0.0039528 seconds
Number of updated asset objects reloaded before import = 0Number of asset objects unloaded after import = 0

========================================================================
Received Import Request.
  Time since last request: 0.000044 seconds.
  path: Assets/TheraBytes/BetterUI/Editor/Scripts/Windows/AlignDistribute/Utility.cs
  artifactKey: Guid(261eee2985d31d04db441fd8ae9cc61e) Importer(2089858483,192608db42251d675da83286b1cce702)
Start importing Assets/TheraBytes/BetterUI/Editor/Scripts/Windows/AlignDistribute/Utility.cs using Guid(261eee2985d31d04db441fd8ae9cc61e) Importer(2089858483,192608db42251d675da83286b1cce702) (ScriptedImporter) -> (artifact id: '50330dcfb0985cc6a94d62498fa36d14') in 0.0034509 seconds
Number of updated asset objects reloaded before import = 0Number of asset objects unloaded after import = 0

========================================================================
Received Import Request.
  Time since last request: 0.000029 seconds.
  path: Assets/TheraBytes/BetterUI/Editor/Scripts/Windows/AlignDistribute/Distribute.cs
  artifactKey: Guid(dfbf38c017111df48bc326a201af8428) Importer(2089858483,192608db42251d675da83286b1cce702)
Start importing Assets/TheraBytes/BetterUI/Editor/Scripts/Windows/AlignDistribute/Distribute.cs using Guid(dfbf38c017111df48bc326a201af8428) Importer(2089858483,192608db42251d675da83286b1cce702) (ScriptedImporter) -> (artifact id: '5f4f295f4c083ae5dcd87a58807d2f54') in 0.0036402 seconds
Number of updated asset objects reloaded before import = 0Number of asset objects unloaded after import = 0

Editor requested this worker to shutdown with reason: Scaling down because of idle timeout
AssetImportWorker is now disconnected from the server
Process exiting
Exiting without the bug reporter. Application will terminate with return code 0