[Licensing::Module] Trying to connect to existing licensing client channel...
Built from '6000.2/respin/6000.2.8f1-e4064264ae96' branch; Version is '6000.2.8f1 (c9992ac36c34) revision 13211946'; Using compiler version '194234433'; Build Type 'Release'
[Licensing::IpcConnector] Successfully connected to: "LicenseClient-Alex" at "2025-10-22T13:32:24.3006151Z"
OS: 'Windows 10  (10.0.19045) 64bit Education' Language: 'en' Physical Memory: 14188 MB
BatchMode: 1, IsHumanControllingUs: 0, StartBugReporterOnCrash: 0, Is64bit: 1
Date: 2025-10-22T13:32:24Z

COMMAND LINE ARGUMENTS:
C:\Program Files\Unity\Hub\Editor\6000.2.8f1\Editor\Unity.exe
-adb2
-batchMode
-noUpm
-name
AssetImportWorker0
-projectPath
C:/Projects/IMadeABug/NextGame
-logFile
Logs/AssetImportWorker0.log
-srvPort
51185
-licensingIpc
LicenseClient-Alex
-job-worker-count
7
-background-job-worker-count
8
-gc-helper-count
1
-name
AssetImport
Successfully changed project path to: C:/Projects/IMadeABug/NextGame
C:/Projects/IMadeABug/NextGame
[UnityMemory] Configuration Parameters - Can be set up in boot.config
    "memorysetup-allocator-temp-initial-block-size-main=262144"
    "memorysetup-allocator-temp-initial-block-size-worker=262144"
    "memorysetup-bucket-allocator-granularity=16"
    "memorysetup-bucket-allocator-bucket-count=8"
    "memorysetup-bucket-allocator-block-size=33554432"
    "memorysetup-bucket-allocator-block-count=8"
    "memorysetup-main-allocator-block-size=16777216"
    "memorysetup-thread-allocator-block-size=16777216"
    "memorysetup-gfx-main-allocator-block-size=16777216"
    "memorysetup-gfx-thread-allocator-block-size=16777216"
    "memorysetup-cache-allocator-block-size=4194304"
    "memorysetup-typetree-allocator-block-size=2097152"
    "memorysetup-profiler-bucket-allocator-granularity=16"
    "memorysetup-profiler-bucket-allocator-bucket-count=8"
    "memorysetup-profiler-bucket-allocator-block-size=33554432"
    "memorysetup-profiler-bucket-allocator-block-count=8"
    "memorysetup-profiler-allocator-block-size=16777216"
    "memorysetup-profiler-editor-allocator-block-size=1048576"
    "memorysetup-temp-allocator-size-main=16777216"
    "memorysetup-job-temp-allocator-block-size=2097152"
    "memorysetup-job-temp-allocator-block-size-background=1048576"
    "memorysetup-job-temp-allocator-reduction-small-platforms=262144"
    "memorysetup-temp-allocator-size-background-worker=32768"
    "memorysetup-temp-allocator-size-job-worker=262144"
    "memorysetup-temp-allocator-size-preload-manager=33554432"
    "memorysetup-temp-allocator-size-nav-mesh-worker=65536"
    "memorysetup-temp-allocator-size-audio-worker=65536"
    "memorysetup-temp-allocator-size-cloud-worker=32768"
    "memorysetup-temp-allocator-size-gi-baking-worker=262144"
    "memorysetup-temp-allocator-size-gi-baking-worker=262144"
    "memorysetup-temp-allocator-size-gi-baking-worker=262144"
    "memorysetup-temp-allocator-size-gi-baking-worker=262144"
    "memorysetup-temp-allocator-size-gi-baking-worker=262144"
    "memorysetup-temp-allocator-size-gfx=262144"
Player connection [4676]  Target information:

Player connection [4676]  * "[IP] 192.168.1.112 [Port] 0 [Flags] 2 [Guid] 3242721528 [EditorId] 3242721528 [Version] 1048832 [Id] WindowsEditor(7,DESKTOP-03TCB66) [Debug] 1 [PackageName] WindowsEditor [ProjectName] Editor" 

Player connection [4676] Host joined multi-casting on [225.0.0.222:54997]...
Player connection [4676] Host joined alternative multi-casting on [225.0.0.222:34997]...
JobSystem: Creating JobQueue using job-worker-count value 7
Input System module state changed to: Initialized.
[Physics::Module] Initialized fallback backend.
[Physics::Module] Id: 0xdecafbad
[Licensing::Client] Code 10 while verifying Licensing Client signature (process Id: 1460, path: "C:/Program Files/Unity Hub/UnityLicensingClient_V1/Unity.Licensing.Client.exe")
[Licensing::Module] LicensingClient has failed validation; ignoring
[Licensing::Client] Handshaking with LicensingClient:
  Version:                 1.17.3+a4e98f1
  Session Id:              cca8c1d70bc8438c94443cf2b57239b3
  Correlation Id:          88772166087d9d6a352cee585c3cebb5
  External correlation Id: 5491183468622044367
  Machine Id:              71G6J/UZ86scWB+dwwiFx5AVkFw=
[Licensing::Module] Successfully connected to LicensingClient on channel: "LicenseClient-Alex" (connect: 0.00s, validation: 0.00s, handshake: 0.03s)
[Licensing::IpcConnector] Successfully connected to: "LicenseClient-Alex-notifications" at "2025-10-22T13:32:24.3324777Z"
[Licensing::Module] Licensing Background thread has ended after 0.03s
Library Redirect Path: Library/
[Physics::Module] Selected backend.
[Physics::Module] Name: PhysX
[Physics::Module] Id: 0xf2b8ea05
[Physics::Module] SDK Version: 4.1.2
[Physics::Module] Integration Version: 1.0.0
[Physics::Module] Threading Mode: Multi-Threaded
ETC Legacy compression has been deprecated and will be removed in a future release. You can review compressors in "Project Settings > Editor > Texture Compressors".
[Licensing::Client] Successfully resolved entitlement details
[Licensing::Module] License group:
  Id: 6872212463810-UnityPersXXXX
  Product: Unity Personal
  Type: Assigned
  Expiration: Unlimited
Refreshing native plugins compatible for Editor in 10.22 ms, found 2 plugins.
Preloading 0 native plugins for Editor in 0.00 ms.
Initialize engine version: 6000.2.8f1 (c9992ac36c34)
[Subsystems] Discovering subsystems at path C:/Program Files/Unity/Hub/Editor/6000.2.8f1/Editor/Data/Resources/UnitySubsystems
[Subsystems] Discovering subsystems at path C:/Projects/IMadeABug/NextGame/Assets
GfxDevice: creating device client; kGfxThreadingModeNonThreaded
Direct3D:
    Version:  Direct3D 11.0 [level 11.1]
    Renderer: NVIDIA GeForce RTX 3050 Laptop GPU (ID=0x25a2)
    Vendor:   NVIDIA
    VRAM:     3965 MB
    Driver:   32.0.15.6603
Initialize mono
Mono path[0] = 'C:/Program Files/Unity/Hub/Editor/6000.2.8f1/Editor/Data/Managed'
Mono path[1] = 'C:/Program Files/Unity/Hub/Editor/6000.2.8f1/Editor/Data/MonoBleedingEdge/lib/mono/unityjit-win32'
Mono config path = 'C:/Program Files/Unity/Hub/Editor/6000.2.8f1/Editor/Data/MonoBleedingEdge/etc'
Using monoOptions --debugger-agent=transport=dt_socket,embedding=1,server=y,suspend=n,address=127.0.0.1:56816
Begin MonoManager ReloadAssembly
Registering precompiled unity dll's ...
Register platform support module: C:/Program Files/Unity/Hub/Editor/6000.2.8f1/Editor/Data/PlaybackEngines/WindowsStandaloneSupport/UnityEditor.WindowsStandalone.Extensions.dll
Register platform support module: C:/Program Files/Unity/Hub/Editor/6000.2.8f1/Editor/Data/PlaybackEngines/AndroidPlayer/UnityEditor.Android.Extensions.dll
[Licensing::Client] Successfully resolved entitlement details
Register platform support module: C:/Program Files/Unity/Hub/Editor/6000.2.8f1/Editor/Data/PlaybackEngines/iOSSupport/UnityEditor.iOS.Extensions.dll
Registered in 0.004265 seconds.
- Loaded All Assemblies, in  0.404 seconds
[usbmuxd] Start listen thread
[usbmuxd] Listen thread started
Native extension for iOS target not found
Native extension for Android target not found
Android Extension - Scanning For ADB Devices 277 ms
Native extension for WindowsStandalone target not found
Mono: successfully reloaded assembly
- Finished resetting the current domain, in  0.691 seconds
Domain Reload Profiling: 1092ms
	BeginReloadAssembly (129ms)
		ExecutionOrderSort (0ms)
		DisableScriptedObjects (0ms)
		BackupInstance (0ms)
		ReleaseScriptingObjects (0ms)
		CreateAndSetChildDomain (1ms)
	RebuildCommonClasses (36ms)
	RebuildNativeTypeToScriptingClass (12ms)
	initialDomainReloadingComplete (52ms)
	LoadAllAssembliesAndSetupDomain (171ms)
		LoadAssemblies (127ms)
		RebuildTransferFunctionScriptingTraits (0ms)
		AnalyzeDomain (167ms)
			TypeCache.Refresh (166ms)
				TypeCache.ScanAssembly (153ms)
			BuildScriptInfoCaches (0ms)
			ResolveRequiredComponents (0ms)
	FinalizeReload (691ms)
		ReleaseScriptCaches (0ms)
		RebuildScriptCaches (0ms)
		SetupLoadedEditorAssemblies (652ms)
			LogAssemblyErrors (0ms)
			InitializePlatformSupportModulesInManaged (391ms)
			SetLoadedEditorAssemblies (4ms)
			BeforeProcessingInitializeOnLoad (70ms)
			ProcessInitializeOnLoadAttributes (127ms)
			ProcessInitializeOnLoadMethodAttributes (60ms)
			AfterProcessingInitializeOnLoad (0ms)
			EditorAssembliesLoaded (0ms)
		ExecutionOrderSort2 (0ms)
		AwakeInstancesAfterBackupRestoration (0ms)
========================================================================
Worker process is ready to serve import requests
Import Worker Mode flag is 0x00
Begin MonoManager ReloadAssembly
[Licensing::Client] Successfully resolved entitlement details
Symbol file LoadedFromMemory is not a mono symbol file
- Loaded All Assemblies, in  0.802 seconds
Refreshing native plugins compatible for Editor in 8.80 ms, found 2 plugins.
Native extension for iOS target not found
Native extension for Android target not found
Native extension for WindowsStandalone target not found
Package Manager log level set to [2]
[Package Manager] Failed to launch server process. Reason: Unity was launched with the -noUpm command-line argument
[Package Manager] Unable to send message (not connected to server process).
[Package Manager] Cannot connect to Unity Package Manager local server
Mono: successfully reloaded assembly
- Finished resetting the current domain, in  0.787 seconds
Domain Reload Profiling: 1584ms
	BeginReloadAssembly (229ms)
		ExecutionOrderSort (0ms)
		DisableScriptedObjects (9ms)
		BackupInstance (0ms)
		ReleaseScriptingObjects (0ms)
		CreateAndSetChildDomain (39ms)
	RebuildCommonClasses (37ms)
	RebuildNativeTypeToScriptingClass (12ms)
	initialDomainReloadingComplete (44ms)
	LoadAllAssembliesAndSetupDomain (475ms)
		LoadAssemblies (450ms)
		RebuildTransferFunctionScriptingTraits (0ms)
		AnalyzeDomain (160ms)
			TypeCache.Refresh (118ms)
				TypeCache.ScanAssembly (100ms)
			BuildScriptInfoCaches (34ms)
			ResolveRequiredComponents (5ms)
	FinalizeReload (787ms)
		ReleaseScriptCaches (0ms)
		RebuildScriptCaches (0ms)
		SetupLoadedEditorAssemblies (644ms)
			LogAssemblyErrors (0ms)
			InitializePlatformSupportModulesInManaged (14ms)
			SetLoadedEditorAssemblies (5ms)
			BeforeProcessingInitializeOnLoad (151ms)
			ProcessInitializeOnLoadAttributes (306ms)
			ProcessInitializeOnLoadMethodAttributes (160ms)
			AfterProcessingInitializeOnLoad (6ms)
			EditorAssembliesLoaded (0ms)
		ExecutionOrderSort2 (0ms)
		AwakeInstancesAfterBackupRestoration (7ms)
ETC Legacy compression has been deprecated and will be removed in a future release. You can review compressors in "Project Settings > Editor > Texture Compressors".
Launched and connected shader compiler UnityShaderCompiler.exe after 0.01 seconds
Refreshing native plugins compatible for Editor in 9.74 ms, found 2 plugins.
Preloading 0 native plugins for Editor in 0.00 ms.
Unloading 0 Unused Serialized files (Serialized files now loaded: 0)
Unloading 3386 unused Assets / (1.5 MB). Loaded Objects now: 3833.
Memory consumption went from 81.9 MB to 80.4 MB.
Total: 12.048500 ms (FindLiveObjects: 0.408900 ms CreateObjectMapping: 0.204800 ms MarkObjects: 9.450200 ms  DeleteObjects: 1.980500 ms)

========================================================================
Received Import Request.
  Time since last request: 1836.755682 seconds.
  path: Assets/Plugins/iOS/GADUNativeCustomTemplateAd.m
  artifactKey: Guid(326a0c600b62e45dea56e60d0167513d) Importer(2089858483,192608db42251d675da83286b1cce702)
Start importing Assets/Plugins/iOS/GADUNativeCustomTemplateAd.m using Guid(326a0c600b62e45dea56e60d0167513d) Importer(2089858483,192608db42251d675da83286b1cce702) (ScriptedImporter) -> (artifact id: '21c367dff1f2bdfa7fb1e83182158cc0') in 0.0941306 seconds
Number of updated asset objects reloaded before import = 0Number of asset objects unloaded after import = 0

========================================================================
Received Import Request.
  Time since last request: 0.000022 seconds.
  path: Assets/Plugins/iOS/GADUAdNetworkExtras.h
  artifactKey: Guid(a13595788fd634814a974499ebe9579e) Importer(2089858483,192608db42251d675da83286b1cce702)
Start importing Assets/Plugins/iOS/GADUAdNetworkExtras.h using Guid(a13595788fd634814a974499ebe9579e) Importer(2089858483,192608db42251d675da83286b1cce702) (ScriptedImporter) -> (artifact id: 'e65c812b2bdf16566ed33447b0e8a652') in 0.0077762 seconds
Number of updated asset objects reloaded before import = 0Number of asset objects unloaded after import = 0

========================================================================
Received Import Request.
  Time since last request: 0.000039 seconds.
  path: Assets/Materials/pointingArrows (1).png
  artifactKey: Guid(d77fc7f27d76a9643ad4a52d60a8b45b) Importer(2089858483,192608db42251d675da83286b1cce702)
Start importing Assets/Materials/pointingArrows (1).png using Guid(d77fc7f27d76a9643ad4a52d60a8b45b) Importer(2089858483,192608db42251d675da83286b1cce702) (ScriptedImporter) -> (artifact id: 'db64f942233b58b7d3d9ca95c283742a') in 0.0545597 seconds
Number of updated asset objects reloaded before import = 0Number of asset objects unloaded after import = 3

========================================================================
Received Import Request.
  Time since last request: 0.000014 seconds.
  path: Assets/GoogleMobileAds/Platforms/GoogleMobileAdsClientFactory.cs
  artifactKey: Guid(6282c3acdf4eb41cebb4eae72326ba2e) Importer(2089858483,192608db42251d675da83286b1cce702)
Start importing Assets/GoogleMobileAds/Platforms/GoogleMobileAdsClientFactory.cs using Guid(6282c3acdf4eb41cebb4eae72326ba2e) Importer(2089858483,192608db42251d675da83286b1cce702) (ScriptedImporter) -> (artifact id: '77a942c20ac137f1749b4ee0d0787317') in 0.0035969 seconds
Number of updated asset objects reloaded before import = 0Number of asset objects unloaded after import = 0

========================================================================
Received Import Request.
  Time since last request: 0.000013 seconds.
  path: Assets/GoogleMobileAds/Common/INativeExpressAdClient.cs
  artifactKey: Guid(c308cd3fb69524349a551e477b3bbf37) Importer(2089858483,192608db42251d675da83286b1cce702)
Start importing Assets/GoogleMobileAds/Common/INativeExpressAdClient.cs using Guid(c308cd3fb69524349a551e477b3bbf37) Importer(2089858483,192608db42251d675da83286b1cce702) (ScriptedImporter) -> (artifact id: 'fd9ef36368528e47e505a97b9c6e0ff1') in 0.003674 seconds
Number of updated asset objects reloaded before import = 0Number of asset objects unloaded after import = 0

========================================================================
Received Import Request.
  Time since last request: 0.000026 seconds.
  path: Assets/Scripts/BackGroundManager.cs
  artifactKey: Guid(92c692e7490a1a3448ea31a253c9b279) Importer(2089858483,192608db42251d675da83286b1cce702)
Start importing Assets/Scripts/BackGroundManager.cs using Guid(92c692e7490a1a3448ea31a253c9b279) Importer(2089858483,192608db42251d675da83286b1cce702) (ScriptedImporter) -> (artifact id: '722950784971f3263106f278ae903417') in 0.0031234 seconds
Number of updated asset objects reloaded before import = 0Number of asset objects unloaded after import = 0

========================================================================
Received Import Request.
  Time since last request: 0.000023 seconds.
  path: Assets/GoogleMobileAds/Common/IBannerClient.cs
  artifactKey: Guid(622f4e1f14d7c4b889ca12eb78235e05) Importer(2089858483,192608db42251d675da83286b1cce702)
Start importing Assets/GoogleMobileAds/Common/IBannerClient.cs using Guid(622f4e1f14d7c4b889ca12eb78235e05) Importer(2089858483,192608db42251d675da83286b1cce702) (ScriptedImporter) -> (artifact id: 'ef47d459d47638fc014f3a64b281764d') in 0.0028529 seconds
Number of updated asset objects reloaded before import = 0Number of asset objects unloaded after import = 0

========================================================================
Received Import Request.
  Time since last request: 0.000028 seconds.
  path: Assets/PlayServicesResolver/Editor/Google.IOSResolver.dll
  artifactKey: Guid(05567c3bc7684836a2341f073d053f25) Importer(2089858483,192608db42251d675da83286b1cce702)
Start importing Assets/PlayServicesResolver/Editor/Google.IOSResolver.dll using Guid(05567c3bc7684836a2341f073d053f25) Importer(2089858483,192608db42251d675da83286b1cce702) (ScriptedImporter) -> (artifact id: '330b5e7a235cc922e25fe6442a20c88e') in 0.0041858 seconds
Number of updated asset objects reloaded before import = 0Number of asset objects unloaded after import = 0

========================================================================
Received Import Request.
  Time since last request: 0.000041 seconds.
  path: Assets/Plugins/Android/play-services-gass-11.0.2.aar
  artifactKey: Guid(b6875cded3db77343ad9beae8a818ad1) Importer(2089858483,192608db42251d675da83286b1cce702)
Start importing Assets/Plugins/Android/play-services-gass-11.0.2.aar using Guid(b6875cded3db77343ad9beae8a818ad1) Importer(2089858483,192608db42251d675da83286b1cce702) (ScriptedImporter) -> (artifact id: '09517be542e8115b8fc6befff4da4ea5') in 0.0045458 seconds
Number of updated asset objects reloaded before import = 0Number of asset objects unloaded after import = 0

========================================================================
Received Import Request.
  Time since last request: 0.000012 seconds.
  path: Assets/Scripts/BorderInfo.cs
  artifactKey: Guid(1ef092be39d1470889db6e0b8e1332f3) Importer(2089858483,192608db42251d675da83286b1cce702)
Start importing Assets/Scripts/BorderInfo.cs using Guid(1ef092be39d1470889db6e0b8e1332f3) Importer(2089858483,192608db42251d675da83286b1cce702) (ScriptedImporter) -> (artifact id: 'dbc34c2ef0359275c99b916aba8adefd') in 0.0028744 seconds
Number of updated asset objects reloaded before import = 0Number of asset objects unloaded after import = 0

========================================================================
Received Import Request.
  Time since last request: 0.000021 seconds.
  path: Assets/PlayServicesResolver/proguard-unity.txt
  artifactKey: Guid(6288ca33a93a749a2a673f76c81a40a7) Importer(2089858483,192608db42251d675da83286b1cce702)
Start importing Assets/PlayServicesResolver/proguard-unity.txt using Guid(6288ca33a93a749a2a673f76c81a40a7) Importer(2089858483,192608db42251d675da83286b1cce702) (ScriptedImporter) -> (artifact id: '7b75ade8e8c6be3b573012750a32e42e') in 0.0028399 seconds
Number of updated asset objects reloaded before import = 0Number of asset objects unloaded after import = 1

========================================================================
Received Import Request.
  Time since last request: 0.000026 seconds.
  path: Assets/GoogleMobileAds/Api/AdRequest.cs
  artifactKey: Guid(6e84aff9643a4452e934d1efe6ed0323) Importer(2089858483,192608db42251d675da83286b1cce702)
Start importing Assets/GoogleMobileAds/Api/AdRequest.cs using Guid(6e84aff9643a4452e934d1efe6ed0323) Importer(2089858483,192608db42251d675da83286b1cce702) (ScriptedImporter) -> (artifact id: '28441af975f9dbdcf066ee7f710ff568') in 0.0034698 seconds
Number of updated asset objects reloaded before import = 0Number of asset objects unloaded after import = 0

========================================================================
Received Import Request.
  Time since last request: 0.000037 seconds.
  path: Assets/PlayServicesResolver/Editor/Google.JarResolver.dll
  artifactKey: Guid(4a605a17df874a17bd86074b87902086) Importer(2089858483,192608db42251d675da83286b1cce702)
Start importing Assets/PlayServicesResolver/Editor/Google.JarResolver.dll using Guid(4a605a17df874a17bd86074b87902086) Importer(2089858483,192608db42251d675da83286b1cce702) (ScriptedImporter) -> (artifact id: 'f27074d8abedffc1deea00391ed4a38b') in 0.0071218 seconds
Number of updated asset objects reloaded before import = 0Number of asset objects unloaded after import = 0

========================================================================
Received Import Request.
  Time since last request: 0.000043 seconds.
  path: Assets/Plugins/Android/play-services-tasks-11.0.2.aar
  artifactKey: Guid(7fe7d08020d3b0c449363aab1e14748b) Importer(2089858483,192608db42251d675da83286b1cce702)
Start importing Assets/Plugins/Android/play-services-tasks-11.0.2.aar using Guid(7fe7d08020d3b0c449363aab1e14748b) Importer(2089858483,192608db42251d675da83286b1cce702) (ScriptedImporter) -> (artifact id: '746bbe0997b85f54e43cb050422449c9') in 0.0035845 seconds
Number of updated asset objects reloaded before import = 0Number of asset objects unloaded after import = 0

========================================================================
Received Import Request.
  Time since last request: 0.000229 seconds.
  path: Assets/Plugins/Android/play-services-safetynet-11.0.2.aar
  artifactKey: Guid(4523fb58f7d987c4ab8eeaf3005da5a2) Importer(2089858483,192608db42251d675da83286b1cce702)
Start importing Assets/Plugins/Android/play-services-safetynet-11.0.2.aar using Guid(4523fb58f7d987c4ab8eeaf3005da5a2) Importer(2089858483,192608db42251d675da83286b1cce702) (ScriptedImporter) -> (artifact id: '953847a55fd877004d7ca64a2e4e6e9e') in 0.0033046 seconds
Number of updated asset objects reloaded before import = 0Number of asset objects unloaded after import = 0

========================================================================
Received Import Request.
  Time since last request: 0.000031 seconds.
  path: Assets/Plugins/Android/support-annotations-25.2.0.jar
  artifactKey: Guid(36eb7f7d03128e641aad3b2487cd19fa) Importer(2089858483,192608db42251d675da83286b1cce702)
Start importing Assets/Plugins/Android/support-annotations-25.2.0.jar using Guid(36eb7f7d03128e641aad3b2487cd19fa) Importer(2089858483,192608db42251d675da83286b1cce702) (ScriptedImporter) -> (artifact id: '2955cba1d01510fe08250ccf4e73fcdd') in 0.0034622 seconds
Number of updated asset objects reloaded before import = 0Number of asset objects unloaded after import = 0

========================================================================
Received Import Request.
  Time since last request: 0.000041 seconds.
  path: Assets/Materials/ScribbleOut (1).png
  artifactKey: Guid(53449fe11812e7a4c816bfcb0ee8f658) Importer(2089858483,192608db42251d675da83286b1cce702)
Start importing Assets/Materials/ScribbleOut (1).png using Guid(53449fe11812e7a4c816bfcb0ee8f658) Importer(2089858483,192608db42251d675da83286b1cce702) (ScriptedImporter) -> (artifact id: '381194f635c54ae1b34cbe1cbe8e00cc') in 0.0116058 seconds
Number of updated asset objects reloaded before import = 0Number of asset objects unloaded after import = 3

========================================================================
Received Import Request.
  Time since last request: 0.000017 seconds.
  path: Assets/Plugins/iOS/GADUObjectCache.m
  artifactKey: Guid(24e80c3acc06f41f3878a2ea2e021afd) Importer(2089858483,192608db42251d675da83286b1cce702)
Start importing Assets/Plugins/iOS/GADUObjectCache.m using Guid(24e80c3acc06f41f3878a2ea2e021afd) Importer(2089858483,192608db42251d675da83286b1cce702) (ScriptedImporter) -> (artifact id: 'f9c81d504e96c731352263a00b9977d4') in 0.0034128 seconds
Number of updated asset objects reloaded before import = 0Number of asset objects unloaded after import = 0

========================================================================
Received Import Request.
  Time since last request: 0.000025 seconds.
  path: Assets/GoogleMobileAds/Common/IRewardBasedVideoAdClient.cs
  artifactKey: Guid(03e96fc5475154376a9744dc2f6ab46d) Importer(2089858483,192608db42251d675da83286b1cce702)
Start importing Assets/GoogleMobileAds/Common/IRewardBasedVideoAdClient.cs using Guid(03e96fc5475154376a9744dc2f6ab46d) Importer(2089858483,192608db42251d675da83286b1cce702) (ScriptedImporter) -> (artifact id: 'f9147b2bf5fbf2d98134ec7344355327') in 0.003308 seconds
Number of updated asset objects reloaded before import = 0Number of asset objects unloaded after import = 0

========================================================================
Received Import Request.
  Time since last request: 4.901423 seconds.
  path: Assets/Plugins/iOS/GADUPluginUtil.m
  artifactKey: Guid(87eb1ffb8351042549e96dc7d6d46adf) Importer(2089858483,192608db42251d675da83286b1cce702)
Start importing Assets/Plugins/iOS/GADUPluginUtil.m using Guid(87eb1ffb8351042549e96dc7d6d46adf) Importer(2089858483,192608db42251d675da83286b1cce702) (ScriptedImporter) -> (artifact id: '66b8686990c3aa8f0a9c92ef181c2a0f') in 0.0056258 seconds
Number of updated asset objects reloaded before import = 0Number of asset objects unloaded after import = 0

========================================================================
Received Import Request.
  Time since last request: 0.000027 seconds.
  path: Assets/TextMesh Pro/Shaders/TMP_SDF Overlay.shader
  artifactKey: Guid(dd89cf5b9246416f84610a006f916af7) Importer(2089858483,192608db42251d675da83286b1cce702)
Start importing Assets/TextMesh Pro/Shaders/TMP_SDF Overlay.shader using Guid(dd89cf5b9246416f84610a006f916af7) Importer(2089858483,192608db42251d675da83286b1cce702) (ScriptedImporter) -> (artifact id: '68f23eeed240280975ff0c7e284298ff') in 0.0096438 seconds
Number of updated asset objects reloaded before import = 0Number of asset objects unloaded after import = 1

========================================================================
Received Import Request.
  Time since last request: 0.000021 seconds.
  path: Assets/Resources/LevelsJson/2.json
  artifactKey: Guid(f043dce5ad44c2f4e83e78db25e8da87) Importer(2089858483,192608db42251d675da83286b1cce702)
Start importing Assets/Resources/LevelsJson/2.json using Guid(f043dce5ad44c2f4e83e78db25e8da87) Importer(2089858483,192608db42251d675da83286b1cce702) (ScriptedImporter) -> (artifact id: '5a1a24518ebb1bab2a3a8d3f5c2cc546') in 0.0035478 seconds
Number of updated asset objects reloaded before import = 0Number of asset objects unloaded after import = 1

========================================================================
Received Import Request.
  Time since last request: 0.000018 seconds.
  path: Assets/TextMesh Pro/Shaders/TMP_SDF SSD.shader
  artifactKey: Guid(14eb328de4b8eb245bb7cea29e4ac00b) Importer(2089858483,192608db42251d675da83286b1cce702)
Start importing Assets/TextMesh Pro/Shaders/TMP_SDF SSD.shader using Guid(14eb328de4b8eb245bb7cea29e4ac00b) Importer(2089858483,192608db42251d675da83286b1cce702) (ScriptedImporter) -> (artifact id: 'b725addfca7eb7c5010c171c34dce421') in 0.004901 seconds
Number of updated asset objects reloaded before import = 0Number of asset objects unloaded after import = 1

========================================================================
Received Import Request.
  Time since last request: 0.000026 seconds.
  path: Assets/TextMesh Pro/Resources/LineBreaking Following Characters.txt
  artifactKey: Guid(fade42e8bc714b018fac513c043d323b) Importer(2089858483,192608db42251d675da83286b1cce702)
Start importing Assets/TextMesh Pro/Resources/LineBreaking Following Characters.txt using Guid(fade42e8bc714b018fac513c043d323b) Importer(2089858483,192608db42251d675da83286b1cce702) (ScriptedImporter) -> (artifact id: 'e4caf58c06e8c4099ffb5f28c7a9913e') in 0.0045076 seconds
Number of updated asset objects reloaded before import = 0Number of asset objects unloaded after import = 1

========================================================================
Received Import Request.
  Time since last request: 0.000025 seconds.
  path: Assets/Resources/LevelsJson/30.json
  artifactKey: Guid(85562710c8b74374b823df869018330f) Importer(2089858483,192608db42251d675da83286b1cce702)
Start importing Assets/Resources/LevelsJson/30.json using Guid(85562710c8b74374b823df869018330f) Importer(2089858483,192608db42251d675da83286b1cce702) (ScriptedImporter) -> (artifact id: '1f775e8eafbe484df87525849ac7bf81') in 0.0032772 seconds
Number of updated asset objects reloaded before import = 0Number of asset objects unloaded after import = 1

========================================================================
Received Import Request.
  Time since last request: 0.000025 seconds.
  path: Assets/Resources/LevelsJson/28.json
  artifactKey: Guid(cf6c7bdcb2698f94ead77e2547e8520c) Importer(2089858483,192608db42251d675da83286b1cce702)
Start importing Assets/Resources/LevelsJson/28.json using Guid(cf6c7bdcb2698f94ead77e2547e8520c) Importer(2089858483,192608db42251d675da83286b1cce702) (ScriptedImporter) -> (artifact id: '9d470d20dd3065b1daa87ab221bf5932') in 0.0028855 seconds
Number of updated asset objects reloaded before import = 0Number of asset objects unloaded after import = 1

========================================================================
Received Import Request.
  Time since last request: 0.000020 seconds.
  path: Assets/TextMesh Pro/Shaders/TMP_Bitmap-Mobile.shader
  artifactKey: Guid(1e3b057af24249748ff873be7fafee47) Importer(2089858483,192608db42251d675da83286b1cce702)
Start importing Assets/TextMesh Pro/Shaders/TMP_Bitmap-Mobile.shader using Guid(1e3b057af24249748ff873be7fafee47) Importer(2089858483,192608db42251d675da83286b1cce702) (ScriptedImporter) -> (artifact id: 'e00781bca735e998a4f261311ed341d0') in 0.0062753 seconds
Number of updated asset objects reloaded before import = 0Number of asset objects unloaded after import = 1

========================================================================
Received Import Request.
  Time since last request: 0.000015 seconds.
  path: Assets/Resources/Sprites/menuIcon.png
  artifactKey: Guid(a3ea84c8b84b1b5459b0b34771b8550b) Importer(2089858483,192608db42251d675da83286b1cce702)
Start importing Assets/Resources/Sprites/menuIcon.png using Guid(a3ea84c8b84b1b5459b0b34771b8550b) Importer(2089858483,192608db42251d675da83286b1cce702) (ScriptedImporter) -> (artifact id: '671a0c3661a45bcd41ec27317ca597a5') in 0.0111346 seconds
Number of updated asset objects reloaded before import = 0Number of asset objects unloaded after import = 3

========================================================================
Received Import Request.
  Time since last request: 0.000017 seconds.
  path: Assets/Resources/LevelsJson/20.json
  artifactKey: Guid(2ae6f170b3ca2254ebbe4d3cf94e208b) Importer(2089858483,192608db42251d675da83286b1cce702)
Start importing Assets/Resources/LevelsJson/20.json using Guid(2ae6f170b3ca2254ebbe4d3cf94e208b) Importer(2089858483,192608db42251d675da83286b1cce702) (ScriptedImporter) -> (artifact id: '47a438444697bed6ed77745f10e8daee') in 0.0046145 seconds
Number of updated asset objects reloaded before import = 0Number of asset objects unloaded after import = 1

========================================================================
Received Import Request.
  Time since last request: 0.000030 seconds.
  path: Assets/Resources/Prefabs/Cursor.prefab
  artifactKey: Guid(7fb741de01890d248ab821b986817425) Importer(2089858483,192608db42251d675da83286b1cce702)
Start importing Assets/Resources/Prefabs/Cursor.prefab using Guid(7fb741de01890d248ab821b986817425) Importer(2089858483,192608db42251d675da83286b1cce702) (ScriptedImporter) -> (artifact id: '3d3a4766ef451914a2aee4a4d8656989') in 0.0576173 seconds
Number of updated asset objects reloaded before import = 0Number of asset objects unloaded after import = 8

========================================================================
Received Import Request.
  Time since last request: 0.000027 seconds.
  path: Assets/Resources/Sprites/CursorNovo.png
  artifactKey: Guid(79587e8850401e04a9ecd357b640d75d) Importer(2089858483,192608db42251d675da83286b1cce702)
Start importing Assets/Resources/Sprites/CursorNovo.png using Guid(79587e8850401e04a9ecd357b640d75d) Importer(2089858483,192608db42251d675da83286b1cce702) (ScriptedImporter) -> (artifact id: 'f4f8b64b71708bd19882be4129d8ef93') in 0.0123338 seconds
Number of updated asset objects reloaded before import = 0Number of asset objects unloaded after import = 3

========================================================================
Received Import Request.
  Time since last request: 0.000022 seconds.
  path: Assets/Resources/LevelsJson/5.json
  artifactKey: Guid(efde94756e7cfe046911480ffb6d5f0b) Importer(2089858483,192608db42251d675da83286b1cce702)
Start importing Assets/Resources/LevelsJson/5.json using Guid(efde94756e7cfe046911480ffb6d5f0b) Importer(2089858483,192608db42251d675da83286b1cce702) (ScriptedImporter) -> (artifact id: '38b81d931ed00255bccf1058d0810bc0') in 0.0034251 seconds
Number of updated asset objects reloaded before import = 0Number of asset objects unloaded after import = 1

========================================================================
Received Import Request.
  Time since last request: 0.000020 seconds.
  path: Assets/Resources/Sprites/SquareNovo.png
  artifactKey: Guid(43d9cc1d46ae191408f1c981db1091ef) Importer(2089858483,192608db42251d675da83286b1cce702)
Start importing Assets/Resources/Sprites/SquareNovo.png using Guid(43d9cc1d46ae191408f1c981db1091ef) Importer(2089858483,192608db42251d675da83286b1cce702) (ScriptedImporter) -> (artifact id: '3efd7c461679d7f36df412715a93c246') in 0.0104847 seconds
Number of updated asset objects reloaded before import = 0Number of asset objects unloaded after import = 3

========================================================================
Received Import Request.
  Time since last request: 0.000019 seconds.
  path: Assets/Resources/Sprites/hintIcon.png
  artifactKey: Guid(f9c9465022b353e4aae06df37976343f) Importer(2089858483,192608db42251d675da83286b1cce702)
Start importing Assets/Resources/Sprites/hintIcon.png using Guid(f9c9465022b353e4aae06df37976343f) Importer(2089858483,192608db42251d675da83286b1cce702) (ScriptedImporter) -> (artifact id: '7c02372e861d307d6baff8863552cb84') in 0.0124094 seconds
Number of updated asset objects reloaded before import = 0Number of asset objects unloaded after import = 3

========================================================================
Received Import Request.
  Time since last request: 0.000020 seconds.
  path: Assets/Plugins/iOS/GADURewardBasedVideoAd.m
  artifactKey: Guid(200edc9f8a54a45aeb16c905cc02f4a5) Importer(2089858483,192608db42251d675da83286b1cce702)
Start importing Assets/Plugins/iOS/GADURewardBasedVideoAd.m using Guid(200edc9f8a54a45aeb16c905cc02f4a5) Importer(2089858483,192608db42251d675da83286b1cce702) (ScriptedImporter) -> (artifact id: 'b0f9f4af220d29db361b1ee33837c482') in 0.0050255 seconds
Number of updated asset objects reloaded before import = 0Number of asset objects unloaded after import = 0

========================================================================
Received Import Request.
  Time since last request: 0.000044 seconds.
  path: Assets/Resources/Sprites/BackgroundPieceNovo.png
  artifactKey: Guid(1dc37a6856463d34caa89cf549290d40) Importer(2089858483,192608db42251d675da83286b1cce702)
Start importing Assets/Resources/Sprites/BackgroundPieceNovo.png using Guid(1dc37a6856463d34caa89cf549290d40) Importer(2089858483,192608db42251d675da83286b1cce702) (ScriptedImporter) -> (artifact id: '46dd3892cef9102d817f38d8204edcdb') in 0.0110767 seconds
Number of updated asset objects reloaded before import = 0Number of asset objects unloaded after import = 3

========================================================================
Received Import Request.
  Time since last request: 0.000019 seconds.
  path: Assets/unity-ui-extensions/Editor/BoxSliderEditor.cs
  artifactKey: Guid(8701e045b26e51f4eb345f2ccb3c13f5) Importer(2089858483,192608db42251d675da83286b1cce702)
Start importing Assets/unity-ui-extensions/Editor/BoxSliderEditor.cs using Guid(8701e045b26e51f4eb345f2ccb3c13f5) Importer(2089858483,192608db42251d675da83286b1cce702) (ScriptedImporter) -> (artifact id: '78735ed5ac3528facc610e6110b8136c') in 0.0037734 seconds
Number of updated asset objects reloaded before import = 0Number of asset objects unloaded after import = 0

========================================================================
Received Import Request.
  Time since last request: 0.000036 seconds.
  path: Assets/Resources/Sprites/square.png
  artifactKey: Guid(1240c12f79e537b47b74bab2bcca8f63) Importer(2089858483,192608db42251d675da83286b1cce702)
Start importing Assets/Resources/Sprites/square.png using Guid(1240c12f79e537b47b74bab2bcca8f63) Importer(2089858483,192608db42251d675da83286b1cce702) (ScriptedImporter) -> (artifact id: '2cb28b11f006f4a8b9a26f67c401a2f7') in 0.0131106 seconds
Number of updated asset objects reloaded before import = 0Number of asset objects unloaded after import = 3

========================================================================
Received Import Request.
  Time since last request: 0.000023 seconds.
  path: Assets/Resources/LevelsJson/6.json
  artifactKey: Guid(e7837ba65b869774ba161e8cbe0b94c9) Importer(2089858483,192608db42251d675da83286b1cce702)
Start importing Assets/Resources/LevelsJson/6.json using Guid(e7837ba65b869774ba161e8cbe0b94c9) Importer(2089858483,192608db42251d675da83286b1cce702) (ScriptedImporter) -> (artifact id: 'dbd9520ab5fde9addfbb224ff623a8a2') in 0.0039345 seconds
Number of updated asset objects reloaded before import = 0Number of asset objects unloaded after import = 1

========================================================================
Received Import Request.
  Time since last request: 0.000019 seconds.
  path: Assets/Resources/Sprites/ExampleScene.png
  artifactKey: Guid(cc17bb309380cae499e4cc05f69b498f) Importer(2089858483,192608db42251d675da83286b1cce702)
Start importing Assets/Resources/Sprites/ExampleScene.png using Guid(cc17bb309380cae499e4cc05f69b498f) Importer(2089858483,192608db42251d675da83286b1cce702) (ScriptedImporter) -> (artifact id: '5e2a64582d61fad17ce17fa7b979ed63') in 0.0281315 seconds
Number of updated asset objects reloaded before import = 0Number of asset objects unloaded after import = 3

========================================================================
Received Import Request.
  Time since last request: 0.000018 seconds.
  path: Assets/Resources/LevelsJson/11.json
  artifactKey: Guid(ac1c26b95a8863a45abe5fb7653f5d74) Importer(2089858483,192608db42251d675da83286b1cce702)
Start importing Assets/Resources/LevelsJson/11.json using Guid(ac1c26b95a8863a45abe5fb7653f5d74) Importer(2089858483,192608db42251d675da83286b1cce702) (ScriptedImporter) -> (artifact id: '0417b63259b0ab7ac5f2b0eaeaaa1f18') in 0.0034576 seconds
Number of updated asset objects reloaded before import = 0Number of asset objects unloaded after import = 1

========================================================================
Received Import Request.
  Time since last request: 0.000020 seconds.
  path: Assets/TextMesh Pro/Shaders/TMP_SDF-Mobile-2-Pass.shader
  artifactKey: Guid(0178fcb869bafef4690d177d31d17db8) Importer(2089858483,192608db42251d675da83286b1cce702)
Start importing Assets/TextMesh Pro/Shaders/TMP_SDF-Mobile-2-Pass.shader using Guid(0178fcb869bafef4690d177d31d17db8) Importer(2089858483,192608db42251d675da83286b1cce702) (ScriptedImporter) -> (artifact id: '1dd3101bea591940b221ad7c9c9ba450') in 0.0049844 seconds
Number of updated asset objects reloaded before import = 0Number of asset objects unloaded after import = 1

========================================================================
Received Import Request.
  Time since last request: 0.000017 seconds.
  path: Assets/TextMesh Pro/Shaders/TMP_SDF-HDRP LIT.shadergraph
  artifactKey: Guid(ca2ed216f98028c4dae6c5224a952b3c) Importer(2089858483,192608db42251d675da83286b1cce702)
Start importing Assets/TextMesh Pro/Shaders/TMP_SDF-HDRP LIT.shadergraph using Guid(ca2ed216f98028c4dae6c5224a952b3c) Importer(2089858483,192608db42251d675da83286b1cce702) (ScriptedImporter) -> (artifact id: '4a7cac14ac841551cf75105958b56855') in 0.0038827 seconds
Number of updated asset objects reloaded before import = 0Number of asset objects unloaded after import = 1

========================================================================
Received Import Request.
  Time since last request: 0.000216 seconds.
  path: Assets/Resources/Sprites/squareNoRound.png
  artifactKey: Guid(2cb92bf1cfe59564aabe72ca3ec41b5a) Importer(2089858483,192608db42251d675da83286b1cce702)
Start importing Assets/Resources/Sprites/squareNoRound.png using Guid(2cb92bf1cfe59564aabe72ca3ec41b5a) Importer(2089858483,192608db42251d675da83286b1cce702) (ScriptedImporter) -> (artifact id: '59a2c46a40f708bc1f78b49bda03513a') in 0.0156254 seconds
Number of updated asset objects reloaded before import = 0Number of asset objects unloaded after import = 3

========================================================================
Received Import Request.
  Time since last request: 0.000019 seconds.
  path: Assets/Scripts/Animation/MenuGameIcon.cs
  artifactKey: Guid(855db60b69cfbd147bf9289831dcdc20) Importer(2089858483,192608db42251d675da83286b1cce702)
Start importing Assets/Scripts/Animation/MenuGameIcon.cs using Guid(855db60b69cfbd147bf9289831dcdc20) Importer(2089858483,192608db42251d675da83286b1cce702) (ScriptedImporter) -> (artifact id: 'd1863dd7f2f503232218b96afc2e047f') in 0.00628 seconds
Number of updated asset objects reloaded before import = 0Number of asset objects unloaded after import = 0

========================================================================
Received Import Request.
  Time since last request: 0.000034 seconds.
  path: Assets/Resources/LevelsJson/29.json
  artifactKey: Guid(ea3d7b2451fc08440a2d12f128626f72) Importer(2089858483,192608db42251d675da83286b1cce702)
Start importing Assets/Resources/LevelsJson/29.json using Guid(ea3d7b2451fc08440a2d12f128626f72) Importer(2089858483,192608db42251d675da83286b1cce702) (ScriptedImporter) -> (artifact id: '4d912e05925716509a3dbf089830287c') in 0.0039572 seconds
Number of updated asset objects reloaded before import = 0Number of asset objects unloaded after import = 1

========================================================================
Received Import Request.
  Time since last request: 0.000022 seconds.
  path: Assets/Resources/LevelsJson/21.json
  artifactKey: Guid(e20984f6d17584141a41e766958808be) Importer(2089858483,192608db42251d675da83286b1cce702)
Start importing Assets/Resources/LevelsJson/21.json using Guid(e20984f6d17584141a41e766958808be) Importer(2089858483,192608db42251d675da83286b1cce702) (ScriptedImporter) -> (artifact id: '96461252a1eb66f90e8f2a30aa169876') in 0.0045116 seconds
Number of updated asset objects reloaded before import = 0Number of asset objects unloaded after import = 1

========================================================================
Received Import Request.
  Time since last request: 0.415670 seconds.
  path: Assets/unity-ui-extensions/Editor/uGUITools.cs
  artifactKey: Guid(b896154a8dbdc524092e78923478d27a) Importer(2089858483,192608db42251d675da83286b1cce702)
Start importing Assets/unity-ui-extensions/Editor/uGUITools.cs using Guid(b896154a8dbdc524092e78923478d27a) Importer(2089858483,192608db42251d675da83286b1cce702) (ScriptedImporter) -> (artifact id: 'eb73f7f9f7a833451d64d83e1d8536f7') in 0.0156792 seconds
Number of updated asset objects reloaded before import = 0Number of asset objects unloaded after import = 0

========================================================================
Received Import Request.
  Time since last request: 0.000035 seconds.
  path: Assets/TextMesh Pro/Examples & Extras/Scripts/WarpTextExample.cs
  artifactKey: Guid(790744c462254b7ba8038e6ed28b3db2) Importer(2089858483,192608db42251d675da83286b1cce702)
Start importing Assets/TextMesh Pro/Examples & Extras/Scripts/WarpTextExample.cs using Guid(790744c462254b7ba8038e6ed28b3db2) Importer(2089858483,192608db42251d675da83286b1cce702) (ScriptedImporter) -> (artifact id: '52bb470d6cbe67faa37c5326a0a40bb2') in 0.004175 seconds
Number of updated asset objects reloaded before import = 0Number of asset objects unloaded after import = 0

========================================================================
Received Import Request.
  Time since last request: 0.000022 seconds.
  path: Assets/GoogleMobileAds/Platforms/Android/CustomNativeTemplateClient.cs
  artifactKey: Guid(7e76e9223a0d64aa7972f18446dab8ff) Importer(2089858483,192608db42251d675da83286b1cce702)
Start importing Assets/GoogleMobileAds/Platforms/Android/CustomNativeTemplateClient.cs using Guid(7e76e9223a0d64aa7972f18446dab8ff) Importer(2089858483,192608db42251d675da83286b1cce702) (ScriptedImporter) -> (artifact id: 'bce2d94f2b1d3dc08841da02d08c02c1') in 0.0045441 seconds
Number of updated asset objects reloaded before import = 0Number of asset objects unloaded after import = 0

========================================================================
Received Import Request.
  Time since last request: 0.000017 seconds.
  path: Assets/TextMesh Pro/Examples & Extras/Fonts/Bangers - OFL.txt
  artifactKey: Guid(efe0bf4ac872451e91612d1ae593f480) Importer(2089858483,192608db42251d675da83286b1cce702)
Start importing Assets/TextMesh Pro/Examples & Extras/Fonts/Bangers - OFL.txt using Guid(efe0bf4ac872451e91612d1ae593f480) Importer(2089858483,192608db42251d675da83286b1cce702) (ScriptedImporter) -> (artifact id: '45892b2ba93b33bde2711dc7d681a437') in 0.0035999 seconds
Number of updated asset objects reloaded before import = 0Number of asset objects unloaded after import = 1

========================================================================
Received Import Request.
  Time since last request: 0.000019 seconds.
  path: Assets/TextMesh Pro/Examples & Extras/Scenes/10 - Bullets & Numbered List Example.unity
  artifactKey: Guid(c3f814e1d12c45568daf3dd9a86a0e61) Importer(2089858483,192608db42251d675da83286b1cce702)
Start importing Assets/TextMesh Pro/Examples & Extras/Scenes/10 - Bullets & Numbered List Example.unity using Guid(c3f814e1d12c45568daf3dd9a86a0e61) Importer(2089858483,192608db42251d675da83286b1cce702) (ScriptedImporter) -> (artifact id: '6c754625c39c36c82873ef2efdcfe268') in 0.0060455 seconds
Number of updated asset objects reloaded before import = 0Number of asset objects unloaded after import = 1

========================================================================
Received Import Request.
  Time since last request: 0.000021 seconds.
  path: Assets/TextMesh Pro/Examples & Extras/Scenes/18 - ScrollRect & Masking & Layout.unity
  artifactKey: Guid(03f9d74cec8e4b94a29d2dfd177c821b) Importer(2089858483,192608db42251d675da83286b1cce702)
Start importing Assets/TextMesh Pro/Examples & Extras/Scenes/18 - ScrollRect & Masking & Layout.unity using Guid(03f9d74cec8e4b94a29d2dfd177c821b) Importer(2089858483,192608db42251d675da83286b1cce702) (ScriptedImporter) -> (artifact id: '4ce0223c82bd1cc6339d87309a431f89') in 0.0059193 seconds
Number of updated asset objects reloaded before import = 0Number of asset objects unloaded after import = 1

========================================================================
Received Import Request.
  Time since last request: 0.000016 seconds.
  path: Assets/GoogleMobileAds/Platforms/iOS/Utils.cs
  artifactKey: Guid(6cdc5afff21d6462390f1e3fc01cdcf1) Importer(2089858483,192608db42251d675da83286b1cce702)
Start importing Assets/GoogleMobileAds/Platforms/iOS/Utils.cs using Guid(6cdc5afff21d6462390f1e3fc01cdcf1) Importer(2089858483,192608db42251d675da83286b1cce702) (ScriptedImporter) -> (artifact id: '638c0b21b21e04a44861f822c3d68bcb') in 0.004436 seconds
Number of updated asset objects reloaded before import = 0Number of asset objects unloaded after import = 0

========================================================================
Received Import Request.
  Time since last request: 0.000031 seconds.
  path: Assets/TextMesh Pro/Examples & Extras/Scripts/TMPro_InstructionOverlay.cs
  artifactKey: Guid(c3c1afeda5e545e0b19add5373896d2e) Importer(2089858483,192608db42251d675da83286b1cce702)
Start importing Assets/TextMesh Pro/Examples & Extras/Scripts/TMPro_InstructionOverlay.cs using Guid(c3c1afeda5e545e0b19add5373896d2e) Importer(2089858483,192608db42251d675da83286b1cce702) (ScriptedImporter) -> (artifact id: 'b3468f5cf36d4b6dcdf954215cc973d3') in 0.0042239 seconds
Number of updated asset objects reloaded before import = 0Number of asset objects unloaded after import = 0

========================================================================
Received Import Request.
  Time since last request: 0.000091 seconds.
  path: Assets/GoogleMobileAds/Platforms/Android/AdLoaderClient.cs
  artifactKey: Guid(5bc0a5f7f000d4027bd3e5192cc1269a) Importer(2089858483,192608db42251d675da83286b1cce702)
Start importing Assets/GoogleMobileAds/Platforms/Android/AdLoaderClient.cs using Guid(5bc0a5f7f000d4027bd3e5192cc1269a) Importer(2089858483,192608db42251d675da83286b1cce702) (ScriptedImporter) -> (artifact id: 'cf77928f8e31aeafc10a2be84cd26ba0') in 0.0037492 seconds
Number of updated asset objects reloaded before import = 0Number of asset objects unloaded after import = 0

========================================================================
Received Import Request.
  Time since last request: 0.000039 seconds.
  path: Assets/Plugins/Demigiant/DOTween/DOTween.dll.mdb
  artifactKey: Guid(4f007001a22b3d24dae350342c4d19c8) Importer(2089858483,192608db42251d675da83286b1cce702)
Start importing Assets/Plugins/Demigiant/DOTween/DOTween.dll.mdb using Guid(4f007001a22b3d24dae350342c4d19c8) Importer(2089858483,192608db42251d675da83286b1cce702) (ScriptedImporter) -> (artifact id: '9c98df3407e7ec075c3b609fe0b52dc3') in 0.0037555 seconds
Number of updated asset objects reloaded before import = 0Number of asset objects unloaded after import = 1

========================================================================
Received Import Request.
  Time since last request: 0.000019 seconds.
  path: Assets/TheraBytes/BetterUI/Editor/TheraBytes.BetterUi.Editor.asmdef
  artifactKey: Guid(5bb83d5780b117345ac4cd0b89c7ca6a) Importer(2089858483,192608db42251d675da83286b1cce702)
Start importing Assets/TheraBytes/BetterUI/Editor/TheraBytes.BetterUi.Editor.asmdef using Guid(5bb83d5780b117345ac4cd0b89c7ca6a) Importer(2089858483,192608db42251d675da83286b1cce702) (ScriptedImporter) -> (artifact id: '6b5cc892437b40bbc66b4b5d1f2dd223') in 0.0054225 seconds
Number of updated asset objects reloaded before import = 0Number of asset objects unloaded after import = 1

========================================================================
Received Import Request.
  Time since last request: 0.000022 seconds.
  path: Assets/TextMesh Pro/Examples & Extras/Scenes/27 - Double Pass Shader Example.unity
  artifactKey: Guid(3b38a6ba32b869f48812e595baf39746) Importer(2089858483,192608db42251d675da83286b1cce702)
Start importing Assets/TextMesh Pro/Examples & Extras/Scenes/27 - Double Pass Shader Example.unity using Guid(3b38a6ba32b869f48812e595baf39746) Importer(2089858483,192608db42251d675da83286b1cce702) (ScriptedImporter) -> (artifact id: 'db4eec180ccf7727b813d5dd8fcb5a2f') in 0.0054782 seconds
Number of updated asset objects reloaded before import = 0Number of asset objects unloaded after import = 1

========================================================================
Received Import Request.
  Time since last request: 0.000019 seconds.
  path: Assets/TextMesh Pro/Examples & Extras/Scripts/TextMeshSpawner.cs
  artifactKey: Guid(76c11bbcfddf44e0ba17d6c2751c8d84) Importer(2089858483,192608db42251d675da83286b1cce702)
Start importing Assets/TextMesh Pro/Examples & Extras/Scripts/TextMeshSpawner.cs using Guid(76c11bbcfddf44e0ba17d6c2751c8d84) Importer(2089858483,192608db42251d675da83286b1cce702) (ScriptedImporter) -> (artifact id: 'dd0bc5e910dd5f2d4e304cc1c4bf97ed') in 0.0034565 seconds
Number of updated asset objects reloaded before import = 0Number of asset objects unloaded after import = 0

========================================================================
Received Import Request.
  Time since last request: 0.000037 seconds.
  path: Assets/GoogleMobileAds/Platforms/iOS/InterstitialClient.cs
  artifactKey: Guid(613e5f324478242909ace8f1b8bc0790) Importer(2089858483,192608db42251d675da83286b1cce702)
Start importing Assets/GoogleMobileAds/Platforms/iOS/InterstitialClient.cs using Guid(613e5f324478242909ace8f1b8bc0790) Importer(2089858483,192608db42251d675da83286b1cce702) (ScriptedImporter) -> (artifact id: 'a8d7c37b4cb35f37c77d8d31c7ad5644') in 0.0040365 seconds
Number of updated asset objects reloaded before import = 0Number of asset objects unloaded after import = 0

========================================================================
Received Import Request.
  Time since last request: 0.000049 seconds.
  path: Assets/TextMesh Pro/Examples & Extras/Scripts/Benchmark03.cs
  artifactKey: Guid(a73109742c8d47ac822895a473300c29) Importer(2089858483,192608db42251d675da83286b1cce702)
Start importing Assets/TextMesh Pro/Examples & Extras/Scripts/Benchmark03.cs using Guid(a73109742c8d47ac822895a473300c29) Importer(2089858483,192608db42251d675da83286b1cce702) (ScriptedImporter) -> (artifact id: '33e38dc8a19ae7d7a355e02b9873c4a6') in 0.0040734 seconds
Number of updated asset objects reloaded before import = 0Number of asset objects unloaded after import = 0

========================================================================
Received Import Request.
  Time since last request: 0.000027 seconds.
  path: Assets/TextMesh Pro/Examples & Extras/Fonts/Unity.ttf
  artifactKey: Guid(f4eec857a4fdf2f43be0e9f3d1a984e7) Importer(2089858483,192608db42251d675da83286b1cce702)
Start importing Assets/TextMesh Pro/Examples & Extras/Fonts/Unity.ttf using Guid(f4eec857a4fdf2f43be0e9f3d1a984e7) Importer(2089858483,192608db42251d675da83286b1cce702) (ScriptedImporter) -> (artifact id: 'dbdb74ecd4106f44d891d6898eef68de') in 0.0120742 seconds
Number of updated asset objects reloaded before import = 0Number of asset objects unloaded after import = 3

========================================================================
Received Import Request.
  Time since last request: 0.000026 seconds.
  path: Assets/TextMesh Pro/Examples & Extras/Fonts/Roboto-Bold - AFL.txt
  artifactKey: Guid(f28c334d44214474d9702d3ad79ecb0a) Importer(2089858483,192608db42251d675da83286b1cce702)
Start importing Assets/TextMesh Pro/Examples & Extras/Fonts/Roboto-Bold - AFL.txt using Guid(f28c334d44214474d9702d3ad79ecb0a) Importer(2089858483,192608db42251d675da83286b1cce702) (ScriptedImporter) -> (artifact id: '6caf50221111a1cd17fa4a40f011f7f6') in 0.003387 seconds
Number of updated asset objects reloaded before import = 0Number of asset objects unloaded after import = 1

========================================================================
Received Import Request.
  Time since last request: 0.000024 seconds.
  path: Assets/TheraBytes/BetterUI/Packages/Example_AnchorAnimations.unitypackage
  artifactKey: Guid(75d0e31416f1cf54780ba0419187e32a) Importer(2089858483,192608db42251d675da83286b1cce702)
Start importing Assets/TheraBytes/BetterUI/Packages/Example_AnchorAnimations.unitypackage using Guid(75d0e31416f1cf54780ba0419187e32a) Importer(2089858483,192608db42251d675da83286b1cce702) (ScriptedImporter) -> (artifact id: '6fb0b2d14b50fd9be4575cdac103dcfe') in 0.0034509 seconds
Number of updated asset objects reloaded before import = 0Number of asset objects unloaded after import = 1

========================================================================
Received Import Request.
  Time since last request: 0.000041 seconds.
  path: Assets/TextMesh Pro/Examples & Extras/Textures/Sunny Days - Seamless.jpg
  artifactKey: Guid(17c350171f7a3ca479f830547c66d187) Importer(2089858483,192608db42251d675da83286b1cce702)
Start importing Assets/TextMesh Pro/Examples & Extras/Textures/Sunny Days - Seamless.jpg using Guid(17c350171f7a3ca479f830547c66d187) Importer(2089858483,192608db42251d675da83286b1cce702) (ScriptedImporter) -> (artifact id: 'bc77d177b33cb1f5f361333a01077023') in 0.0135799 seconds
Number of updated asset objects reloaded before import = 0Number of asset objects unloaded after import = 1

========================================================================
Received Import Request.
  Time since last request: 0.000020 seconds.
  path: Assets/TheraBytes/BetterUI/Packages/asmdef_incl_TextMeshPro.unitypackage
  artifactKey: Guid(b4ceee894a59b294aaf483c8e50242f1) Importer(2089858483,192608db42251d675da83286b1cce702)
Start importing Assets/TheraBytes/BetterUI/Packages/asmdef_incl_TextMeshPro.unitypackage using Guid(b4ceee894a59b294aaf483c8e50242f1) Importer(2089858483,192608db42251d675da83286b1cce702) (ScriptedImporter) -> (artifact id: '083f4247106a3dbdf868d9291f4bda38') in 0.0041471 seconds
Number of updated asset objects reloaded before import = 0Number of asset objects unloaded after import = 1

========================================================================
Received Import Request.
  Time since last request: 0.000018 seconds.
  path: Assets/TextMesh Pro/Examples & Extras/Materials/Crate - URP.mat
  artifactKey: Guid(3b5cc91c3bf8cf74391252247f52fb59) Importer(2089858483,192608db42251d675da83286b1cce702)
Start importing Assets/TextMesh Pro/Examples & Extras/Materials/Crate - URP.mat using Guid(3b5cc91c3bf8cf74391252247f52fb59) Importer(2089858483,192608db42251d675da83286b1cce702) (ScriptedImporter) -> (artifact id: 'd4ec1cf0b5e6bff025f5da73a038df4e') in 0.012295 seconds
Number of updated asset objects reloaded before import = 0Number of asset objects unloaded after import = 1

========================================================================
Received Import Request.
  Time since last request: 0.000019 seconds.
  path: Assets/TextMesh Pro/Examples & Extras/Scripts/SkewTextExample.cs
  artifactKey: Guid(d412675cfb3441efa3bf8dcd9b7624dc) Importer(2089858483,192608db42251d675da83286b1cce702)
Start importing Assets/TextMesh Pro/Examples & Extras/Scripts/SkewTextExample.cs using Guid(d412675cfb3441efa3bf8dcd9b7624dc) Importer(2089858483,192608db42251d675da83286b1cce702) (ScriptedImporter) -> (artifact id: '4475b3c0de19fcdf7d8be05bed2adac4') in 0.00347 seconds
Number of updated asset objects reloaded before import = 0Number of asset objects unloaded after import = 0

========================================================================
Received Import Request.
  Time since last request: 0.000017 seconds.
  path: Assets/TextMesh Pro/Examples & Extras/Scenes/14 - Multi Font & Sprites.unity
  artifactKey: Guid(22a2fba786ad4c40ac0ba09f0b933100) Importer(2089858483,192608db42251d675da83286b1cce702)
Start importing Assets/TextMesh Pro/Examples & Extras/Scenes/14 - Multi Font & Sprites.unity using Guid(22a2fba786ad4c40ac0ba09f0b933100) Importer(2089858483,192608db42251d675da83286b1cce702) (ScriptedImporter) -> (artifact id: '530bbcaac0f6e05624c8a8dd53ccd28e') in 0.0042772 seconds
Number of updated asset objects reloaded before import = 0Number of asset objects unloaded after import = 1

========================================================================
Received Import Request.
  Time since last request: 0.000016 seconds.
  path: Assets/TextMesh Pro/Examples & Extras/Scripts/VertexShakeA.cs
  artifactKey: Guid(f7cfa58e417a46ea8889989684c2522e) Importer(2089858483,192608db42251d675da83286b1cce702)
Start importing Assets/TextMesh Pro/Examples & Extras/Scripts/VertexShakeA.cs using Guid(f7cfa58e417a46ea8889989684c2522e) Importer(2089858483,192608db42251d675da83286b1cce702) (ScriptedImporter) -> (artifact id: 'e1bfbb667a866a0817390f6292eff252') in 0.0036909 seconds
Number of updated asset objects reloaded before import = 0Number of asset objects unloaded after import = 0

========================================================================
Received Import Request.
  Time since last request: 0.000028 seconds.
  path: Assets/TheraBytes/BetterUI/Packages/Example_Overview.unitypackage
  artifactKey: Guid(cd60f35ae66811244aca604d2ab0e21b) Importer(2089858483,192608db42251d675da83286b1cce702)
Start importing Assets/TheraBytes/BetterUI/Packages/Example_Overview.unitypackage using Guid(cd60f35ae66811244aca604d2ab0e21b) Importer(2089858483,192608db42251d675da83286b1cce702) (ScriptedImporter) -> (artifact id: '351880a21c6d62723ff6bb6dff082c3d') in 0.0031563 seconds
Number of updated asset objects reloaded before import = 0Number of asset objects unloaded after import = 1

========================================================================
Received Import Request.
  Time since last request: 0.000017 seconds.
  path: Assets/TextMesh Pro/Examples & Extras/Scripts/TMP_UiFrameRateCounter.cs
  artifactKey: Guid(24b0dc2d1d494adbbec1f4db26b4cf83) Importer(2089858483,192608db42251d675da83286b1cce702)
Start importing Assets/TextMesh Pro/Examples & Extras/Scripts/TMP_UiFrameRateCounter.cs using Guid(24b0dc2d1d494adbbec1f4db26b4cf83) Importer(2089858483,192608db42251d675da83286b1cce702) (ScriptedImporter) -> (artifact id: 'b17226337396fb17ae4c5ec703e35126') in 0.0039025 seconds
Number of updated asset objects reloaded before import = 0Number of asset objects unloaded after import = 0

========================================================================
Received Import Request.
  Time since last request: 0.000058 seconds.
  path: Assets/Plugins/Demigiant/DOTween/DOTween.dll
  artifactKey: Guid(a811bde74b26b53498b4f6d872b09b6d) Importer(2089858483,192608db42251d675da83286b1cce702)
Start importing Assets/Plugins/Demigiant/DOTween/DOTween.dll using Guid(a811bde74b26b53498b4f6d872b09b6d) Importer(2089858483,192608db42251d675da83286b1cce702) (ScriptedImporter) -> (artifact id: 'e3a90bfad571d521f616065a6d565509') in 0.0054508 seconds
Number of updated asset objects reloaded before import = 0Number of asset objects unloaded after import = 0

========================================================================
Received Import Request.
  Time since last request: 0.000027 seconds.
  path: Assets/TextMesh Pro/Examples & Extras/Scenes/24 - Surface Shader Example URP.unity
  artifactKey: Guid(57694ed9d1cd1e340a4924c0f2eac8e3) Importer(2089858483,192608db42251d675da83286b1cce702)
Start importing Assets/TextMesh Pro/Examples & Extras/Scenes/24 - Surface Shader Example URP.unity using Guid(57694ed9d1cd1e340a4924c0f2eac8e3) Importer(2089858483,192608db42251d675da83286b1cce702) (ScriptedImporter) -> (artifact id: 'b9ab19f37a2d7f9b8170e165c1cd4276') in 0.0063486 seconds
Number of updated asset objects reloaded before import = 0Number of asset objects unloaded after import = 1

========================================================================
Received Import Request.
  Time since last request: 0.000019 seconds.
  path: Assets/TextMesh Pro/Examples & Extras/Scripts/TextConsoleSimulator.cs
  artifactKey: Guid(43bcd35a1c0c40ccb6d472893fe2093f) Importer(2089858483,192608db42251d675da83286b1cce702)
Start importing Assets/TextMesh Pro/Examples & Extras/Scripts/TextConsoleSimulator.cs using Guid(43bcd35a1c0c40ccb6d472893fe2093f) Importer(2089858483,192608db42251d675da83286b1cce702) (ScriptedImporter) -> (artifact id: '405b37e28a89544ca0dd542b0aca3926') in 0.0044268 seconds
Number of updated asset objects reloaded before import = 0Number of asset objects unloaded after import = 0

========================================================================
Received Import Request.
  Time since last request: 0.000042 seconds.
  path: Assets/TextMesh Pro/Examples & Extras/Fonts/Anton OFL.txt
  artifactKey: Guid(73a79399807f4e8388c2cbb5494681ca) Importer(2089858483,192608db42251d675da83286b1cce702)
Start importing Assets/TextMesh Pro/Examples & Extras/Fonts/Anton OFL.txt using Guid(73a79399807f4e8388c2cbb5494681ca) Importer(2089858483,192608db42251d675da83286b1cce702) (ScriptedImporter) -> (artifact id: '3c18b8559e24b8cdee7148c839a48a7b') in 0.0045012 seconds
Number of updated asset objects reloaded before import = 0Number of asset objects unloaded after import = 1

========================================================================
Received Import Request.
  Time since last request: 0.000036 seconds.
  path: Assets/TextMesh Pro/Examples & Extras/Fonts/Oswald-Bold.ttf
  artifactKey: Guid(c9f6d0e7bc8541498c9a4799ba184ede) Importer(2089858483,192608db42251d675da83286b1cce702)
Start importing Assets/TextMesh Pro/Examples & Extras/Fonts/Oswald-Bold.ttf using Guid(c9f6d0e7bc8541498c9a4799ba184ede) Importer(2089858483,192608db42251d675da83286b1cce702) (ScriptedImporter) -> (artifact id: '0cf211726bf48dab0f19c6f894adcbb7') in 0.0072365 seconds
Number of updated asset objects reloaded before import = 0Number of asset objects unloaded after import = 3

========================================================================
Received Import Request.
  Time since last request: 0.000017 seconds.
  path: Assets/TextMesh Pro/Examples & Extras/Scripts/VertexShakeB.cs
  artifactKey: Guid(e4e0d9ccee5f4950be8979268c9014e0) Importer(2089858483,192608db42251d675da83286b1cce702)
Start importing Assets/TextMesh Pro/Examples & Extras/Scripts/VertexShakeB.cs using Guid(e4e0d9ccee5f4950be8979268c9014e0) Importer(2089858483,192608db42251d675da83286b1cce702) (ScriptedImporter) -> (artifact id: 'bbe7b551a6a10ca518428431d21290b5') in 0.0038907 seconds
Number of updated asset objects reloaded before import = 0Number of asset objects unloaded after import = 0

========================================================================
Received Import Request.
  Time since last request: 0.000018 seconds.
  path: Assets/TheraBytes/BetterUI/Packages/Example_Ghost.unitypackage
  artifactKey: Guid(954278a4d1f70f34cb7c7e74eeb53bbd) Importer(2089858483,192608db42251d675da83286b1cce702)
Start importing Assets/TheraBytes/BetterUI/Packages/Example_Ghost.unitypackage using Guid(954278a4d1f70f34cb7c7e74eeb53bbd) Importer(2089858483,192608db42251d675da83286b1cce702) (ScriptedImporter) -> (artifact id: 'fb0186466f19857e0d507d6d469ed6be') in 0.0033086 seconds
Number of updated asset objects reloaded before import = 0Number of asset objects unloaded after import = 1

========================================================================
Received Import Request.
  Time since last request: 0.000016 seconds.
  path: Assets/TextMesh Pro/Examples & Extras/Fonts/Roboto-Bold - License.txt
  artifactKey: Guid(f0303f887b8fa7243a51432c478ff2f3) Importer(2089858483,192608db42251d675da83286b1cce702)
Start importing Assets/TextMesh Pro/Examples & Extras/Fonts/Roboto-Bold - License.txt using Guid(f0303f887b8fa7243a51432c478ff2f3) Importer(2089858483,192608db42251d675da83286b1cce702) (ScriptedImporter) -> (artifact id: '78141b6b5f3dc6e74f9fc4708853cb9f') in 0.0034447 seconds
Number of updated asset objects reloaded before import = 0Number of asset objects unloaded after import = 1

========================================================================
Received Import Request.
  Time since last request: 0.000017 seconds.
  path: Assets/TextMesh Pro/Examples & Extras/Scripts/TMP_TextSelector_A.cs
  artifactKey: Guid(103e0a6a1d404693b9fb1a5173e0e979) Importer(2089858483,192608db42251d675da83286b1cce702)
Start importing Assets/TextMesh Pro/Examples & Extras/Scripts/TMP_TextSelector_A.cs using Guid(103e0a6a1d404693b9fb1a5173e0e979) Importer(2089858483,192608db42251d675da83286b1cce702) (ScriptedImporter) -> (artifact id: 'f9cc7337c66c6745a3405128632f0e9f') in 0.0035623 seconds
Number of updated asset objects reloaded before import = 0Number of asset objects unloaded after import = 0

========================================================================
Received Import Request.
  Time since last request: 0.000032 seconds.
  path: Assets/TextMesh Pro/Examples & Extras/Scenes/28 - HDRP Shader Example.unity
  artifactKey: Guid(eea2b7206368b444e84fbec4ec32b64a) Importer(2089858483,192608db42251d675da83286b1cce702)
Start importing Assets/TextMesh Pro/Examples & Extras/Scenes/28 - HDRP Shader Example.unity using Guid(eea2b7206368b444e84fbec4ec32b64a) Importer(2089858483,192608db42251d675da83286b1cce702) (ScriptedImporter) -> (artifact id: '3b1965e61b29d41acfa75b32f4e936ed') in 0.0075392 seconds
Number of updated asset objects reloaded before import = 0Number of asset objects unloaded after import = 1

========================================================================
Received Import Request.
  Time since last request: 0.000023 seconds.
  path: Assets/TextMesh Pro/Examples & Extras/Scripts/TMP_TextInfoDebugTool.cs
  artifactKey: Guid(21256c5b62f346f18640dad779911e20) Importer(2089858483,192608db42251d675da83286b1cce702)
Start importing Assets/TextMesh Pro/Examples & Extras/Scripts/TMP_TextInfoDebugTool.cs using Guid(21256c5b62f346f18640dad779911e20) Importer(2089858483,192608db42251d675da83286b1cce702) (ScriptedImporter) -> (artifact id: '88876ba05e913d98cfc68556701dfbcd') in 0.0036359 seconds
Number of updated asset objects reloaded before import = 0Number of asset objects unloaded after import = 0

========================================================================
Received Import Request.
  Time since last request: 0.000025 seconds.
  path: Assets/TextMesh Pro/Examples & Extras/Scripts/DropdownSample.cs
  artifactKey: Guid(ac1eb05af6d391b4eb0f4c070a99f1d0) Importer(2089858483,192608db42251d675da83286b1cce702)
Start importing Assets/TextMesh Pro/Examples & Extras/Scripts/DropdownSample.cs using Guid(ac1eb05af6d391b4eb0f4c070a99f1d0) Importer(2089858483,192608db42251d675da83286b1cce702) (ScriptedImporter) -> (artifact id: 'f83eb2f26dbc773af2b7a16114a6d2bb') in 0.0036962 seconds
Number of updated asset objects reloaded before import = 0Number of asset objects unloaded after import = 0

========================================================================
Received Import Request.
  Time since last request: 0.000037 seconds.
  path: Assets/TextMesh Pro/Examples & Extras/Scripts/VertexJitter.cs
  artifactKey: Guid(2ed57967c52645d390a89dcf8f61ba73) Importer(2089858483,192608db42251d675da83286b1cce702)
Start importing Assets/TextMesh Pro/Examples & Extras/Scripts/VertexJitter.cs using Guid(2ed57967c52645d390a89dcf8f61ba73) Importer(2089858483,192608db42251d675da83286b1cce702) (ScriptedImporter) -> (artifact id: '75c34bd89a32ff8247a7d6798bf79b91') in 0.0051093 seconds
Number of updated asset objects reloaded before import = 0Number of asset objects unloaded after import = 0

========================================================================
Received Import Request.
  Time since last request: 0.000034 seconds.
  path: Assets/TextMesh Pro/Examples & Extras/Textures/Text Overflow - Linked Text Image 1.png
  artifactKey: Guid(4ccf43d26c4748c792174516f4a8fcef) Importer(2089858483,192608db42251d675da83286b1cce702)
Start importing Assets/TextMesh Pro/Examples & Extras/Textures/Text Overflow - Linked Text Image 1.png using Guid(4ccf43d26c4748c792174516f4a8fcef) Importer(2089858483,192608db42251d675da83286b1cce702) (ScriptedImporter) -> (artifact id: '4cf68030b38d9a5dc73f655715a6a88b') in 0.0143442 seconds
Number of updated asset objects reloaded before import = 0Number of asset objects unloaded after import = 1

========================================================================
Received Import Request.
  Time since last request: 0.000026 seconds.
  path: Assets/Plugins/Demigiant/DOTween/readme.txt
  artifactKey: Guid(fccfc62abf2eb0a4db614853430894fd) Importer(2089858483,192608db42251d675da83286b1cce702)
Start importing Assets/Plugins/Demigiant/DOTween/readme.txt using Guid(fccfc62abf2eb0a4db614853430894fd) Importer(2089858483,192608db42251d675da83286b1cce702) (ScriptedImporter) -> (artifact id: 'b05c76ccc0c1f4e0ca48884a16bb7bb6') in 0.0041507 seconds
Number of updated asset objects reloaded before import = 0Number of asset objects unloaded after import = 1

========================================================================
Received Import Request.
  Time since last request: 0.000019 seconds.
  path: Assets/TextMesh Pro/Examples & Extras/Scenes/12 - Link Example.unity
  artifactKey: Guid(9747140c28254be2adc582210dfb89b8) Importer(2089858483,192608db42251d675da83286b1cce702)
Start importing Assets/TextMesh Pro/Examples & Extras/Scenes/12 - Link Example.unity using Guid(9747140c28254be2adc582210dfb89b8) Importer(2089858483,192608db42251d675da83286b1cce702) (ScriptedImporter) -> (artifact id: '5b005d58f9398cd37ab45c6d625b0f6f') in 0.0049742 seconds
Number of updated asset objects reloaded before import = 0Number of asset objects unloaded after import = 1

========================================================================
Received Import Request.
  Time since last request: 0.000018 seconds.
  path: Assets/TextMesh Pro/Examples & Extras/Materials/Ground - Surface Shader Scene.mat
  artifactKey: Guid(aadd5a709a48466c887296bb5b1b8110) Importer(2089858483,192608db42251d675da83286b1cce702)
Start importing Assets/TextMesh Pro/Examples & Extras/Materials/Ground - Surface Shader Scene.mat using Guid(aadd5a709a48466c887296bb5b1b8110) Importer(2089858483,192608db42251d675da83286b1cce702) (ScriptedImporter) -> (artifact id: 'c50e78ba28917208deb699b834a8f111') in 0.0568653 seconds
Number of updated asset objects reloaded before import = 0Number of asset objects unloaded after import = 2

========================================================================
Received Import Request.
  Time since last request: 0.000028 seconds.
  path: Assets/TextMesh Pro/Examples & Extras/Scripts/Benchmark01.cs
  artifactKey: Guid(f970ea55f9f84bf79b05dab180b8c125) Importer(2089858483,192608db42251d675da83286b1cce702)
Start importing Assets/TextMesh Pro/Examples & Extras/Scripts/Benchmark01.cs using Guid(f970ea55f9f84bf79b05dab180b8c125) Importer(2089858483,192608db42251d675da83286b1cce702) (ScriptedImporter) -> (artifact id: 'bb076a7c01e703ee258740d58b002cb3') in 0.0048446 seconds
Number of updated asset objects reloaded before import = 0Number of asset objects unloaded after import = 0

========================================================================
Received Import Request.
  Time since last request: 0.000050 seconds.
  path: Assets/GoogleMobileAds/Platforms/Android/NativeExpressAdClient.cs
  artifactKey: Guid(da0c9216600c944caba37e742f0b0c38) Importer(2089858483,192608db42251d675da83286b1cce702)
Start importing Assets/GoogleMobileAds/Platforms/Android/NativeExpressAdClient.cs using Guid(da0c9216600c944caba37e742f0b0c38) Importer(2089858483,192608db42251d675da83286b1cce702) (ScriptedImporter) -> (artifact id: 'a55f805d12d770a13b9e3b2c9673bb35') in 0.0037331 seconds
Number of updated asset objects reloaded before import = 0Number of asset objects unloaded after import = 0

========================================================================
Received Import Request.
  Time since last request: 0.000033 seconds.
  path: Assets/TheraBytes/BetterUI/Packages/Example_CustomScreenTag.unitypackage
  artifactKey: Guid(6e822e9b674dc7c4a9002ea3b098d47f) Importer(2089858483,192608db42251d675da83286b1cce702)
Start importing Assets/TheraBytes/BetterUI/Packages/Example_CustomScreenTag.unitypackage using Guid(6e822e9b674dc7c4a9002ea3b098d47f) Importer(2089858483,192608db42251d675da83286b1cce702) (ScriptedImporter) -> (artifact id: '021c8090a0d69b311c09473b3861e7ab') in 0.0033745 seconds
Number of updated asset objects reloaded before import = 0Number of asset objects unloaded after import = 1

========================================================================
Received Import Request.
  Time since last request: 0.000024 seconds.
  path: Assets/TextMesh Pro/Examples & Extras/Scenes/08 - Improved Text Alignment.unity
  artifactKey: Guid(5fe2257128d9401fad0790f581dc8a6f) Importer(2089858483,192608db42251d675da83286b1cce702)
Start importing Assets/TextMesh Pro/Examples & Extras/Scenes/08 - Improved Text Alignment.unity using Guid(5fe2257128d9401fad0790f581dc8a6f) Importer(2089858483,192608db42251d675da83286b1cce702) (ScriptedImporter) -> (artifact id: '1386d68d2a1cb6160c76f73e1141511d') in 0.0047446 seconds
Number of updated asset objects reloaded before import = 0Number of asset objects unloaded after import = 1

========================================================================
Received Import Request.
  Time since last request: 0.000021 seconds.
  path: Assets/TextMesh Pro/Examples & Extras/Scripts/ObjectSpin.cs
  artifactKey: Guid(4f19c7f94c794c5097d8bd11e39c750d) Importer(2089858483,192608db42251d675da83286b1cce702)
Start importing Assets/TextMesh Pro/Examples & Extras/Scripts/ObjectSpin.cs using Guid(4f19c7f94c794c5097d8bd11e39c750d) Importer(2089858483,192608db42251d675da83286b1cce702) (ScriptedImporter) -> (artifact id: '654ac3c71a0797be18720e841b558677') in 0.0043516 seconds
Number of updated asset objects reloaded before import = 0Number of asset objects unloaded after import = 0

========================================================================
Received Import Request.
  Time since last request: 0.000026 seconds.
  path: Assets/TextMesh Pro/Examples & Extras/Scenes/15 - Inline Graphics & Sprites.unity
  artifactKey: Guid(e76e6c0f81964cbda3fe0b7d26ed8060) Importer(2089858483,192608db42251d675da83286b1cce702)
Start importing Assets/TextMesh Pro/Examples & Extras/Scenes/15 - Inline Graphics & Sprites.unity using Guid(e76e6c0f81964cbda3fe0b7d26ed8060) Importer(2089858483,192608db42251d675da83286b1cce702) (ScriptedImporter) -> (artifact id: '173d41206b853150630ab4d480cb1846') in 0.0058967 seconds
Number of updated asset objects reloaded before import = 0Number of asset objects unloaded after import = 1

========================================================================
Received Import Request.
  Time since last request: 0.250897 seconds.
  path: Assets/TheraBytes/BetterUI/Plugins/WebGL_dpi_fix.jslib
  artifactKey: Guid(6b201905e5159834d80965114609b398) Importer(2089858483,192608db42251d675da83286b1cce702)
Start importing Assets/TheraBytes/BetterUI/Plugins/WebGL_dpi_fix.jslib using Guid(6b201905e5159834d80965114609b398) Importer(2089858483,192608db42251d675da83286b1cce702) (ScriptedImporter) -> (artifact id: '87f60a7d62d52baecbce251fc678008d') in 0.0037535 seconds
Number of updated asset objects reloaded before import = 0Number of asset objects unloaded after import = 0

========================================================================
Received Import Request.
  Time since last request: 0.000024 seconds.
  path: Assets/unity-ui-extensions/Scripts/Effects/RaycastMask.cs
  artifactKey: Guid(22757922dd9d4064d8186fbef72b0772) Importer(2089858483,192608db42251d675da83286b1cce702)
Start importing Assets/unity-ui-extensions/Scripts/Effects/RaycastMask.cs using Guid(22757922dd9d4064d8186fbef72b0772) Importer(2089858483,192608db42251d675da83286b1cce702) (ScriptedImporter) -> (artifact id: '9682c649f4e810f5968ffeacb2939b96') in 0.0036906 seconds
Number of updated asset objects reloaded before import = 0Number of asset objects unloaded after import = 0

========================================================================
Received Import Request.
  Time since last request: 0.000043 seconds.
  path: Assets/unity-ui-extensions/Scripts/Effects/ShineEffector.cs
  artifactKey: Guid(ced63edd65f3aed41a6c4125a5f54217) Importer(2089858483,192608db42251d675da83286b1cce702)
Start importing Assets/unity-ui-extensions/Scripts/Effects/ShineEffector.cs using Guid(ced63edd65f3aed41a6c4125a5f54217) Importer(2089858483,192608db42251d675da83286b1cce702) (ScriptedImporter) -> (artifact id: '01de5be99e1960f7d05b0f2bc5807345') in 0.0039595 seconds
Number of updated asset objects reloaded before import = 0Number of asset objects unloaded after import = 0

========================================================================
Received Import Request.
  Time since last request: 0.000030 seconds.
  path: Assets/unity-ui-extensions/Scripts/Utilities/UI_TweenScale.cs
  artifactKey: Guid(61bf9d6fa29ed164e8a1df46e0d40835) Importer(2089858483,192608db42251d675da83286b1cce702)
Start importing Assets/unity-ui-extensions/Scripts/Utilities/UI_TweenScale.cs using Guid(61bf9d6fa29ed164e8a1df46e0d40835) Importer(2089858483,192608db42251d675da83286b1cce702) (ScriptedImporter) -> (artifact id: 'bc748fc2c4ef9213d2a4fa70d519b02b') in 0.0040238 seconds
Number of updated asset objects reloaded before import = 0Number of asset objects unloaded after import = 0

========================================================================
Received Import Request.
  Time since last request: 0.000229 seconds.
  path: Assets/unity-ui-extensions/Scripts/Effects/Gradient.cs
  artifactKey: Guid(0671953a9c649e5438e4d961d1983915) Importer(2089858483,192608db42251d675da83286b1cce702)
Start importing Assets/unity-ui-extensions/Scripts/Effects/Gradient.cs using Guid(0671953a9c649e5438e4d961d1983915) Importer(2089858483,192608db42251d675da83286b1cce702) (ScriptedImporter) -> (artifact id: '8e08bf964fa17ee95613222461302f18') in 0.003834 seconds
Number of updated asset objects reloaded before import = 0Number of asset objects unloaded after import = 0

========================================================================
Received Import Request.
  Time since last request: 0.000081 seconds.
  path: Assets/unity-ui-extensions/Scripts/Layout/CurvedLayout.cs
  artifactKey: Guid(8de815c5a2c592d4da033da3146168c5) Importer(2089858483,192608db42251d675da83286b1cce702)
Start importing Assets/unity-ui-extensions/Scripts/Layout/CurvedLayout.cs using Guid(8de815c5a2c592d4da033da3146168c5) Importer(2089858483,192608db42251d675da83286b1cce702) (ScriptedImporter) -> (artifact id: 'fa7384047b6433c18ca13c57a72beb0f') in 0.0049571 seconds
Number of updated asset objects reloaded before import = 0Number of asset objects unloaded after import = 0

========================================================================
Received Import Request.
  Time since last request: 0.000027 seconds.
  path: Assets/unity-ui-extensions/Scripts/Utilities/ScrollRectExtensions.cs
  artifactKey: Guid(9abaa5d90896b4d4a937574b6b3878ab) Importer(2089858483,192608db42251d675da83286b1cce702)
Start importing Assets/unity-ui-extensions/Scripts/Utilities/ScrollRectExtensions.cs using Guid(9abaa5d90896b4d4a937574b6b3878ab) Importer(2089858483,192608db42251d675da83286b1cce702) (ScriptedImporter) -> (artifact id: 'fde14e254e2d948cb70a147b99bcf274') in 0.0037097 seconds
Number of updated asset objects reloaded before import = 0Number of asset objects unloaded after import = 0

========================================================================
Received Import Request.
  Time since last request: 0.000039 seconds.
  path: Assets/TextMesh Pro/Examples & Extras/Resources/Fonts & Materials/Electronic Highway Sign SDF.asset
  artifactKey: Guid(dc36b3fdc14f47ebb36fd484a67e268a) Importer(2089858483,192608db42251d675da83286b1cce702)
Start importing Assets/TextMesh Pro/Examples & Extras/Resources/Fonts & Materials/Electronic Highway Sign SDF.asset using Guid(dc36b3fdc14f47ebb36fd484a67e268a) Importer(2089858483,192608db42251d675da83286b1cce702) (ScriptedImporter) -> (artifact id: 'ec44df851d970a8e1c7d40f58cb602de') in 0.028861 seconds
Number of updated asset objects reloaded before import = 0Number of asset objects unloaded after import = 5

========================================================================
Received Import Request.
  Time since last request: 0.000021 seconds.
  path: Assets/unity-ui-extensions/Scripts/Utilities/UISelectableExtension.cs
  artifactKey: Guid(6bb501adc62c7394fae41ae7a6032eb3) Importer(2089858483,192608db42251d675da83286b1cce702)
Start importing Assets/unity-ui-extensions/Scripts/Utilities/UISelectableExtension.cs using Guid(6bb501adc62c7394fae41ae7a6032eb3) Importer(2089858483,192608db42251d675da83286b1cce702) (ScriptedImporter) -> (artifact id: 'aa736897ab9d448e337072a289226158') in 0.0039601 seconds
Number of updated asset objects reloaded before import = 0Number of asset objects unloaded after import = 0

========================================================================
Received Import Request.
  Time since last request: 0.000028 seconds.
  path: Assets/unity-ui-extensions/Scripts/Utilities/UIScrollToSelectionXY.cs
  artifactKey: Guid(6580683838fcc12479150dd5e76e6b2e) Importer(2089858483,192608db42251d675da83286b1cce702)
Start importing Assets/unity-ui-extensions/Scripts/Utilities/UIScrollToSelectionXY.cs using Guid(6580683838fcc12479150dd5e76e6b2e) Importer(2089858483,192608db42251d675da83286b1cce702) (ScriptedImporter) -> (artifact id: 'a863123b60789eb75c4f335f16fef94d') in 0.0036683 seconds
Number of updated asset objects reloaded before import = 0Number of asset objects unloaded after import = 0

========================================================================
Received Import Request.
  Time since last request: 0.000036 seconds.
  path: Assets/TheraBytes/BetterUI/Editor/Icons/d_VerticalLayoutGroup Icon.png
  artifactKey: Guid(5dba4f3de8a8d984f867124ff6ce0aa7) Importer(2089858483,192608db42251d675da83286b1cce702)
Start importing Assets/TheraBytes/BetterUI/Editor/Icons/d_VerticalLayoutGroup Icon.png using Guid(5dba4f3de8a8d984f867124ff6ce0aa7) Importer(2089858483,192608db42251d675da83286b1cce702) (ScriptedImporter) -> (artifact id: '912bb094369434144cc6ae08a8692d41') in 0.0087751 seconds
Number of updated asset objects reloaded before import = 0Number of asset objects unloaded after import = 1

========================================================================
Received Import Request.
  Time since last request: 0.000018 seconds.
  path: Assets/TextMesh Pro/Examples & Extras/Resources/Fonts & Materials/Anton SDF - Outline.mat
  artifactKey: Guid(a00013af81304728b2be1f4309ee2433) Importer(2089858483,192608db42251d675da83286b1cce702)
Start importing Assets/TextMesh Pro/Examples & Extras/Resources/Fonts & Materials/Anton SDF - Outline.mat using Guid(a00013af81304728b2be1f4309ee2433) Importer(2089858483,192608db42251d675da83286b1cce702) (ScriptedImporter) -> (artifact id: '0d9fdf2174d5da953cfe304e420ebe9a') in 0.0095914 seconds
Number of updated asset objects reloaded before import = 0Number of asset objects unloaded after import = 2

========================================================================
Received Import Request.
  Time since last request: 0.000014 seconds.
  path: Assets/unity-ui-extensions/Scripts/Utilities/CLFZ2-CompressionHelper-ReadME.md
  artifactKey: Guid(125e21ede8cf31746b15797b86e6a479) Importer(2089858483,192608db42251d675da83286b1cce702)
Start importing Assets/unity-ui-extensions/Scripts/Utilities/CLFZ2-CompressionHelper-ReadME.md using Guid(125e21ede8cf31746b15797b86e6a479) Importer(2089858483,192608db42251d675da83286b1cce702) (ScriptedImporter) -> (artifact id: '34e0f1aad9513e8f22385f4c07ad80c6') in 0.0037273 seconds
Number of updated asset objects reloaded before import = 0Number of asset objects unloaded after import = 1

========================================================================
Received Import Request.
  Time since last request: 0.000026 seconds.
  path: Assets/unity-ui-extensions/Scripts/Controls/UI_Knob.cs
  artifactKey: Guid(d41844f60d3b21840a3ce64f958bd235) Importer(2089858483,192608db42251d675da83286b1cce702)
Start importing Assets/unity-ui-extensions/Scripts/Controls/UI_Knob.cs using Guid(d41844f60d3b21840a3ce64f958bd235) Importer(2089858483,192608db42251d675da83286b1cce702) (ScriptedImporter) -> (artifact id: '658c2267f91b21e99e3ff97f3e185407') in 0.0058706 seconds
Number of updated asset objects reloaded before import = 0Number of asset objects unloaded after import = 0

========================================================================
Received Import Request.
  Time since last request: 0.000013 seconds.
  path: Assets/unity-ui-extensions/Scripts/Primitives/UICornerCut.cs
  artifactKey: Guid(7a6e620ffa5a4e64b8875761130d0139) Importer(2089858483,192608db42251d675da83286b1cce702)
Start importing Assets/unity-ui-extensions/Scripts/Primitives/UICornerCut.cs using Guid(7a6e620ffa5a4e64b8875761130d0139) Importer(2089858483,192608db42251d675da83286b1cce702) (ScriptedImporter) -> (artifact id: '33b9455c696e29c21ced49a64137aa93') in 0.0040272 seconds
Number of updated asset objects reloaded before import = 0Number of asset objects unloaded after import = 0

========================================================================
Received Import Request.
  Time since last request: 0.000065 seconds.
  path: Assets/TheraBytes/BetterUI/Editor/Icons/prefab_normal_icon.png
  artifactKey: Guid(67630fe52580d844f8c85439a9000fea) Importer(2089858483,192608db42251d675da83286b1cce702)
Start importing Assets/TheraBytes/BetterUI/Editor/Icons/prefab_normal_icon.png using Guid(67630fe52580d844f8c85439a9000fea) Importer(2089858483,192608db42251d675da83286b1cce702) (ScriptedImporter) -> (artifact id: '962058c47d8c136fdba5c4500b29cd79') in 0.0095088 seconds
Number of updated asset objects reloaded before import = 0Number of asset objects unloaded after import = 1

========================================================================
Received Import Request.
  Time since last request: 0.000019 seconds.
  path: Assets/Plugins/Demigiant/DOTween/Editor/DOTweenEditor.dll
  artifactKey: Guid(45d5034162d6cf04dbe46da84fc7d074) Importer(2089858483,192608db42251d675da83286b1cce702)
Start importing Assets/Plugins/Demigiant/DOTween/Editor/DOTweenEditor.dll using Guid(45d5034162d6cf04dbe46da84fc7d074) Importer(2089858483,192608db42251d675da83286b1cce702) (ScriptedImporter) -> (artifact id: 'ad73374cd4166898a5dd663ed472db78') in 0.0058213 seconds
Number of updated asset objects reloaded before import = 0Number of asset objects unloaded after import = 0

========================================================================
Received Import Request.
  Time since last request: 0.000040 seconds.
  path: Assets/unity-ui-extensions/Scripts/Effects/SoftMaskScript.cs
  artifactKey: Guid(b8ee60af491978345bc197ed4e1316bc) Importer(2089858483,192608db42251d675da83286b1cce702)
Start importing Assets/unity-ui-extensions/Scripts/Effects/SoftMaskScript.cs using Guid(b8ee60af491978345bc197ed4e1316bc) Importer(2089858483,192608db42251d675da83286b1cce702) (ScriptedImporter) -> (artifact id: '1ee5b0db425669102165fbf16c81840b') in 0.0036759 seconds
Number of updated asset objects reloaded before import = 0Number of asset objects unloaded after import = 0

========================================================================
Received Import Request.
  Time since last request: 0.000034 seconds.
  path: Assets/TextMesh Pro/Examples & Extras/Resources/Color Gradient Presets/Yellow to Orange - Vertical.asset
  artifactKey: Guid(69a525efa7e6472eab268f6ea605f06e) Importer(2089858483,192608db42251d675da83286b1cce702)
Start importing Assets/TextMesh Pro/Examples & Extras/Resources/Color Gradient Presets/Yellow to Orange - Vertical.asset using Guid(69a525efa7e6472eab268f6ea605f06e) Importer(2089858483,192608db42251d675da83286b1cce702) (ScriptedImporter) -> (artifact id: 'f5123ae883f5cd5eaa1fe4dfdc4f97bf') in 0.0075767 seconds
Number of updated asset objects reloaded before import = 0Number of asset objects unloaded after import = 1

========================================================================
Received Import Request.
  Time since last request: 0.000023 seconds.
  path: Assets/TextMesh Pro/Examples & Extras/Resources/Fonts & Materials/Oswald Bold SDF.asset
  artifactKey: Guid(0161d805a3764c089bef00bfe00793f5) Importer(2089858483,192608db42251d675da83286b1cce702)
Start importing Assets/TextMesh Pro/Examples & Extras/Resources/Fonts & Materials/Oswald Bold SDF.asset using Guid(0161d805a3764c089bef00bfe00793f5) Importer(2089858483,192608db42251d675da83286b1cce702) (ScriptedImporter) -> (artifact id: '872a3ba9fe8f246cc7fff567b176581b') in 0.0144273 seconds
Number of updated asset objects reloaded before import = 0Number of asset objects unloaded after import = 5

========================================================================
Received Import Request.
  Time since last request: 0.000022 seconds.
  path: Assets/unity-ui-extensions/Scripts/Utilities/ScrollRectTweener.cs
  artifactKey: Guid(37838caa3fcff7f46a5e1418b35173c2) Importer(2089858483,192608db42251d675da83286b1cce702)
Start importing Assets/unity-ui-extensions/Scripts/Utilities/ScrollRectTweener.cs using Guid(37838caa3fcff7f46a5e1418b35173c2) Importer(2089858483,192608db42251d675da83286b1cce702) (ScriptedImporter) -> (artifact id: 'fa35898404a3054dbc59a9d3068cb627') in 0.0036585 seconds
Number of updated asset objects reloaded before import = 0Number of asset objects unloaded after import = 0

========================================================================
Received Import Request.
  Time since last request: 0.000032 seconds.
  path: Assets/TheraBytes/BetterUI/Editor/Icons/location_animations_icon.png
  artifactKey: Guid(e5eeee01c13a0904c8c9bd13eb907d5b) Importer(2089858483,192608db42251d675da83286b1cce702)
Start importing Assets/TheraBytes/BetterUI/Editor/Icons/location_animations_icon.png using Guid(e5eeee01c13a0904c8c9bd13eb907d5b) Importer(2089858483,192608db42251d675da83286b1cce702) (ScriptedImporter) -> (artifact id: '58ee1c222645faf059334ace84820e8d') in 0.0107595 seconds
Number of updated asset objects reloaded before import = 0Number of asset objects unloaded after import = 1

========================================================================
Received Import Request.
  Time since last request: 0.000022 seconds.
  path: Assets/TheraBytes/BetterUI_TextMeshPro/Editor/Scripts/BetterTextMeshProDropdownEditor.cs
  artifactKey: Guid(9f4d594a002b4eb44a4e8f7e2cf46a18) Importer(2089858483,192608db42251d675da83286b1cce702)
Start importing Assets/TheraBytes/BetterUI_TextMeshPro/Editor/Scripts/BetterTextMeshProDropdownEditor.cs using Guid(9f4d594a002b4eb44a4e8f7e2cf46a18) Importer(2089858483,192608db42251d675da83286b1cce702) (ScriptedImporter) -> (artifact id: '62baac6c4bbc49db98c1596d085437e6') in 0.0040812 seconds
Number of updated asset objects reloaded before import = 0Number of asset objects unloaded after import = 0

========================================================================
Received Import Request.
  Time since last request: 0.000041 seconds.
  path: Assets/TheraBytes/BetterUI/Editor/Scripts/ResolutionMonitorEditor.cs
  artifactKey: Guid(12df5d87da72bc547ad58ffab4941c7f) Importer(2089858483,192608db42251d675da83286b1cce702)
Start importing Assets/TheraBytes/BetterUI/Editor/Scripts/ResolutionMonitorEditor.cs using Guid(12df5d87da72bc547ad58ffab4941c7f) Importer(2089858483,192608db42251d675da83286b1cce702) (ScriptedImporter) -> (artifact id: '8da93263002dfc3d3628e27b9e82b266') in 0.0035652 seconds
Number of updated asset objects reloaded before import = 0Number of asset objects unloaded after import = 0

========================================================================
Received Import Request.
  Time since last request: 0.000048 seconds.
  path: Assets/TextMesh Pro/Examples & Extras/Resources/Fonts & Materials/Roboto-Bold SDF - URP.mat
  artifactKey: Guid(90722b8bd74d9aa49958562aff7bdf76) Importer(2089858483,192608db42251d675da83286b1cce702)
Start importing Assets/TextMesh Pro/Examples & Extras/Resources/Fonts & Materials/Roboto-Bold SDF - URP.mat using Guid(90722b8bd74d9aa49958562aff7bdf76) Importer(2089858483,192608db42251d675da83286b1cce702) (ScriptedImporter) -> (artifact id: '69771a4cd52fa7896ce316c6fd33e73e') in 0.0048474 seconds
Number of updated asset objects reloaded before import = 0Number of asset objects unloaded after import = 1

========================================================================
Received Import Request.
  Time since last request: 0.000015 seconds.
  path: Assets/unity-ui-extensions/Scripts/Utilities/SetPropertyUtility.cs
  artifactKey: Guid(d373cce4b1f361a40a126bd74d26ebc9) Importer(2089858483,192608db42251d675da83286b1cce702)
Start importing Assets/unity-ui-extensions/Scripts/Utilities/SetPropertyUtility.cs using Guid(d373cce4b1f361a40a126bd74d26ebc9) Importer(2089858483,192608db42251d675da83286b1cce702) (ScriptedImporter) -> (artifact id: '2eea58eb2a01a2e7d217bb29216f7535') in 0.004446 seconds
Number of updated asset objects reloaded before import = 0Number of asset objects unloaded after import = 0

========================================================================
Received Import Request.
  Time since last request: 0.000058 seconds.
  path: Assets/TextMesh Pro/Examples & Extras/Resources/Fonts & Materials/Bangers SDF - Drop Shadow.mat
  artifactKey: Guid(f2dcf029949142e28b974630369c8b4e) Importer(2089858483,192608db42251d675da83286b1cce702)
Start importing Assets/TextMesh Pro/Examples & Extras/Resources/Fonts & Materials/Bangers SDF - Drop Shadow.mat using Guid(f2dcf029949142e28b974630369c8b4e) Importer(2089858483,192608db42251d675da83286b1cce702) (ScriptedImporter) -> (artifact id: '602de45ca52c41defb549b63d79055ce') in 0.0058651 seconds
Number of updated asset objects reloaded before import = 0Number of asset objects unloaded after import = 2

========================================================================
Received Import Request.
  Time since last request: 0.000015 seconds.
  path: Assets/TheraBytes/BetterUI/Editor/Icons/d_GridLayoutGroup Icon.png
  artifactKey: Guid(5c3e1ca16c837d147b95e7836ebd57a1) Importer(2089858483,192608db42251d675da83286b1cce702)
Start importing Assets/TheraBytes/BetterUI/Editor/Icons/d_GridLayoutGroup Icon.png using Guid(5c3e1ca16c837d147b95e7836ebd57a1) Importer(2089858483,192608db42251d675da83286b1cce702) (ScriptedImporter) -> (artifact id: 'bf63986e52ee8e579f310368400c6fa7') in 0.0109317 seconds
Number of updated asset objects reloaded before import = 0Number of asset objects unloaded after import = 1

========================================================================
Received Import Request.
  Time since last request: 0.000018 seconds.
  path: Assets/TheraBytes/BetterUI_TextMeshPro/Editor/Icons/TMP_InputField.png
  artifactKey: Guid(0a35d44c7eac1ec488a6a43b558df190) Importer(2089858483,192608db42251d675da83286b1cce702)
Start importing Assets/TheraBytes/BetterUI_TextMeshPro/Editor/Icons/TMP_InputField.png using Guid(0a35d44c7eac1ec488a6a43b558df190) Importer(2089858483,192608db42251d675da83286b1cce702) (ScriptedImporter) -> (artifact id: 'fab52b53c650e9eeda0f93ebc8c6c9f6') in 0.0086393 seconds
Number of updated asset objects reloaded before import = 0Number of asset objects unloaded after import = 1

========================================================================
Received Import Request.
  Time since last request: 0.000026 seconds.
  path: Assets/unity-ui-extensions/Scripts/Controls/InputFocus.cs
  artifactKey: Guid(a18c7c81729dadf40aee407a0cff0462) Importer(2089858483,192608db42251d675da83286b1cce702)
Start importing Assets/unity-ui-extensions/Scripts/Controls/InputFocus.cs using Guid(a18c7c81729dadf40aee407a0cff0462) Importer(2089858483,192608db42251d675da83286b1cce702) (ScriptedImporter) -> (artifact id: 'e9d18ce86be71ee8e34a00e30fe824a4') in 0.0050781 seconds
Number of updated asset objects reloaded before import = 0Number of asset objects unloaded after import = 0

========================================================================
Received Import Request.
  Time since last request: 0.000044 seconds.
  path: Assets/TheraBytes/BetterUI/Editor/Icons/scale_icon.png
  artifactKey: Guid(3c5f07e5995c8d94b8da082ef4285cdb) Importer(2089858483,192608db42251d675da83286b1cce702)
Start importing Assets/TheraBytes/BetterUI/Editor/Icons/scale_icon.png using Guid(3c5f07e5995c8d94b8da082ef4285cdb) Importer(2089858483,192608db42251d675da83286b1cce702) (ScriptedImporter) -> (artifact id: 'c12d174e68e2c0dadad58c679a943d5e') in 0.0091586 seconds
Number of updated asset objects reloaded before import = 0Number of asset objects unloaded after import = 1

========================================================================
Received Import Request.
  Time since last request: 0.000018 seconds.
  path: Assets/TextMesh Pro/Examples & Extras/Resources/Sprite Assets/Default Sprite Asset.asset
  artifactKey: Guid(fbef3c704dce48f08a44612d6c856c8d) Importer(2089858483,192608db42251d675da83286b1cce702)
Start importing Assets/TextMesh Pro/Examples & Extras/Resources/Sprite Assets/Default Sprite Asset.asset using Guid(fbef3c704dce48f08a44612d6c856c8d) Importer(2089858483,192608db42251d675da83286b1cce702) (ScriptedImporter) -> (artifact id: '394d3acbe278704d56d6f4b47370ba7f') in 0.0156913 seconds
Number of updated asset objects reloaded before import = 0Number of asset objects unloaded after import = 3

========================================================================
Received Import Request.
  Time since last request: 0.000018 seconds.
  path: Assets/TheraBytes/BetterUI/Editor/Icons/Selectable Icon.png
  artifactKey: Guid(93edcc9e7731ee2428006e6a7a97ab5a) Importer(2089858483,192608db42251d675da83286b1cce702)
Start importing Assets/TheraBytes/BetterUI/Editor/Icons/Selectable Icon.png using Guid(93edcc9e7731ee2428006e6a7a97ab5a) Importer(2089858483,192608db42251d675da83286b1cce702) (ScriptedImporter) -> (artifact id: '72611d4d4f6dbc0122f8cf6b361a39f0') in 0.0123111 seconds
Number of updated asset objects reloaded before import = 0Number of asset objects unloaded after import = 1

========================================================================
Received Import Request.
  Time since last request: 0.000020 seconds.
  path: Assets/unity-ui-extensions/Scripts/Utilities/NonDrawingGraphic.cs
  artifactKey: Guid(51db53697a53f7a479b8570674dae649) Importer(2089858483,192608db42251d675da83286b1cce702)
Start importing Assets/unity-ui-extensions/Scripts/Utilities/NonDrawingGraphic.cs using Guid(51db53697a53f7a479b8570674dae649) Importer(2089858483,192608db42251d675da83286b1cce702) (ScriptedImporter) -> (artifact id: '3f33f2a69c506d63b89a11e654b921ba') in 0.0047029 seconds
Number of updated asset objects reloaded before import = 0Number of asset objects unloaded after import = 0

========================================================================
Received Import Request.
  Time since last request: 0.000027 seconds.
  path: Assets/unity-ui-extensions/Scripts/Layout/TileSizeFitter.cs
  artifactKey: Guid(614c629b8dffdb548b9bef9189606bb9) Importer(2089858483,192608db42251d675da83286b1cce702)
Start importing Assets/unity-ui-extensions/Scripts/Layout/TileSizeFitter.cs using Guid(614c629b8dffdb548b9bef9189606bb9) Importer(2089858483,192608db42251d675da83286b1cce702) (ScriptedImporter) -> (artifact id: '7783e9c62ece52fd88d6b43fdaeb5521') in 0.0049049 seconds
Number of updated asset objects reloaded before import = 0Number of asset objects unloaded after import = 0

========================================================================
Received Import Request.
  Time since last request: 0.000061 seconds.
  path: Assets/TextMesh Pro/Examples & Extras/Resources/Fonts & Materials/Roboto-Bold SDF - Surface.mat
  artifactKey: Guid(e6b276ec991f467aa14ef1f3cc665993) Importer(2089858483,192608db42251d675da83286b1cce702)
Start importing Assets/TextMesh Pro/Examples & Extras/Resources/Fonts & Materials/Roboto-Bold SDF - Surface.mat using Guid(e6b276ec991f467aa14ef1f3cc665993) Importer(2089858483,192608db42251d675da83286b1cce702) (ScriptedImporter) -> (artifact id: '40b9311b7f1201efbee7d8b563e215f4') in 0.030643 seconds
Number of updated asset objects reloaded before import = 0Number of asset objects unloaded after import = 2

========================================================================
Received Import Request.
  Time since last request: 0.204548 seconds.
  path: Assets/unity-ui-extensions/Scripts/Controls/Accordion/AccordionElement.cs
  artifactKey: Guid(3c9d341c4bc7de548937508e6f837144) Importer(2089858483,192608db42251d675da83286b1cce702)
Start importing Assets/unity-ui-extensions/Scripts/Controls/Accordion/AccordionElement.cs using Guid(3c9d341c4bc7de548937508e6f837144) Importer(2089858483,192608db42251d675da83286b1cce702) (ScriptedImporter) -> (artifact id: '1a24b427ba8a503c168b04dffb3b3194') in 0.0141594 seconds
Number of updated asset objects reloaded before import = 0Number of asset objects unloaded after import = 0

========================================================================
Received Import Request.
  Time since last request: 0.000013 seconds.
  path: Assets/TheraBytes/BetterUI/Editor/Scripts/UiElements/BetterButtonEditor.cs
  artifactKey: Guid(d803a87ddf41f8f4994e52d85bc2c1a2) Importer(2089858483,192608db42251d675da83286b1cce702)
Start importing Assets/TheraBytes/BetterUI/Editor/Scripts/UiElements/BetterButtonEditor.cs using Guid(d803a87ddf41f8f4994e52d85bc2c1a2) Importer(2089858483,192608db42251d675da83286b1cce702) (ScriptedImporter) -> (artifact id: '69fefec2999350537f1230adc1c1136f') in 0.0038928 seconds
Number of updated asset objects reloaded before import = 0Number of asset objects unloaded after import = 0

========================================================================
Received Import Request.
  Time since last request: 0.000024 seconds.
  path: Assets/unity-ui-extensions/Scripts/Effects/ShaderEffects/UIImageCrop.cs
  artifactKey: Guid(022c3983095dce44c9504739a8ed7324) Importer(2089858483,192608db42251d675da83286b1cce702)
Start importing Assets/unity-ui-extensions/Scripts/Effects/ShaderEffects/UIImageCrop.cs using Guid(022c3983095dce44c9504739a8ed7324) Importer(2089858483,192608db42251d675da83286b1cce702) (ScriptedImporter) -> (artifact id: 'a88afe14d2dec6833ee3cb04370fd4a7') in 0.0041874 seconds
Number of updated asset objects reloaded before import = 0Number of asset objects unloaded after import = 0

========================================================================
Received Import Request.
  Time since last request: 0.000033 seconds.
  path: Assets/unity-ui-extensions/Scripts/Controls/ReorderableList/ReorderableList.cs
  artifactKey: Guid(6b333d67eb08d464d823874f6a1666c2) Importer(2089858483,192608db42251d675da83286b1cce702)
Start importing Assets/unity-ui-extensions/Scripts/Controls/ReorderableList/ReorderableList.cs using Guid(6b333d67eb08d464d823874f6a1666c2) Importer(2089858483,192608db42251d675da83286b1cce702) (ScriptedImporter) -> (artifact id: 'e3719035c5190fa7a68c569b3ee8cb9a') in 0.0055071 seconds
Number of updated asset objects reloaded before import = 0Number of asset objects unloaded after import = 0

========================================================================
Received Import Request.
  Time since last request: 0.000016 seconds.
  path: Assets/TheraBytes/BetterUI/Editor/Scripts/Helpers/InjectedSettingsInspector.cs
  artifactKey: Guid(7afd4b6aac4ebd647bf7d233be5d7f62) Importer(2089858483,192608db42251d675da83286b1cce702)
Start importing Assets/TheraBytes/BetterUI/Editor/Scripts/Helpers/InjectedSettingsInspector.cs using Guid(7afd4b6aac4ebd647bf7d233be5d7f62) Importer(2089858483,192608db42251d675da83286b1cce702) (ScriptedImporter) -> (artifact id: 'c9fda7aa8876e77d3ac2c8e5bc378808') in 0.0037661 seconds
Number of updated asset objects reloaded before import = 0Number of asset objects unloaded after import = 0

========================================================================
Received Import Request.
  Time since last request: 0.000037 seconds.
  path: Assets/TheraBytes/BetterUI/Editor/Scripts/Windows/AboutWindow.cs
  artifactKey: Guid(b50fde7b95989184e8851ab2102cbe9c) Importer(2089858483,192608db42251d675da83286b1cce702)
Start importing Assets/TheraBytes/BetterUI/Editor/Scripts/Windows/AboutWindow.cs using Guid(b50fde7b95989184e8851ab2102cbe9c) Importer(2089858483,192608db42251d675da83286b1cce702) (ScriptedImporter) -> (artifact id: 'ff0920b8de16873ef7ab3c0bdbc58c6f') in 0.0041672 seconds
Number of updated asset objects reloaded before import = 0Number of asset objects unloaded after import = 0

========================================================================
Received Import Request.
  Time since last request: 0.000037 seconds.
  path: Assets/TheraBytes/BetterUI/Runtime/Scripts/Utils/PredefinedMaterial.cs
  artifactKey: Guid(cd5bee3bd559fc243aabb20b5bfc2bf9) Importer(2089858483,192608db42251d675da83286b1cce702)
Start importing Assets/TheraBytes/BetterUI/Runtime/Scripts/Utils/PredefinedMaterial.cs using Guid(cd5bee3bd559fc243aabb20b5bfc2bf9) Importer(2089858483,192608db42251d675da83286b1cce702) (ScriptedImporter) -> (artifact id: '610f766a952a2570733363aafb2ee90f') in 0.0043597 seconds
Number of updated asset objects reloaded before import = 0Number of asset objects unloaded after import = 0

========================================================================
Received Import Request.
  Time since last request: 0.000050 seconds.
  path: Assets/unity-ui-extensions/Scripts/Controls/ComboBox/ComboBox.cs
  artifactKey: Guid(cd26acd32e1be2747b9e5f3587b2b1d5) Importer(2089858483,192608db42251d675da83286b1cce702)
Start importing Assets/unity-ui-extensions/Scripts/Controls/ComboBox/ComboBox.cs using Guid(cd26acd32e1be2747b9e5f3587b2b1d5) Importer(2089858483,192608db42251d675da83286b1cce702) (ScriptedImporter) -> (artifact id: 'cdf2183c4cc6ecf6e8b27e2c2268be43') in 0.0036863 seconds
Number of updated asset objects reloaded before import = 0Number of asset objects unloaded after import = 0

========================================================================
Received Import Request.
  Time since last request: 0.000043 seconds.
  path: Assets/TheraBytes/BetterUI/Editor/Icons/Resources/allign_right.png
  artifactKey: Guid(2158ea48d4fb9544e83589cf66329ca6) Importer(2089858483,192608db42251d675da83286b1cce702)
Start importing Assets/TheraBytes/BetterUI/Editor/Icons/Resources/allign_right.png using Guid(2158ea48d4fb9544e83589cf66329ca6) Importer(2089858483,192608db42251d675da83286b1cce702) (ScriptedImporter) -> (artifact id: 'b30d6fdefdb472bc7e644ed4853d1bf2') in 0.0090769 seconds
Number of updated asset objects reloaded before import = 0Number of asset objects unloaded after import = 1

========================================================================
Received Import Request.
  Time since last request: 0.000024 seconds.
  path: Assets/TheraBytes/BetterUI/Editor/Icons/Resources/allign_top.png
  artifactKey: Guid(61812105362df424b8ed297cb1d46008) Importer(2089858483,192608db42251d675da83286b1cce702)
Start importing Assets/TheraBytes/BetterUI/Editor/Icons/Resources/allign_top.png using Guid(61812105362df424b8ed297cb1d46008) Importer(2089858483,192608db42251d675da83286b1cce702) (ScriptedImporter) -> (artifact id: '6f04e690acdf7e6fe786dcc73006507c') in 0.0110982 seconds
Number of updated asset objects reloaded before import = 0Number of asset objects unloaded after import = 1

========================================================================
Received Import Request.
  Time since last request: 0.000023 seconds.
  path: Assets/unity-ui-extensions/Scripts/Controls/ReorderableList/ReorderableListElement.cs
  artifactKey: Guid(916e98f1b982a9a4082fcc45c87b66c5) Importer(2089858483,192608db42251d675da83286b1cce702)
Start importing Assets/unity-ui-extensions/Scripts/Controls/ReorderableList/ReorderableListElement.cs using Guid(916e98f1b982a9a4082fcc45c87b66c5) Importer(2089858483,192608db42251d675da83286b1cce702) (ScriptedImporter) -> (artifact id: 'baa3bae62ad0f487bcb6370660528ff1') in 0.0033703 seconds
Number of updated asset objects reloaded before import = 0Number of asset objects unloaded after import = 0

========================================================================
Received Import Request.
  Time since last request: 0.000030 seconds.
  path: Assets/TheraBytes/BetterUI/Runtime/Scripts/Utils/IngameResolutionMonitor.cs
  artifactKey: Guid(884be8bb07786e4449048685a4567d82) Importer(2089858483,192608db42251d675da83286b1cce702)
Start importing Assets/TheraBytes/BetterUI/Runtime/Scripts/Utils/IngameResolutionMonitor.cs using Guid(884be8bb07786e4449048685a4567d82) Importer(2089858483,192608db42251d675da83286b1cce702) (ScriptedImporter) -> (artifact id: 'c1bbd511c62b2317d871fb6ee28244bd') in 0.0040834 seconds
Number of updated asset objects reloaded before import = 0Number of asset objects unloaded after import = 0

========================================================================
Received Import Request.
  Time since last request: 0.000032 seconds.
  path: Assets/TheraBytes/BetterUI/Runtime/Resources/Materials/HueSaturationBrightness_Multiply.mat
  artifactKey: Guid(c64fdbc2c2a3d0040a1f98879aa029cd) Importer(2089858483,192608db42251d675da83286b1cce702)
Start importing Assets/TheraBytes/BetterUI/Runtime/Resources/Materials/HueSaturationBrightness_Multiply.mat using Guid(c64fdbc2c2a3d0040a1f98879aa029cd) Importer(2089858483,192608db42251d675da83286b1cce702) (ScriptedImporter) -> (artifact id: '7c2dd4b8f15f1fbae65fbd42de3abe04') in 0.0298481 seconds
Number of updated asset objects reloaded before import = 0Number of asset objects unloaded after import = 1

========================================================================
Received Import Request.
  Time since last request: 0.000026 seconds.
  path: Assets/TheraBytes/BetterUI/Editor/Scripts/ResolutionSizer/SizeModifierDrawer/ScreenDependentSizeModifierDrawer.cs
  artifactKey: Guid(77434e80dc9a2b24eb58fe2972091b18) Importer(2089858483,192608db42251d675da83286b1cce702)
Start importing Assets/TheraBytes/BetterUI/Editor/Scripts/ResolutionSizer/SizeModifierDrawer/ScreenDependentSizeModifierDrawer.cs using Guid(77434e80dc9a2b24eb58fe2972091b18) Importer(2089858483,192608db42251d675da83286b1cce702) (ScriptedImporter) -> (artifact id: '7b428843c199c565bbb27bcef4079901') in 0.0042343 seconds
Number of updated asset objects reloaded before import = 0Number of asset objects unloaded after import = 0

========================================================================
Received Import Request.
  Time since last request: 0.000017 seconds.
  path: Assets/TheraBytes/BetterUI/Editor/Scripts/UiLayout/BetterLocatorEditor.cs
  artifactKey: Guid(3245bbe53af372840834da2ab9290e0a) Importer(2089858483,192608db42251d675da83286b1cce702)
Start importing Assets/TheraBytes/BetterUI/Editor/Scripts/UiLayout/BetterLocatorEditor.cs using Guid(3245bbe53af372840834da2ab9290e0a) Importer(2089858483,192608db42251d675da83286b1cce702) (ScriptedImporter) -> (artifact id: 'f6a54246e85f27c688abeba26efd2005') in 0.0041211 seconds
Number of updated asset objects reloaded before import = 0Number of asset objects unloaded after import = 0

========================================================================
Received Import Request.
  Time since last request: 0.000020 seconds.
  path: Assets/TheraBytes/BetterUI/Editor/Scripts/UiLayout/OverrideScreenPropertiesEditor.cs
  artifactKey: Guid(5de766eebd70a0749998ab0d9869987b) Importer(2089858483,192608db42251d675da83286b1cce702)
Start importing Assets/TheraBytes/BetterUI/Editor/Scripts/UiLayout/OverrideScreenPropertiesEditor.cs using Guid(5de766eebd70a0749998ab0d9869987b) Importer(2089858483,192608db42251d675da83286b1cce702) (ScriptedImporter) -> (artifact id: '2f02f0f53d830600e9675e48a39ff545') in 0.0041035 seconds
Number of updated asset objects reloaded before import = 0Number of asset objects unloaded after import = 0

========================================================================
Received Import Request.
  Time since last request: 0.000021 seconds.
  path: Assets/TheraBytes/BetterUI/Editor/Scripts/UiElements/BetterInputFieldEditor.cs
  artifactKey: Guid(69be142533a1fee4186f9ec4c02ba4c3) Importer(2089858483,192608db42251d675da83286b1cce702)
Start importing Assets/TheraBytes/BetterUI/Editor/Scripts/UiElements/BetterInputFieldEditor.cs using Guid(69be142533a1fee4186f9ec4c02ba4c3) Importer(2089858483,192608db42251d675da83286b1cce702) (ScriptedImporter) -> (artifact id: 'c0fa67d130e07bde100da01826f9f966') in 0.0045244 seconds
Number of updated asset objects reloaded before import = 0Number of asset objects unloaded after import = 0

========================================================================
Received Import Request.
  Time since last request: 0.000018 seconds.
  path: Assets/unity-ui-extensions/Scripts/Utilities/Serialization/Surrogates/Vector4Surrogate.cs
  artifactKey: Guid(b8d9d01e813a7f647b39998b6e31af44) Importer(2089858483,192608db42251d675da83286b1cce702)
Start importing Assets/unity-ui-extensions/Scripts/Utilities/Serialization/Surrogates/Vector4Surrogate.cs using Guid(b8d9d01e813a7f647b39998b6e31af44) Importer(2089858483,192608db42251d675da83286b1cce702) (ScriptedImporter) -> (artifact id: '75226fce5cb0284cc05b4ef1aa708575') in 0.0037606 seconds
Number of updated asset objects reloaded before import = 0Number of asset objects unloaded after import = 0

========================================================================
Received Import Request.
  Time since last request: 0.000046 seconds.
  path: Assets/unity-ui-extensions/Scripts/Utilities/Serialization/ExampleScriptsAndClasses/TestScript.cs
  artifactKey: Guid(693e98742914c7b40b6f0d1b51020e3c) Importer(2089858483,192608db42251d675da83286b1cce702)
Start importing Assets/unity-ui-extensions/Scripts/Utilities/Serialization/ExampleScriptsAndClasses/TestScript.cs using Guid(693e98742914c7b40b6f0d1b51020e3c) Importer(2089858483,192608db42251d675da83286b1cce702) (ScriptedImporter) -> (artifact id: '6a9938c670aa0ed134e4f2245ad89c9d') in 0.0070561 seconds
Number of updated asset objects reloaded before import = 0Number of asset objects unloaded after import = 0

========================================================================
Received Import Request.
  Time since last request: 0.000023 seconds.
  path: Assets/TheraBytes/BetterUI/Editor/Scripts/Windows/ResolutionPicker.cs
  artifactKey: Guid(ee3f5bfb869227e479437b07d6ec4f4b) Importer(2089858483,192608db42251d675da83286b1cce702)
Start importing Assets/TheraBytes/BetterUI/Editor/Scripts/Windows/ResolutionPicker.cs using Guid(ee3f5bfb869227e479437b07d6ec4f4b) Importer(2089858483,192608db42251d675da83286b1cce702) (ScriptedImporter) -> (artifact id: '0c735163ac53f6f226b86762587da393') in 0.0065934 seconds
Number of updated asset objects reloaded before import = 0Number of asset objects unloaded after import = 0

========================================================================
Received Import Request.
  Time since last request: 0.000037 seconds.
  path: Assets/TheraBytes/BetterUI/Runtime/Scripts/BetterUiLayout/AnchorOverride.cs
  artifactKey: Guid(72bb440e960788e4aa3a7a514a420719) Importer(2089858483,192608db42251d675da83286b1cce702)
Start importing Assets/TheraBytes/BetterUI/Runtime/Scripts/BetterUiLayout/AnchorOverride.cs using Guid(72bb440e960788e4aa3a7a514a420719) Importer(2089858483,192608db42251d675da83286b1cce702) (ScriptedImporter) -> (artifact id: '5773f4180835628cce5126210c152f97') in 0.0079691 seconds
Number of updated asset objects reloaded before import = 0Number of asset objects unloaded after import = 1

========================================================================
Received Import Request.
  Time since last request: 0.000020 seconds.
  path: Assets/unity-ui-extensions/Scripts/Controls/ColorPicker/TiltWindow.cs
  artifactKey: Guid(c7be5109ea5b91e4b856621023b15168) Importer(2089858483,192608db42251d675da83286b1cce702)
Start importing Assets/unity-ui-extensions/Scripts/Controls/ColorPicker/TiltWindow.cs using Guid(c7be5109ea5b91e4b856621023b15168) Importer(2089858483,192608db42251d675da83286b1cce702) (ScriptedImporter) -> (artifact id: 'e602dc8f4d23ff03e2337f67eba29eae') in 0.0050192 seconds
Number of updated asset objects reloaded before import = 0Number of asset objects unloaded after import = 0

========================================================================
Received Import Request.
  Time since last request: 0.000043 seconds.
  path: Assets/unity-ui-extensions/Scripts/Controls/ComboBox/AutoCompleteComboBox.cs
  artifactKey: Guid(ef22b091ebae52c47aa3e86ad9040c05) Importer(2089858483,192608db42251d675da83286b1cce702)
Start importing Assets/unity-ui-extensions/Scripts/Controls/ComboBox/AutoCompleteComboBox.cs using Guid(ef22b091ebae52c47aa3e86ad9040c05) Importer(2089858483,192608db42251d675da83286b1cce702) (ScriptedImporter) -> (artifact id: '053d27d5942e15172df6ccb3d47ac7da') in 0.0058078 seconds
Number of updated asset objects reloaded before import = 0Number of asset objects unloaded after import = 0

========================================================================
Received Import Request.
  Time since last request: 0.000045 seconds.
  path: Assets/TheraBytes/BetterUI/Editor/Scripts/UiLayout/SizeDeltaSizerEditor.cs
  artifactKey: Guid(3e4054bf0c90ea6439d07f42b8be0f57) Importer(2089858483,192608db42251d675da83286b1cce702)
Start importing Assets/TheraBytes/BetterUI/Editor/Scripts/UiLayout/SizeDeltaSizerEditor.cs using Guid(3e4054bf0c90ea6439d07f42b8be0f57) Importer(2089858483,192608db42251d675da83286b1cce702) (ScriptedImporter) -> (artifact id: '40631d7edfdcfeeba5826c112f32b5d3') in 0.0039604 seconds
Number of updated asset objects reloaded before import = 0Number of asset objects unloaded after import = 0

========================================================================
Received Import Request.
  Time since last request: 0.000048 seconds.
  path: Assets/TheraBytes/BetterUI/Runtime/Resources/Materials/ColorOverlay_Normal.mat
  artifactKey: Guid(338f504cd2199ef45875026a5a9b93db) Importer(2089858483,192608db42251d675da83286b1cce702)
Start importing Assets/TheraBytes/BetterUI/Runtime/Resources/Materials/ColorOverlay_Normal.mat using Guid(338f504cd2199ef45875026a5a9b93db) Importer(2089858483,192608db42251d675da83286b1cce702) (ScriptedImporter) -> (artifact id: 'b442100a8f95f4736daa4b312e72a53a') in 0.0051283 seconds
Number of updated asset objects reloaded before import = 0Number of asset objects unloaded after import = 1

========================================================================
Received Import Request.
  Time since last request: 0.000016 seconds.
  path: Assets/TheraBytes/BetterUI/Editor/Scripts/UiLayout/RectTransformDataDrawer.cs
  artifactKey: Guid(2ef865cbd83e5f948bce2836d2c56ce5) Importer(2089858483,192608db42251d675da83286b1cce702)
Start importing Assets/TheraBytes/BetterUI/Editor/Scripts/UiLayout/RectTransformDataDrawer.cs using Guid(2ef865cbd83e5f948bce2836d2c56ce5) Importer(2089858483,192608db42251d675da83286b1cce702) (ScriptedImporter) -> (artifact id: '09d763869c71407f754585c5e909d1fb') in 0.0036938 seconds
Number of updated asset objects reloaded before import = 0Number of asset objects unloaded after import = 0

========================================================================
Received Import Request.
  Time since last request: 0.000030 seconds.
  path: Assets/unity-ui-extensions/Scripts/ToolTips/BoundTooltip/BoundTooltipTrigger.cs
  artifactKey: Guid(d4d7c934af453a9469701b72267593ec) Importer(2089858483,192608db42251d675da83286b1cce702)
Start importing Assets/unity-ui-extensions/Scripts/ToolTips/BoundTooltip/BoundTooltipTrigger.cs using Guid(d4d7c934af453a9469701b72267593ec) Importer(2089858483,192608db42251d675da83286b1cce702) (ScriptedImporter) -> (artifact id: '572ca009fe660a5021ded1f4624f0850') in 0.0037325 seconds
Number of updated asset objects reloaded before import = 0Number of asset objects unloaded after import = 0

========================================================================
Received Import Request.
  Time since last request: 0.000057 seconds.
  path: Assets/TheraBytes/BetterUI/Editor/Scripts/UiElements/BetterSliderEditor.cs
  artifactKey: Guid(a814849397e52bf4980fa09495e9089b) Importer(2089858483,192608db42251d675da83286b1cce702)
Start importing Assets/TheraBytes/BetterUI/Editor/Scripts/UiElements/BetterSliderEditor.cs using Guid(a814849397e52bf4980fa09495e9089b) Importer(2089858483,192608db42251d675da83286b1cce702) (ScriptedImporter) -> (artifact id: '6b1c2479d9aa73d57bf5c464c9b26610') in 0.0046108 seconds
Number of updated asset objects reloaded before import = 0Number of asset objects unloaded after import = 0

========================================================================
Received Import Request.
  Time since last request: 0.000035 seconds.
  path: Assets/TheraBytes/BetterUI/Editor/Scripts/Helpers/TransitionsDrawer.cs
  artifactKey: Guid(558491c092f72b3428c3cc957724f2b1) Importer(2089858483,192608db42251d675da83286b1cce702)
Start importing Assets/TheraBytes/BetterUI/Editor/Scripts/Helpers/TransitionsDrawer.cs using Guid(558491c092f72b3428c3cc957724f2b1) Importer(2089858483,192608db42251d675da83286b1cce702) (ScriptedImporter) -> (artifact id: '31c6215073dbe3505ca9fe52599feb8f') in 0.0035289 seconds
Number of updated asset objects reloaded before import = 0Number of asset objects unloaded after import = 0

========================================================================
Received Import Request.
  Time since last request: 0.000025 seconds.
  path: Assets/unity-ui-extensions/Scripts/Utilities/Serialization/ExampleScriptsAndClasses/SerializeTest.unity
  artifactKey: Guid(6eac4e9e69c0f7645b30c39bfa564d95) Importer(2089858483,192608db42251d675da83286b1cce702)
Start importing Assets/unity-ui-extensions/Scripts/Utilities/Serialization/ExampleScriptsAndClasses/SerializeTest.unity using Guid(6eac4e9e69c0f7645b30c39bfa564d95) Importer(2089858483,192608db42251d675da83286b1cce702) (ScriptedImporter) -> (artifact id: '65a945f7b1b6068eeaa5acddce2b1355') in 0.0038799 seconds
Number of updated asset objects reloaded before import = 0Number of asset objects unloaded after import = 1

========================================================================
Received Import Request.
  Time since last request: 0.000020 seconds.
  path: Assets/Plugins/Demigiant/DOTween/Editor/Imgs/DOTweenMiniIcon.png
  artifactKey: Guid(61521df2e071645488ba3d05e49289ae) Importer(2089858483,192608db42251d675da83286b1cce702)
Start importing Assets/Plugins/Demigiant/DOTween/Editor/Imgs/DOTweenMiniIcon.png using Guid(61521df2e071645488ba3d05e49289ae) Importer(2089858483,192608db42251d675da83286b1cce702) (ScriptedImporter) -> (artifact id: 'bed1868ebeb8f6b7662518690006350d') in 0.0115935 seconds
Number of updated asset objects reloaded before import = 0Number of asset objects unloaded after import = 1

========================================================================
Received Import Request.
  Time since last request: 0.000017 seconds.
  path: Assets/TheraBytes/BetterUI/Runtime/Scripts/BetterUiLayout/GameObjectActivator.cs
  artifactKey: Guid(f8a4ce7182179574d9e4a860dd3cdd3c) Importer(2089858483,192608db42251d675da83286b1cce702)
Start importing Assets/TheraBytes/BetterUI/Runtime/Scripts/BetterUiLayout/GameObjectActivator.cs using Guid(f8a4ce7182179574d9e4a860dd3cdd3c) Importer(2089858483,192608db42251d675da83286b1cce702) (ScriptedImporter) -> (artifact id: '544c46c693a6ff8aefde17cd84d0f3e5') in 0.0049598 seconds
Number of updated asset objects reloaded before import = 0Number of asset objects unloaded after import = 1

========================================================================
Received Import Request.
  Time since last request: 0.000019 seconds.
  path: Assets/TheraBytes/BetterUI/Runtime/Scripts/Utils/VertexMaterialData.cs
  artifactKey: Guid(b21b91861280651429e836d6367d8258) Importer(2089858483,192608db42251d675da83286b1cce702)
Start importing Assets/TheraBytes/BetterUI/Runtime/Scripts/Utils/VertexMaterialData.cs using Guid(b21b91861280651429e836d6367d8258) Importer(2089858483,192608db42251d675da83286b1cce702) (ScriptedImporter) -> (artifact id: '9b55468810e29d53a3596e3792e3bce7') in 0.0053786 seconds
Number of updated asset objects reloaded before import = 0Number of asset objects unloaded after import = 0

========================================================================
Received Import Request.
  Time since last request: 0.000047 seconds.
  path: Assets/TheraBytes/BetterUI/Editor/Scripts/ResolutionSizer/SizeModifierDrawer/FloatSizeModifierDrawer.cs
  artifactKey: Guid(5f84e1f08352f3841a6643f008f2b293) Importer(2089858483,192608db42251d675da83286b1cce702)
Start importing Assets/TheraBytes/BetterUI/Editor/Scripts/ResolutionSizer/SizeModifierDrawer/FloatSizeModifierDrawer.cs using Guid(5f84e1f08352f3841a6643f008f2b293) Importer(2089858483,192608db42251d675da83286b1cce702) (ScriptedImporter) -> (artifact id: 'bd33e721896241265e8be9dab046ff3d') in 0.0046793 seconds
Number of updated asset objects reloaded before import = 0Number of asset objects unloaded after import = 0

========================================================================
Received Import Request.
  Time since last request: 0.000016 seconds.
  path: Assets/TheraBytes/BetterUI/Runtime/Resources/Materials/Grayscale.shader
  artifactKey: Guid(9c938b662d6b04f4c914cc4cabe4b22d) Importer(2089858483,192608db42251d675da83286b1cce702)
Start importing Assets/TheraBytes/BetterUI/Runtime/Resources/Materials/Grayscale.shader using Guid(9c938b662d6b04f4c914cc4cabe4b22d) Importer(2089858483,192608db42251d675da83286b1cce702) (ScriptedImporter) -> (artifact id: '8d31f5105465bbd954b3f83c14e06ca3') in 0.0042629 seconds
Number of updated asset objects reloaded before import = 0Number of asset objects unloaded after import = 1

========================================================================
Received Import Request.
  Time since last request: 0.000021 seconds.
  path: Assets/unity-ui-extensions/Scripts/Controls/Accordion/Tweening/TweenRunner.cs
  artifactKey: Guid(d00ab96853b24074cb837ee70f07dddc) Importer(2089858483,192608db42251d675da83286b1cce702)
Start importing Assets/unity-ui-extensions/Scripts/Controls/Accordion/Tweening/TweenRunner.cs using Guid(d00ab96853b24074cb837ee70f07dddc) Importer(2089858483,192608db42251d675da83286b1cce702) (ScriptedImporter) -> (artifact id: '7de0f5abc63d981d23c94d80a32d0f10') in 0.0042966 seconds
Number of updated asset objects reloaded before import = 0Number of asset objects unloaded after import = 0

========================================================================
Received Import Request.
  Time since last request: 0.000020 seconds.
  path: Assets/TheraBytes/BetterUI/Editor/Scripts/ResolutionSizer/SizeModifierDrawer/Vector3SizeModifierDrawer.cs
  artifactKey: Guid(48bd7f3bb88eee043b83f5d163256896) Importer(2089858483,192608db42251d675da83286b1cce702)
Start importing Assets/TheraBytes/BetterUI/Editor/Scripts/ResolutionSizer/SizeModifierDrawer/Vector3SizeModifierDrawer.cs using Guid(48bd7f3bb88eee043b83f5d163256896) Importer(2089858483,192608db42251d675da83286b1cce702) (ScriptedImporter) -> (artifact id: 'c79f7a62f1da9a37b05f29184d2385c5') in 0.0039161 seconds
Number of updated asset objects reloaded before import = 0Number of asset objects unloaded after import = 0

========================================================================
Received Import Request.
  Time since last request: 0.000027 seconds.
  path: Assets/unity-ui-extensions/Scripts/Utilities/Serialization/Surrogates/ColorSurrogate.cs
  artifactKey: Guid(81d3e9dc19c30c24483b1f77953a82c3) Importer(2089858483,192608db42251d675da83286b1cce702)
Start importing Assets/unity-ui-extensions/Scripts/Utilities/Serialization/Surrogates/ColorSurrogate.cs using Guid(81d3e9dc19c30c24483b1f77953a82c3) Importer(2089858483,192608db42251d675da83286b1cce702) (ScriptedImporter) -> (artifact id: '5cc173ae78f047cfbc7c9d965c773164') in 0.003633 seconds
Number of updated asset objects reloaded before import = 0Number of asset objects unloaded after import = 0

========================================================================
Received Import Request.
  Time since last request: 0.000038 seconds.
  path: Assets/TheraBytes/BetterUI/Editor/Scripts/Windows/SetNameOrDeleteOptimizedScreen.cs
  artifactKey: Guid(b00a8007f65bfa2468ca66c346e91507) Importer(2089858483,192608db42251d675da83286b1cce702)
Start importing Assets/TheraBytes/BetterUI/Editor/Scripts/Windows/SetNameOrDeleteOptimizedScreen.cs using Guid(b00a8007f65bfa2468ca66c346e91507) Importer(2089858483,192608db42251d675da83286b1cce702) (ScriptedImporter) -> (artifact id: '10cc15ac93bcec71309d034131013b7f') in 0.0035691 seconds
Number of updated asset objects reloaded before import = 0Number of asset objects unloaded after import = 0

========================================================================
Received Import Request.
  Time since last request: 0.000015 seconds.
  path: Assets/TheraBytes/BetterUI/Editor/Scripts/Helpers/SerializedPropertyUtil.cs
  artifactKey: Guid(b448c2717820b4949a6314c7148c58fb) Importer(2089858483,192608db42251d675da83286b1cce702)
Start importing Assets/TheraBytes/BetterUI/Editor/Scripts/Helpers/SerializedPropertyUtil.cs using Guid(b448c2717820b4949a6314c7148c58fb) Importer(2089858483,192608db42251d675da83286b1cce702) (ScriptedImporter) -> (artifact id: 'cc50e273d456048e4ef18f161d7868a6') in 0.0056504 seconds
Number of updated asset objects reloaded before import = 0Number of asset objects unloaded after import = 0

========================================================================
Received Import Request.
  Time since last request: 0.000045 seconds.
  path: Assets/TheraBytes/BetterUI/Editor/Scripts/ResolutionSizer/MarginDrawer.cs
  artifactKey: Guid(36003b17e04c9ab468a0959c009374fe) Importer(2089858483,192608db42251d675da83286b1cce702)
Start importing Assets/TheraBytes/BetterUI/Editor/Scripts/ResolutionSizer/MarginDrawer.cs using Guid(36003b17e04c9ab468a0959c009374fe) Importer(2089858483,192608db42251d675da83286b1cce702) (ScriptedImporter) -> (artifact id: '0fd03e26961cec8b40b73cc373a6279e') in 0.0039098 seconds
Number of updated asset objects reloaded before import = 0Number of asset objects unloaded after import = 0

========================================================================
Received Import Request.
  Time since last request: 0.000039 seconds.
  path: Assets/TheraBytes/BetterUI/Runtime/Scripts/Extensions/RectTransformExtensions.cs
  artifactKey: Guid(75634e749b2b2b543aa2f75b15c22d5f) Importer(2089858483,192608db42251d675da83286b1cce702)
Start importing Assets/TheraBytes/BetterUI/Runtime/Scripts/Extensions/RectTransformExtensions.cs using Guid(75634e749b2b2b543aa2f75b15c22d5f) Importer(2089858483,192608db42251d675da83286b1cce702) (ScriptedImporter) -> (artifact id: '31cf52d01030c3094da407bf65109334') in 0.0038341 seconds
Number of updated asset objects reloaded before import = 0Number of asset objects unloaded after import = 0

========================================================================
Received Import Request.
  Time since last request: 0.000043 seconds.
  path: Assets/TheraBytes/BetterUI/Runtime/Scripts/BetterUiElements/BetterScrollbar.cs
  artifactKey: Guid(1b2d1b18c6388374a83897363aa56919) Importer(2089858483,192608db42251d675da83286b1cce702)
Start importing Assets/TheraBytes/BetterUI/Runtime/Scripts/BetterUiElements/BetterScrollbar.cs using Guid(1b2d1b18c6388374a83897363aa56919) Importer(2089858483,192608db42251d675da83286b1cce702) (ScriptedImporter) -> (artifact id: '1027cd9fdbdc9c6826ab82c28db53e4e') in 0.0058252 seconds
Number of updated asset objects reloaded before import = 0Number of asset objects unloaded after import = 1

========================================================================
Received Import Request.
  Time since last request: 0.000022 seconds.
  path: Assets/TheraBytes/BetterUI/Runtime/Scripts/Interfaces/IBetterTransitionUiElement.cs
  artifactKey: Guid(05b24eae24fcd9247a01dc6943d1a802) Importer(2089858483,192608db42251d675da83286b1cce702)
Start importing Assets/TheraBytes/BetterUI/Runtime/Scripts/Interfaces/IBetterTransitionUiElement.cs using Guid(05b24eae24fcd9247a01dc6943d1a802) Importer(2089858483,192608db42251d675da83286b1cce702) (ScriptedImporter) -> (artifact id: 'ea0d1401661d3f1af1aa37d1e04bfec2') in 0.0037898 seconds
Number of updated asset objects reloaded before import = 0Number of asset objects unloaded after import = 0

========================================================================
Received Import Request.
  Time since last request: 0.000024 seconds.
  path: Assets/unity-ui-extensions/Scripts/Controls/ColorPicker/ColorValues.cs
  artifactKey: Guid(0f473590aed5e3f4ab5a0157b2a53dbd) Importer(2089858483,192608db42251d675da83286b1cce702)
Start importing Assets/unity-ui-extensions/Scripts/Controls/ColorPicker/ColorValues.cs using Guid(0f473590aed5e3f4ab5a0157b2a53dbd) Importer(2089858483,192608db42251d675da83286b1cce702) (ScriptedImporter) -> (artifact id: 'ff15081139fb65b61ebc91bbf7d11350') in 0.0035696 seconds
Number of updated asset objects reloaded before import = 0Number of asset objects unloaded after import = 0

========================================================================
Received Import Request.
  Time since last request: 0.000036 seconds.
  path: Assets/unity-ui-extensions/Scripts/Controls/ColorPicker/ColorPickerTester.cs
  artifactKey: Guid(06851a815227e5044b0e3c1bf9b3a282) Importer(2089858483,192608db42251d675da83286b1cce702)
Start importing Assets/unity-ui-extensions/Scripts/Controls/ColorPicker/ColorPickerTester.cs using Guid(06851a815227e5044b0e3c1bf9b3a282) Importer(2089858483,192608db42251d675da83286b1cce702) (ScriptedImporter) -> (artifact id: '4e23de8e04876040dc92379ee71f8c53') in 0.0047788 seconds
Number of updated asset objects reloaded before import = 0Number of asset objects unloaded after import = 0

========================================================================
Received Import Request.
  Time since last request: 0.000020 seconds.
  path: Assets/TheraBytes/BetterUI/Editor/Icons/Resources/snap_vertical_edges.png
  artifactKey: Guid(4c5fb0d4d54d1914da15bd0ab78811bd) Importer(2089858483,192608db42251d675da83286b1cce702)
Start importing Assets/TheraBytes/BetterUI/Editor/Icons/Resources/snap_vertical_edges.png using Guid(4c5fb0d4d54d1914da15bd0ab78811bd) Importer(2089858483,192608db42251d675da83286b1cce702) (ScriptedImporter) -> (artifact id: '8d5700ac1deca9ed3a339a0926c07e5c') in 0.0105334 seconds
Number of updated asset objects reloaded before import = 0Number of asset objects unloaded after import = 1

========================================================================
Received Import Request.
  Time since last request: 0.000023 seconds.
  path: Assets/unity-ui-extensions/Scripts/Effects/ShaderEffects/UISoftAdditiveEffect.cs
  artifactKey: Guid(692867a1eddc7df419ec15b05b4084ec) Importer(2089858483,192608db42251d675da83286b1cce702)
Start importing Assets/unity-ui-extensions/Scripts/Effects/ShaderEffects/UISoftAdditiveEffect.cs using Guid(692867a1eddc7df419ec15b05b4084ec) Importer(2089858483,192608db42251d675da83286b1cce702) (ScriptedImporter) -> (artifact id: '3fda93a5f8b76961ba9fbc9abcb8861b') in 0.0036248 seconds
Number of updated asset objects reloaded before import = 0Number of asset objects unloaded after import = 0

========================================================================
Received Import Request.
  Time since last request: 0.000030 seconds.
  path: Assets/Plugins/Demigiant/DOTween/Editor/Imgs/DOTweenIcon.png
  artifactKey: Guid(8da095e39e9b4df488dfd436f81116d6) Importer(2089858483,192608db42251d675da83286b1cce702)
Start importing Assets/Plugins/Demigiant/DOTween/Editor/Imgs/DOTweenIcon.png using Guid(8da095e39e9b4df488dfd436f81116d6) Importer(2089858483,192608db42251d675da83286b1cce702) (ScriptedImporter) -> (artifact id: 'b5a3d9b64f538f998c74d043fa50b477') in 0.0092553 seconds
Number of updated asset objects reloaded before import = 0Number of asset objects unloaded after import = 1

========================================================================
Received Import Request.
  Time since last request: 0.000047 seconds.
  path: Assets/TheraBytes/BetterUI/Runtime/Scripts/BetterUiLayout/Margin.cs
  artifactKey: Guid(fa7d97593b807864884e0e4320307a45) Importer(2089858483,192608db42251d675da83286b1cce702)
Start importing Assets/TheraBytes/BetterUI/Runtime/Scripts/BetterUiLayout/Margin.cs using Guid(fa7d97593b807864884e0e4320307a45) Importer(2089858483,192608db42251d675da83286b1cce702) (ScriptedImporter) -> (artifact id: 'a84e0d2ef40fcab76a50de4c4901ac63') in 0.0038695 seconds
Number of updated asset objects reloaded before import = 0Number of asset objects unloaded after import = 0

========================================================================
Received Import Request.
  Time since last request: 0.000038 seconds.
  path: Assets/TheraBytes/BetterUI/Editor/Scripts/UiLayout/BetterAspectRatioFitterEditor.cs
  artifactKey: Guid(beaccbe7b3fce1b4abea9443d384b4e8) Importer(2089858483,192608db42251d675da83286b1cce702)
Start importing Assets/TheraBytes/BetterUI/Editor/Scripts/UiLayout/BetterAspectRatioFitterEditor.cs using Guid(beaccbe7b3fce1b4abea9443d384b4e8) Importer(2089858483,192608db42251d675da83286b1cce702) (ScriptedImporter) -> (artifact id: '77b9877c4117f4e35f00124986dba52c') in 0.0046538 seconds
Number of updated asset objects reloaded before import = 0Number of asset objects unloaded after import = 0

========================================================================
Received Import Request.
  Time since last request: 0.000032 seconds.
  path: Assets/unity-ui-extensions/Scripts/Utilities/Serialization/Serialization-ReadME.md
  artifactKey: Guid(0b972ef82b6647d4fa774ed6de28650c) Importer(2089858483,192608db42251d675da83286b1cce702)
Start importing Assets/unity-ui-extensions/Scripts/Utilities/Serialization/Serialization-ReadME.md using Guid(0b972ef82b6647d4fa774ed6de28650c) Importer(2089858483,192608db42251d675da83286b1cce702) (ScriptedImporter) -> (artifact id: 'c8513ee46723eb5371e3e2aa051a8402') in 0.0038726 seconds
Number of updated asset objects reloaded before import = 0Number of asset objects unloaded after import = 1

========================================================================
Received Import Request.
  Time since last request: 0.000019 seconds.
  path: Assets/unity-ui-extensions/Scripts/Controls/ComboBox/DropDownListItem.cs
  artifactKey: Guid(e1dd512d0ed874740902b01df530b2dc) Importer(2089858483,192608db42251d675da83286b1cce702)
Start importing Assets/unity-ui-extensions/Scripts/Controls/ComboBox/DropDownListItem.cs using Guid(e1dd512d0ed874740902b01df530b2dc) Importer(2089858483,192608db42251d675da83286b1cce702) (ScriptedImporter) -> (artifact id: 'c72071a3b8efa9bf746d2e79258f5245') in 0.0041432 seconds
Number of updated asset objects reloaded before import = 0Number of asset objects unloaded after import = 0

========================================================================
Received Import Request.
  Time since last request: 0.000015 seconds.
  path: Assets/TheraBytes/BetterUI/Editor/Scripts/UiElements/BetterImageEditor.cs
  artifactKey: Guid(bdf6e657945a4694f9a489b4b65f4c33) Importer(2089858483,192608db42251d675da83286b1cce702)
Start importing Assets/TheraBytes/BetterUI/Editor/Scripts/UiElements/BetterImageEditor.cs using Guid(bdf6e657945a4694f9a489b4b65f4c33) Importer(2089858483,192608db42251d675da83286b1cce702) (ScriptedImporter) -> (artifact id: '7b764166cb6eddf7474bd315d631bdad') in 0.0041362 seconds
Number of updated asset objects reloaded before import = 0Number of asset objects unloaded after import = 0

========================================================================
Received Import Request.
  Time since last request: 0.000030 seconds.
  path: Assets/TheraBytes/BetterUI/Runtime/Resources/Materials/Standard_Normal.mat
  artifactKey: Guid(6e9f27fd6fa2dab419c89444f24414ca) Importer(2089858483,192608db42251d675da83286b1cce702)
Start importing Assets/TheraBytes/BetterUI/Runtime/Resources/Materials/Standard_Normal.mat using Guid(6e9f27fd6fa2dab419c89444f24414ca) Importer(2089858483,192608db42251d675da83286b1cce702) (ScriptedImporter) -> (artifact id: '721ca3f4507e907c0515d6f7628e7bd5') in 0.0065393 seconds
Number of updated asset objects reloaded before import = 0Number of asset objects unloaded after import = 1

========================================================================
Received Import Request.
  Time since last request: 0.000017 seconds.
  path: Assets/unity-ui-extensions/Scripts/Controls/RescalingPanels/RescaleDragPanel.cs
  artifactKey: Guid(c210a6e68020b4349a4020e7da57826e) Importer(2089858483,192608db42251d675da83286b1cce702)
Start importing Assets/unity-ui-extensions/Scripts/Controls/RescalingPanels/RescaleDragPanel.cs using Guid(c210a6e68020b4349a4020e7da57826e) Importer(2089858483,192608db42251d675da83286b1cce702) (ScriptedImporter) -> (artifact id: '8848ecd1738d104dcd063fb57352e56b') in 0.0034845 seconds
Number of updated asset objects reloaded before import = 0Number of asset objects unloaded after import = 0

========================================================================
Received Import Request.
  Time since last request: 0.000035 seconds.
  path: Assets/unity-ui-extensions/Scripts/Controls/ColorPicker/HSVUtil.cs
  artifactKey: Guid(4f3189246d7fc204faba7a1e9c08e0af) Importer(2089858483,192608db42251d675da83286b1cce702)
Start importing Assets/unity-ui-extensions/Scripts/Controls/ColorPicker/HSVUtil.cs using Guid(4f3189246d7fc204faba7a1e9c08e0af) Importer(2089858483,192608db42251d675da83286b1cce702) (ScriptedImporter) -> (artifact id: 'e69e133e23a280a149735eed1a7870b9') in 0.0034911 seconds
Number of updated asset objects reloaded before import = 0Number of asset objects unloaded after import = 0

========================================================================
Received Import Request.
  Time since last request: 0.148201 seconds.
  path: Assets/TheraBytes/BetterUI/Editor/Scripts/ThirdParty/ReorderableList/ReorderableListControl.cs
  artifactKey: Guid(92b6c13aa2d4c7c48b557531ca51a35b) Importer(2089858483,192608db42251d675da83286b1cce702)
Start importing Assets/TheraBytes/BetterUI/Editor/Scripts/ThirdParty/ReorderableList/ReorderableListControl.cs using Guid(92b6c13aa2d4c7c48b557531ca51a35b) Importer(2089858483,192608db42251d675da83286b1cce702) (ScriptedImporter) -> (artifact id: '7aa700f31197a1778120260767d9a85d') in 0.00604 seconds
Number of updated asset objects reloaded before import = 0Number of asset objects unloaded after import = 0

========================================================================
Received Import Request.
  Time since last request: 0.000030 seconds.
  path: Assets/TheraBytes/BetterUI/Editor/Scripts/ThirdParty/ReorderableList/Element Adder Menu/IElementAdderMenuBuilder.cs
  artifactKey: Guid(b18abce77be452e459911d07f38280b3) Importer(2089858483,192608db42251d675da83286b1cce702)
Start importing Assets/TheraBytes/BetterUI/Editor/Scripts/ThirdParty/ReorderableList/Element Adder Menu/IElementAdderMenuBuilder.cs using Guid(b18abce77be452e459911d07f38280b3) Importer(2089858483,192608db42251d675da83286b1cce702) (ScriptedImporter) -> (artifact id: '0b99bb622c46cd81833332c9147c4e67') in 0.0034414 seconds
Number of updated asset objects reloaded before import = 0Number of asset objects unloaded after import = 0

========================================================================
Received Import Request.
  Time since last request: 0.000024 seconds.
  path: Assets/TheraBytes/BetterUI/Runtime/Scripts/BetterUiElements/Transitions/Transitions.cs
  artifactKey: Guid(14f0a76620ec34e4783875dbcb52b611) Importer(2089858483,192608db42251d675da83286b1cce702)
Start importing Assets/TheraBytes/BetterUI/Runtime/Scripts/BetterUiElements/Transitions/Transitions.cs using Guid(14f0a76620ec34e4783875dbcb52b611) Importer(2089858483,192608db42251d675da83286b1cce702) (ScriptedImporter) -> (artifact id: 'c64c3191268894a3c5373d94dd820d48') in 0.0122263 seconds
Number of updated asset objects reloaded before import = 0Number of asset objects unloaded after import = 0

========================================================================
Received Import Request.
  Time since last request: 0.000025 seconds.
  path: Assets/TheraBytes/BetterUI/Editor/Scripts/ThirdParty/ReorderableList/Internal/GUIHelper.cs
  artifactKey: Guid(03c46644c161b30418c64e435c687723) Importer(2089858483,192608db42251d675da83286b1cce702)
Start importing Assets/TheraBytes/BetterUI/Editor/Scripts/ThirdParty/ReorderableList/Internal/GUIHelper.cs using Guid(03c46644c161b30418c64e435c687723) Importer(2089858483,192608db42251d675da83286b1cce702) (ScriptedImporter) -> (artifact id: 'f8d7bd5f7556e284ada6ef7d3d05d0e8') in 0.0038448 seconds
Number of updated asset objects reloaded before import = 0Number of asset objects unloaded after import = 0

========================================================================
Received Import Request.
  Time since last request: 0.000019 seconds.
  path: Assets/TheraBytes/BetterUI/Editor/Scripts/Wizard/Pages/ResolutionMonitorPage.cs
  artifactKey: Guid(f5293b7358db9064a88a8e0371732184) Importer(2089858483,192608db42251d675da83286b1cce702)
Start importing Assets/TheraBytes/BetterUI/Editor/Scripts/Wizard/Pages/ResolutionMonitorPage.cs using Guid(f5293b7358db9064a88a8e0371732184) Importer(2089858483,192608db42251d675da83286b1cce702) (ScriptedImporter) -> (artifact id: 'b2d9c75394bd523009113d7dd61664d6') in 0.0040239 seconds
Number of updated asset objects reloaded before import = 0Number of asset objects unloaded after import = 0

========================================================================
Received Import Request.
  Time since last request: 0.000038 seconds.
  path: Assets/TheraBytes/BetterUI/Runtime/Scripts/BetterUiElements/Transitions/TransitionStateCollection.cs
  artifactKey: Guid(76fcd1cdb7e49e64a857051978b5d8a5) Importer(2089858483,192608db42251d675da83286b1cce702)
Start importing Assets/TheraBytes/BetterUI/Runtime/Scripts/BetterUiElements/Transitions/TransitionStateCollection.cs using Guid(76fcd1cdb7e49e64a857051978b5d8a5) Importer(2089858483,192608db42251d675da83286b1cce702) (ScriptedImporter) -> (artifact id: '6170622e9c914c6bde9e8b829c656a3c') in 0.0046581 seconds
Number of updated asset objects reloaded before import = 0Number of asset objects unloaded after import = 0

========================================================================
Received Import Request.
  Time since last request: 0.000025 seconds.
  path: Assets/TheraBytes/BetterUI/Editor/Scripts/ThirdParty/ReorderableList/Element Adder Menu/IElementAdderMenuCommand.cs
  artifactKey: Guid(212411794f4bbe54cb4aa8030d3c0739) Importer(2089858483,192608db42251d675da83286b1cce702)
Start importing Assets/TheraBytes/BetterUI/Editor/Scripts/ThirdParty/ReorderableList/Element Adder Menu/IElementAdderMenuCommand.cs using Guid(212411794f4bbe54cb4aa8030d3c0739) Importer(2089858483,192608db42251d675da83286b1cce702) (ScriptedImporter) -> (artifact id: '5b89b894de83688e1b3c1cddb5ac8739') in 0.0035973 seconds
Number of updated asset objects reloaded before import = 0Number of asset objects unloaded after import = 0

========================================================================
Received Import Request.
  Time since last request: 0.000023 seconds.
  path: Assets/TheraBytes/BetterUI/Editor/Scripts/Wizard/WizardFramework/PageElements/ValueWizardPageElement.cs
  artifactKey: Guid(9f7e8304a76be094db20b48dd7f14b92) Importer(2089858483,192608db42251d675da83286b1cce702)
Start importing Assets/TheraBytes/BetterUI/Editor/Scripts/Wizard/WizardFramework/PageElements/ValueWizardPageElement.cs using Guid(9f7e8304a76be094db20b48dd7f14b92) Importer(2089858483,192608db42251d675da83286b1cce702) (ScriptedImporter) -> (artifact id: '1d2a60de552d74b901dd412aa20becad') in 0.0035329 seconds
Number of updated asset objects reloaded before import = 0Number of asset objects unloaded after import = 0

========================================================================
Received Import Request.
  Time since last request: 0.000016 seconds.
  path: Assets/TheraBytes/BetterUI/Editor/Scripts/ThirdParty/ReorderableList/Element Adder Menu/GenericElementAdderMenuBuilder.cs
  artifactKey: Guid(17444bb65eb02d14f911b5a89cdd6cb6) Importer(2089858483,192608db42251d675da83286b1cce702)
Start importing Assets/TheraBytes/BetterUI/Editor/Scripts/ThirdParty/ReorderableList/Element Adder Menu/GenericElementAdderMenuBuilder.cs using Guid(17444bb65eb02d14f911b5a89cdd6cb6) Importer(2089858483,192608db42251d675da83286b1cce702) (ScriptedImporter) -> (artifact id: 'bd2f4331d19e80fdf0987afbab2dbe0d') in 0.0050891 seconds
Number of updated asset objects reloaded before import = 0Number of asset objects unloaded after import = 0

========================================================================
Received Import Request.
  Time since last request: 0.000029 seconds.
  path: Assets/TheraBytes/BetterUI/Runtime/Scripts/BetterUiLayout/SizeModifiers/SizeConfigCollection.cs
  artifactKey: Guid(094dba45f72fff849802dcc4eb9a9c8b) Importer(2089858483,192608db42251d675da83286b1cce702)
Start importing Assets/TheraBytes/BetterUI/Runtime/Scripts/BetterUiLayout/SizeModifiers/SizeConfigCollection.cs using Guid(094dba45f72fff849802dcc4eb9a9c8b) Importer(2089858483,192608db42251d675da83286b1cce702) (ScriptedImporter) -> (artifact id: 'd26dc24071416ad36f624a38327d7ead') in 0.0039023 seconds
Number of updated asset objects reloaded before import = 0Number of asset objects unloaded after import = 0

========================================================================
Received Import Request.
  Time since last request: 0.000033 seconds.
  path: Assets/TheraBytes/BetterUI/Runtime/Scripts/BetterUiElements/Transitions/AlphaTransitions.cs
  artifactKey: Guid(c8263e9ca6888b844ab3f3d8e71d881c) Importer(2089858483,192608db42251d675da83286b1cce702)
Start importing Assets/TheraBytes/BetterUI/Runtime/Scripts/BetterUiElements/Transitions/AlphaTransitions.cs using Guid(c8263e9ca6888b844ab3f3d8e71d881c) Importer(2089858483,192608db42251d675da83286b1cce702) (ScriptedImporter) -> (artifact id: '488dc2843d3f6e65d78def0f4a4f02a7') in 0.004107 seconds
Number of updated asset objects reloaded before import = 0Number of asset objects unloaded after import = 0

========================================================================
Received Import Request.
  Time since last request: 0.000027 seconds.
  path: Assets/TheraBytes/BetterUI/Editor/Scripts/Wizard/WizardFramework/WizardPageElementBase.cs
  artifactKey: Guid(039d44e51a4637a498599ca309c701ca) Importer(2089858483,192608db42251d675da83286b1cce702)
Start importing Assets/TheraBytes/BetterUI/Editor/Scripts/Wizard/WizardFramework/WizardPageElementBase.cs using Guid(039d44e51a4637a498599ca309c701ca) Importer(2089858483,192608db42251d675da83286b1cce702) (ScriptedImporter) -> (artifact id: '3d9d21ec2b1a5b722460fd30abfe74b9') in 0.0039805 seconds
Number of updated asset objects reloaded before import = 0Number of asset objects unloaded after import = 0

========================================================================
Received Import Request.
  Time since last request: 0.000066 seconds.
  path: Assets/TheraBytes/BetterUI/Editor/Scripts/Wizard/Pages/FinalPage.cs
  artifactKey: Guid(ad953502fe3ea2a42b557ce2695c218f) Importer(2089858483,192608db42251d675da83286b1cce702)
Start importing Assets/TheraBytes/BetterUI/Editor/Scripts/Wizard/Pages/FinalPage.cs using Guid(ad953502fe3ea2a42b557ce2695c218f) Importer(2089858483,192608db42251d675da83286b1cce702) (ScriptedImporter) -> (artifact id: 'cf526572d0f380591f4c24cf774f29da') in 0.0042892 seconds
Number of updated asset objects reloaded before import = 0Number of asset objects unloaded after import = 0

========================================================================
Received Import Request.
  Time since last request: 0.000021 seconds.
  path: Assets/TheraBytes/BetterUI/Runtime/Scripts/BetterUiElements/Transitions/Color32Transitions.cs
  artifactKey: Guid(24d482078b3f20c40b9c450a1a9b2166) Importer(2089858483,192608db42251d675da83286b1cce702)
Start importing Assets/TheraBytes/BetterUI/Runtime/Scripts/BetterUiElements/Transitions/Color32Transitions.cs using Guid(24d482078b3f20c40b9c450a1a9b2166) Importer(2089858483,192608db42251d675da83286b1cce702) (ScriptedImporter) -> (artifact id: 'b81334830fbd4c62135dba555b61b4d1') in 0.0039728 seconds
Number of updated asset objects reloaded before import = 0Number of asset objects unloaded after import = 0

========================================================================
Received Import Request.
  Time since last request: 0.000028 seconds.
  path: Assets/TheraBytes/BetterUI/Runtime/Scripts/BetterUiLayout/SizeModifiers/ImpactMode.cs
  artifactKey: Guid(31abed297a36a754dbb8452b710d2b16) Importer(2089858483,192608db42251d675da83286b1cce702)
Start importing Assets/TheraBytes/BetterUI/Runtime/Scripts/BetterUiLayout/SizeModifiers/ImpactMode.cs using Guid(31abed297a36a754dbb8452b710d2b16) Importer(2089858483,192608db42251d675da83286b1cce702) (ScriptedImporter) -> (artifact id: '2c9fae7486af8de5643595ad2cf85030') in 0.0035055 seconds
Number of updated asset objects reloaded before import = 0Number of asset objects unloaded after import = 0

========================================================================
Received Import Request.
  Time since last request: 0.000031 seconds.
  path: Assets/TheraBytes/BetterUI/Runtime/Scripts/BetterUiElements/Transitions/MaterialPropertyTransition.cs
  artifactKey: Guid(22a8043ef37a9f04fa89a930f7d751c3) Importer(2089858483,192608db42251d675da83286b1cce702)
Start importing Assets/TheraBytes/BetterUI/Runtime/Scripts/BetterUiElements/Transitions/MaterialPropertyTransition.cs using Guid(22a8043ef37a9f04fa89a930f7d751c3) Importer(2089858483,192608db42251d675da83286b1cce702) (ScriptedImporter) -> (artifact id: 'e007601d504527e4e43ff9d78b908692') in 0.003869 seconds
Number of updated asset objects reloaded before import = 0Number of asset objects unloaded after import = 0

========================================================================
Received Import Request.
  Time since last request: 0.000016 seconds.
  path: Assets/TheraBytes/BetterUI/Editor/Scripts/Wizard/WizardFramework/PageElements/InfoWizardPageElement.cs
  artifactKey: Guid(4be12c896df7056409058261afb72fed) Importer(2089858483,192608db42251d675da83286b1cce702)
Start importing Assets/TheraBytes/BetterUI/Editor/Scripts/Wizard/WizardFramework/PageElements/InfoWizardPageElement.cs using Guid(4be12c896df7056409058261afb72fed) Importer(2089858483,192608db42251d675da83286b1cce702) (ScriptedImporter) -> (artifact id: 'ee857be91ac5c71f5507b4c8c081af56') in 0.004772 seconds
Number of updated asset objects reloaded before import = 0Number of asset objects unloaded after import = 0

========================================================================
Received Import Request.
  Time since last request: 0.000014 seconds.
  path: Assets/TheraBytes/BetterUI/Runtime/Scripts/BetterUiLayout/SizeModifiers/Vector2SizeModifier.cs
  artifactKey: Guid(1c7584edc2d1cb244af2a7e72d018d56) Importer(2089858483,192608db42251d675da83286b1cce702)
Start importing Assets/TheraBytes/BetterUI/Runtime/Scripts/BetterUiLayout/SizeModifiers/Vector2SizeModifier.cs using Guid(1c7584edc2d1cb244af2a7e72d018d56) Importer(2089858483,192608db42251d675da83286b1cce702) (ScriptedImporter) -> (artifact id: 'be98ed864cf5bf87b0f98122d49a6fec') in 0.0038202 seconds
Number of updated asset objects reloaded before import = 0Number of asset objects unloaded after import = 0

========================================================================
Received Import Request.
  Time since last request: 0.000035 seconds.
  path: Assets/TheraBytes/BetterUI/Editor/Scripts/Windows/AlignDistribute/AlignDistributeEnums.cs
  artifactKey: Guid(ccca3f157c0ccd846a44b77115ffcb11) Importer(2089858483,192608db42251d675da83286b1cce702)
Start importing Assets/TheraBytes/BetterUI/Editor/Scripts/Windows/AlignDistribute/AlignDistributeEnums.cs using Guid(ccca3f157c0ccd846a44b77115ffcb11) Importer(2089858483,192608db42251d675da83286b1cce702) (ScriptedImporter) -> (artifact id: '0a02599c1aeee2249735fc8342d78d35') in 0.0049454 seconds
Number of updated asset objects reloaded before import = 0Number of asset objects unloaded after import = 0

Editor requested this worker to shutdown with reason: Scaling down because of idle timeout
AssetImportWorker is now disconnected from the server
Process exiting
Exiting without the bug reporter. Application will terminate with return code 0